시도,구시군,선거종류,선거구코드,선거구명,당선인수,경계당선자,경계당선자득표,첫낙선자,첫낙선자득표,당선권경계표차,추가송부투표소수,공개투표소명수,확인된중단수,검토등급,해석제한,출처URL
강원특별자치도,강릉시,광역의원,5520301,강릉시제1선거구,1,박호균,13383,박갑용,12205,1178,0,0,0,검토,부족 투표소가 해당 선거구에 속하는지는 투표소명 또는 읍면동이 공개된 경우에만 별도 확인 필요,https://info.nec.go.kr/main/showDocument.xhtml?electionId=0020260603&topMenuId=VC&secondMenuId=VCCP08
강원특별자치도,강릉시,광역의원,5520302,강릉시제2선거구,1,김남희,12521,심오섭,12000,521,0,0,0,검토,부족 투표소가 해당 선거구에 속하는지는 투표소명 또는 읍면동이 공개된 경우에만 별도 확인 필요,https://info.nec.go.kr/main/showDocument.xhtml?electionId=0020260603&topMenuId=VC&secondMenuId=VCCP08
강원특별자치도,강릉시,광역의원,5520303,강릉시제3선거구,1,반태연,10652,김용래,9662,990,0,0,0,검토,부족 투표소가 해당 선거구에 속하는지는 투표소명 또는 읍면동이 공개된 경우에만 별도 확인 필요,https://info.nec.go.kr/main/showDocument.xhtml?electionId=0020260603&topMenuId=VC&secondMenuId=VCCP08
강원특별자치도,강릉시,광역의원,5520304,강릉시제4선거구,1,차주철,10686,고인규,10012,674,0,0,0,검토,부족 투표소가 해당 선거구에 속하는지는 투표소명 또는 읍면동이 공개된 경우에만 별도 확인 필요,https://info.nec.go.kr/main/showDocument.xhtml?electionId=0020260603&topMenuId=VC&secondMenuId=VCCP08
강원특별자치도,강릉시,광역의원,5520305,강릉시제5선거구,1,최승순,9892,김정래,9329,563,0,0,0,검토,부족 투표소가 해당 선거구에 속하는지는 투표소명 또는 읍면동이 공개된 경우에만 별도 확인 필요,https://info.nec.go.kr/main/showDocument.xhtml?electionId=0020260603&topMenuId=VC&secondMenuId=VCCP08
강원특별자치도,강릉시,기초의원,6520302,강릉시나선거구,2,함은선,3105,김은숙,2470,635,0,0,0,검토,부족 투표소가 해당 선거구에 속하는지는 투표소명 또는 읍면동이 공개된 경우에만 별도 확인 필요,https://info.nec.go.kr/main/showDocument.xhtml?electionId=0020260603&topMenuId=VC&secondMenuId=VCCP08
강원특별자치도,강릉시,기초의원,6520303,강릉시다선거구,3,유현민,4935,윤희주,3624,1311,0,0,0,검토,부족 투표소가 해당 선거구에 속하는지는 투표소명 또는 읍면동이 공개된 경우에만 별도 확인 필요,https://info.nec.go.kr/main/showDocument.xhtml?electionId=0020260603&topMenuId=VC&secondMenuId=VCCP08
강원특별자치도,강릉시,기초의원,6520304,강릉시라선거구,3,김홍수,4477,최현선,3565,912,0,0,0,검토,부족 투표소가 해당 선거구에 속하는지는 투표소명 또는 읍면동이 공개된 경우에만 별도 확인 필요,https://info.nec.go.kr/main/showDocument.xhtml?electionId=0020260603&topMenuId=VC&secondMenuId=VCCP08
강원특별자치도,강릉시,기초의원,6520305,강릉시마선거구,2,허병관,3604,정규민,2191,1413,0,0,0,검토,부족 투표소가 해당 선거구에 속하는지는 투표소명 또는 읍면동이 공개된 경우에만 별도 확인 필요,https://info.nec.go.kr/main/showDocument.xhtml?electionId=0020260603&topMenuId=VC&secondMenuId=VCCP08
강원특별자치도,강릉시,기초의원,6520306,강릉시바선거구,2,김태완,3317,김문섭,2302,1015,0,0,0,검토,부족 투표소가 해당 선거구에 속하는지는 투표소명 또는 읍면동이 공개된 경우에만 별도 확인 필요,https://info.nec.go.kr/main/showDocument.xhtml?electionId=0020260603&topMenuId=VC&secondMenuId=VCCP08
강원특별자치도,강릉시,기초의원,6520307,강릉시사선거구,3,박경난,4241,권순민,3384,857,0,0,0,검토,부족 투표소가 해당 선거구에 속하는지는 투표소명 또는 읍면동이 공개된 경우에만 별도 확인 필요,https://info.nec.go.kr/main/showDocument.xhtml?electionId=0020260603&topMenuId=VC&secondMenuId=VCCP08
강원특별자치도,고성군,광역의원,5520901,고성군선거구,1,이지영,6719,용광열,6578,141,0,0,0,우선검토,부족 투표소가 해당 선거구에 속하는지는 투표소명 또는 읍면동이 공개된 경우에만 별도 확인 필요,https://info.nec.go.kr/main/showDocument.xhtml?electionId=0020260603&topMenuId=VC&secondMenuId=VCCP08
강원특별자치도,고성군,기초의원,6520901,고성군가선거구,3,김봉룡,1544,장길현,1235,309,0,0,0,우선검토,부족 투표소가 해당 선거구에 속하는지는 투표소명 또는 읍면동이 공개된 경우에만 별도 확인 필요,https://info.nec.go.kr/main/showDocument.xhtml?electionId=0020260603&topMenuId=VC&secondMenuId=VCCP08
강원특별자치도,고성군,기초의원,6520902,고성군나선거구,3,김용주,965,최태욱,947,18,0,0,0,우선검토,부족 투표소가 해당 선거구에 속하는지는 투표소명 또는 읍면동이 공개된 경우에만 별도 확인 필요,https://info.nec.go.kr/main/showDocument.xhtml?electionId=0020260603&topMenuId=VC&secondMenuId=VCCP08
강원특별자치도,동해시,광역의원,5520401,동해시제1선거구,1,이동호,12089,안성준,9269,2820,0,0,0,참고,부족 투표소가 해당 선거구에 속하는지는 투표소명 또는 읍면동이 공개된 경우에만 별도 확인 필요,https://info.nec.go.kr/main/showDocument.xhtml?electionId=0020260603&topMenuId=VC&secondMenuId=VCCP08
강원특별자치도,동해시,광역의원,5520402,동해시제2선거구,1,정동수,12737,김형원,12032,705,0,0,0,검토,부족 투표소가 해당 선거구에 속하는지는 투표소명 또는 읍면동이 공개된 경우에만 별도 확인 필요,https://info.nec.go.kr/main/showDocument.xhtml?electionId=0020260603&topMenuId=VC&secondMenuId=VCCP08
강원특별자치도,동해시,기초의원,6520401,동해시가선거구,3,최이순,3226,김지은,3102,124,0,0,0,우선검토,부족 투표소가 해당 선거구에 속하는지는 투표소명 또는 읍면동이 공개된 경우에만 별도 확인 필요,https://info.nec.go.kr/main/showDocument.xhtml?electionId=0020260603&topMenuId=VC&secondMenuId=VCCP08
강원특별자치도,동해시,기초의원,6520402,동해시나선거구,4,전종규,3280,김향정,3092,188,0,0,0,우선검토,부족 투표소가 해당 선거구에 속하는지는 투표소명 또는 읍면동이 공개된 경우에만 별도 확인 필요,https://info.nec.go.kr/main/showDocument.xhtml?electionId=0020260603&topMenuId=VC&secondMenuId=VCCP08
강원특별자치도,삼척시,광역의원,5520501,삼척시제1선거구,1,조성운,10569,김혁준,9604,965,0,0,0,검토,부족 투표소가 해당 선거구에 속하는지는 투표소명 또는 읍면동이 공개된 경우에만 별도 확인 필요,https://info.nec.go.kr/main/showDocument.xhtml?electionId=0020260603&topMenuId=VC&secondMenuId=VCCP08
강원특별자치도,삼척시,광역의원,5520502,삼척시제2선거구,1,정연철,10804,최병석,5500,5304,0,0,0,참고,부족 투표소가 해당 선거구에 속하는지는 투표소명 또는 읍면동이 공개된 경우에만 별도 확인 필요,https://info.nec.go.kr/main/showDocument.xhtml?electionId=0020260603&topMenuId=VC&secondMenuId=VCCP08
강원특별자치도,삼척시,기초의원,6520501,삼척시가선거구,4,김희창,2830,김재구,2809,21,0,0,0,우선검토,부족 투표소가 해당 선거구에 속하는지는 투표소명 또는 읍면동이 공개된 경우에만 별도 확인 필요,https://info.nec.go.kr/main/showDocument.xhtml?electionId=0020260603&topMenuId=VC&secondMenuId=VCCP08
강원특별자치도,삼척시,기초의원,6520502,삼척시나선거구,3,김창수,3517,서종협,1762,1755,0,0,0,검토,부족 투표소가 해당 선거구에 속하는지는 투표소명 또는 읍면동이 공개된 경우에만 별도 확인 필요,https://info.nec.go.kr/main/showDocument.xhtml?electionId=0020260603&topMenuId=VC&secondMenuId=VCCP08
강원특별자치도,속초시,광역의원,5520801,속초시제1선거구,1,최종현,10458,유정수,8718,1740,0,0,0,검토,부족 투표소가 해당 선거구에 속하는지는 투표소명 또는 읍면동이 공개된 경우에만 별도 확인 필요,https://info.nec.go.kr/main/showDocument.xhtml?electionId=0020260603&topMenuId=VC&secondMenuId=VCCP08
강원특별자치도,속초시,광역의원,5520802,속초시제2선거구,1,강정호,13340,신선익,10588,2752,0,0,0,참고,부족 투표소가 해당 선거구에 속하는지는 투표소명 또는 읍면동이 공개된 경우에만 별도 확인 필요,https://info.nec.go.kr/main/showDocument.xhtml?electionId=0020260603&topMenuId=VC&secondMenuId=VCCP08
강원특별자치도,속초시,기초의원,6520801,속초시가선거구,3,권덕수,4163,남인영,2991,1172,0,0,0,검토,부족 투표소가 해당 선거구에 속하는지는 투표소명 또는 읍면동이 공개된 경우에만 별도 확인 필요,https://info.nec.go.kr/main/showDocument.xhtml?electionId=0020260603&topMenuId=VC&secondMenuId=VCCP08
강원특별자치도,속초시,기초의원,6520802,속초시나선거구,3,유인숙,4956,김용태,3845,1111,0,0,0,검토,부족 투표소가 해당 선거구에 속하는지는 투표소명 또는 읍면동이 공개된 경우에만 별도 확인 필요,https://info.nec.go.kr/main/showDocument.xhtml?electionId=0020260603&topMenuId=VC&secondMenuId=VCCP08
강원특별자치도,양구군,광역의원,5521701,양구군선거구,1,이병구,4977,곽원일,4342,635,0,0,0,검토,부족 투표소가 해당 선거구에 속하는지는 투표소명 또는 읍면동이 공개된 경우에만 별도 확인 필요,https://info.nec.go.kr/main/showDocument.xhtml?electionId=0020260603&topMenuId=VC&secondMenuId=VCCP08
강원특별자치도,양구군,기초의원,6521701,양구군가선거구,3,신철우,1666,이상철,904,762,0,0,0,검토,부족 투표소가 해당 선거구에 속하는지는 투표소명 또는 읍면동이 공개된 경우에만 별도 확인 필요,https://info.nec.go.kr/main/showDocument.xhtml?electionId=0020260603&topMenuId=VC&secondMenuId=VCCP08
강원특별자치도,양구군,기초의원,6521702,양구군나선거구,3,정귀수,1003,우동화,764,239,0,0,0,우선검토,부족 투표소가 해당 선거구에 속하는지는 투표소명 또는 읍면동이 공개된 경우에만 별도 확인 필요,https://info.nec.go.kr/main/showDocument.xhtml?electionId=0020260603&topMenuId=VC&secondMenuId=VCCP08
강원특별자치도,양양군,광역의원,5521001,양양군선거구,1,이종석,10107,김동진,6930,3177,0,0,0,참고,부족 투표소가 해당 선거구에 속하는지는 투표소명 또는 읍면동이 공개된 경우에만 별도 확인 필요,https://info.nec.go.kr/main/showDocument.xhtml?electionId=0020260603&topMenuId=VC&secondMenuId=VCCP08
강원특별자치도,양양군,기초의원,6521001,양양군가선거구,3,고정순,2463,이명숙,1928,535,0,0,0,검토,부족 투표소가 해당 선거구에 속하는지는 투표소명 또는 읍면동이 공개된 경우에만 별도 확인 필요,https://info.nec.go.kr/main/showDocument.xhtml?electionId=0020260603&topMenuId=VC&secondMenuId=VCCP08
강원특별자치도,양양군,기초의원,6521002,양양군나선거구,3,고교연,750,박동철,589,161,0,0,0,우선검토,부족 투표소가 해당 선거구에 속하는지는 투표소명 또는 읍면동이 공개된 경우에만 별도 확인 필요,https://info.nec.go.kr/main/showDocument.xhtml?electionId=0020260603&topMenuId=VC&secondMenuId=VCCP08
강원특별자치도,영월군,광역의원,5521401,영월군제1선거구,1,정대옥,6351,손경희,5341,1010,0,0,0,검토,부족 투표소가 해당 선거구에 속하는지는 투표소명 또는 읍면동이 공개된 경우에만 별도 확인 필요,https://info.nec.go.kr/main/showDocument.xhtml?electionId=0020260603&topMenuId=VC&secondMenuId=VCCP08
강원특별자치도,영월군,광역의원,5521402,영월군제2선거구,1,김학조,4765,유영일,4113,652,0,0,0,검토,부족 투표소가 해당 선거구에 속하는지는 투표소명 또는 읍면동이 공개된 경우에만 별도 확인 필요,https://info.nec.go.kr/main/showDocument.xhtml?electionId=0020260603&topMenuId=VC&secondMenuId=VCCP08
강원특별자치도,영월군,기초의원,6521401,영월군가선거구,3,김상태,2290,심재섭,1969,321,0,0,0,우선검토,부족 투표소가 해당 선거구에 속하는지는 투표소명 또는 읍면동이 공개된 경우에만 별도 확인 필요,https://info.nec.go.kr/main/showDocument.xhtml?electionId=0020260603&topMenuId=VC&secondMenuId=VCCP08
강원특별자치도,영월군,기초의원,6521402,영월군나선거구,3,신준용,2399,이정복,1658,741,0,0,0,검토,부족 투표소가 해당 선거구에 속하는지는 투표소명 또는 읍면동이 공개된 경우에만 별도 확인 필요,https://info.nec.go.kr/main/showDocument.xhtml?electionId=0020260603&topMenuId=VC&secondMenuId=VCCP08
강원특별자치도,원주시,광역의원,5520201,원주시제1선거구,1,박길선,5612,정재선,5356,256,0,0,0,우선검토,부족 투표소가 해당 선거구에 속하는지는 투표소명 또는 읍면동이 공개된 경우에만 별도 확인 필요,https://info.nec.go.kr/main/showDocument.xhtml?electionId=0020260603&topMenuId=VC&secondMenuId=VCCP08
강원특별자치도,원주시,광역의원,5520202,원주시제2선거구,1,용정순,11930,김희도,7221,4709,0,0,0,참고,부족 투표소가 해당 선거구에 속하는지는 투표소명 또는 읍면동이 공개된 경우에만 별도 확인 필요,https://info.nec.go.kr/main/showDocument.xhtml?electionId=0020260603&topMenuId=VC&secondMenuId=VCCP08
강원특별자치도,원주시,광역의원,5520203,원주시제3선거구,1,최재민,12136,권순성,10906,1230,0,0,0,검토,부족 투표소가 해당 선거구에 속하는지는 투표소명 또는 읍면동이 공개된 경우에만 별도 확인 필요,https://info.nec.go.kr/main/showDocument.xhtml?electionId=0020260603&topMenuId=VC&secondMenuId=VCCP08
강원특별자치도,원주시,광역의원,5520204,원주시제4선거구,1,정지욱,10867,김기홍,10456,411,0,0,0,우선검토,부족 투표소가 해당 선거구에 속하는지는 투표소명 또는 읍면동이 공개된 경우에만 별도 확인 필요,https://info.nec.go.kr/main/showDocument.xhtml?electionId=0020260603&topMenuId=VC&secondMenuId=VCCP08
강원특별자치도,원주시,광역의원,5520205,원주시제5선거구,1,박윤미,11277,최원병,7497,3780,0,0,0,참고,부족 투표소가 해당 선거구에 속하는지는 투표소명 또는 읍면동이 공개된 경우에만 별도 확인 필요,https://info.nec.go.kr/main/showDocument.xhtml?electionId=0020260603&topMenuId=VC&secondMenuId=VCCP08
강원특별자치도,원주시,광역의원,5520206,원주시제6선거구,1,하석균,11252,신재섭,10176,1076,0,0,0,검토,부족 투표소가 해당 선거구에 속하는지는 투표소명 또는 읍면동이 공개된 경우에만 별도 확인 필요,https://info.nec.go.kr/main/showDocument.xhtml?electionId=0020260603&topMenuId=VC&secondMenuId=VCCP08
강원특별자치도,원주시,광역의원,5520207,원주시제7선거구,1,조성호,11437,장민열,9198,2239,0,0,0,참고,부족 투표소가 해당 선거구에 속하는지는 투표소명 또는 읍면동이 공개된 경우에만 별도 확인 필요,https://info.nec.go.kr/main/showDocument.xhtml?electionId=0020260603&topMenuId=VC&secondMenuId=VCCP08
강원특별자치도,원주시,광역의원,5520208,원주시제8선거구,1,안정민,8829,배근형,5424,3405,0,0,0,참고,부족 투표소가 해당 선거구에 속하는지는 투표소명 또는 읍면동이 공개된 경우에만 별도 확인 필요,https://info.nec.go.kr/main/showDocument.xhtml?electionId=0020260603&topMenuId=VC&secondMenuId=VCCP08
강원특별자치도,원주시,광역의원,5520209,원주시제9선거구,1,전찬성,11196,류제용,6702,4494,0,0,0,참고,부족 투표소가 해당 선거구에 속하는지는 투표소명 또는 읍면동이 공개된 경우에만 별도 확인 필요,https://info.nec.go.kr/main/showDocument.xhtml?electionId=0020260603&topMenuId=VC&secondMenuId=VCCP08
강원특별자치도,원주시,광역의원,5520210,원주시제10선거구,1,곽문근,6095,이상종,4410,1685,0,0,0,검토,부족 투표소가 해당 선거구에 속하는지는 투표소명 또는 읍면동이 공개된 경우에만 별도 확인 필요,https://info.nec.go.kr/main/showDocument.xhtml?electionId=0020260603&topMenuId=VC&secondMenuId=VCCP08
강원특별자치도,원주시,기초의원,6520201,원주시가선거구,2,김치주,2822,김기병,1859,963,0,0,0,검토,부족 투표소가 해당 선거구에 속하는지는 투표소명 또는 읍면동이 공개된 경우에만 별도 확인 필요,https://info.nec.go.kr/main/showDocument.xhtml?electionId=0020260603&topMenuId=VC&secondMenuId=VCCP08
강원특별자치도,원주시,기초의원,6520202,원주시나선거구,2,김선동,6577,김경년,3817,2760,0,0,0,참고,부족 투표소가 해당 선거구에 속하는지는 투표소명 또는 읍면동이 공개된 경우에만 별도 확인 필요,https://info.nec.go.kr/main/showDocument.xhtml?electionId=0020260603&topMenuId=VC&secondMenuId=VCCP08
강원특별자치도,원주시,기초의원,6520203,원주시다선거구,3,손준기,4553,최재석,4082,471,0,0,0,우선검토,부족 투표소가 해당 선거구에 속하는지는 투표소명 또는 읍면동이 공개된 경우에만 별도 확인 필요,https://info.nec.go.kr/main/showDocument.xhtml?electionId=0020260603&topMenuId=VC&secondMenuId=VCCP08
강원특별자치도,원주시,기초의원,6520204,원주시라선거구,3,김지헌,4464,라윤선,2954,1510,0,0,0,검토,부족 투표소가 해당 선거구에 속하는지는 투표소명 또는 읍면동이 공개된 경우에만 별도 확인 필요,https://info.nec.go.kr/main/showDocument.xhtml?electionId=0020260603&topMenuId=VC&secondMenuId=VCCP08
강원특별자치도,원주시,기초의원,6520205,원주시마선거구,2,박웅,6758,문덕환,3739,3019,0,0,0,참고,부족 투표소가 해당 선거구에 속하는지는 투표소명 또는 읍면동이 공개된 경우에만 별도 확인 필요,https://info.nec.go.kr/main/showDocument.xhtml?electionId=0020260603&topMenuId=VC&secondMenuId=VCCP08
강원특별자치도,원주시,기초의원,6520206,원주시바선거구,3,원용대,4339,이숙은,3627,712,0,0,0,검토,부족 투표소가 해당 선거구에 속하는지는 투표소명 또는 읍면동이 공개된 경우에만 별도 확인 필요,https://info.nec.go.kr/main/showDocument.xhtml?electionId=0020260603&topMenuId=VC&secondMenuId=VCCP08
강원특별자치도,원주시,기초의원,6520207,원주시사선거구,2,차은숙,6741,이용철,4700,2041,0,0,0,참고,부족 투표소가 해당 선거구에 속하는지는 투표소명 또는 읍면동이 공개된 경우에만 별도 확인 필요,https://info.nec.go.kr/main/showDocument.xhtml?electionId=0020260603&topMenuId=VC&secondMenuId=VCCP08
강원특별자치도,원주시,기초의원,6520209,원주시자선거구,2,유오현,5371,이진,4912,459,0,0,0,우선검토,부족 투표소가 해당 선거구에 속하는지는 투표소명 또는 읍면동이 공개된 경우에만 별도 확인 필요,https://info.nec.go.kr/main/showDocument.xhtml?electionId=0020260603&topMenuId=VC&secondMenuId=VCCP08
강원특별자치도,원주시,기초의원,6520210,원주시차선거구,2,전미정,2807,김일기,1749,1058,0,0,0,검토,부족 투표소가 해당 선거구에 속하는지는 투표소명 또는 읍면동이 공개된 경우에만 별도 확인 필요,https://info.nec.go.kr/main/showDocument.xhtml?electionId=0020260603&topMenuId=VC&secondMenuId=VCCP08
강원특별자치도,인제군,광역의원,5521101,인제군선거구,1,김영진,7636,김영희,7043,593,0,0,0,검토,부족 투표소가 해당 선거구에 속하는지는 투표소명 또는 읍면동이 공개된 경우에만 별도 확인 필요,https://info.nec.go.kr/main/showDocument.xhtml?electionId=0020260603&topMenuId=VC&secondMenuId=VCCP08
강원특별자치도,인제군,기초의원,6521101,인제군가선거구,3,임문희,1891,김정식,1767,124,0,0,0,우선검토,부족 투표소가 해당 선거구에 속하는지는 투표소명 또는 읍면동이 공개된 경우에만 별도 확인 필요,https://info.nec.go.kr/main/showDocument.xhtml?electionId=0020260603&topMenuId=VC&secondMenuId=VCCP08
강원특별자치도,인제군,기초의원,6521102,인제군나선거구,3,이춘만,1124,김재규,955,169,0,0,0,우선검토,부족 투표소가 해당 선거구에 속하는지는 투표소명 또는 읍면동이 공개된 경우에만 별도 확인 필요,https://info.nec.go.kr/main/showDocument.xhtml?electionId=0020260603&topMenuId=VC&secondMenuId=VCCP08
강원특별자치도,정선군,광역의원,5520701,정선군선거구,1,김기철,11679,나일주,11135,544,0,0,0,검토,부족 투표소가 해당 선거구에 속하는지는 투표소명 또는 읍면동이 공개된 경우에만 별도 확인 필요,https://info.nec.go.kr/main/showDocument.xhtml?electionId=0020260603&topMenuId=VC&secondMenuId=VCCP08
강원특별자치도,정선군,기초의원,6520701,정선군가선거구,3,박종부,2496,안기태,2197,299,0,0,0,우선검토,부족 투표소가 해당 선거구에 속하는지는 투표소명 또는 읍면동이 공개된 경우에만 별도 확인 필요,https://info.nec.go.kr/main/showDocument.xhtml?electionId=0020260603&topMenuId=VC&secondMenuId=VCCP08
강원특별자치도,정선군,기초의원,6520702,정선군나선거구,3,유재철,1683,김종균,1649,34,0,0,0,우선검토,부족 투표소가 해당 선거구에 속하는지는 투표소명 또는 읍면동이 공개된 경우에만 별도 확인 필요,https://info.nec.go.kr/main/showDocument.xhtml?electionId=0020260603&topMenuId=VC&secondMenuId=VCCP08
강원특별자치도,철원군,광역의원,5521801,철원군제1선거구,1,한종문,6807,지형운,4078,2729,0,0,0,참고,부족 투표소가 해당 선거구에 속하는지는 투표소명 또는 읍면동이 공개된 경우에만 별도 확인 필요,https://info.nec.go.kr/main/showDocument.xhtml?electionId=0020260603&topMenuId=VC&secondMenuId=VCCP08
강원특별자치도,철원군,광역의원,5521802,철원군제2선거구,1,엄기성,6724,김호진,5672,1052,0,0,0,검토,부족 투표소가 해당 선거구에 속하는지는 투표소명 또는 읍면동이 공개된 경우에만 별도 확인 필요,https://info.nec.go.kr/main/showDocument.xhtml?electionId=0020260603&topMenuId=VC&secondMenuId=VCCP08
강원특별자치도,철원군,기초의원,6521801,철원군가선거구,3,강세용,2535,김영보,1349,1186,0,0,0,검토,부족 투표소가 해당 선거구에 속하는지는 투표소명 또는 읍면동이 공개된 경우에만 별도 확인 필요,https://info.nec.go.kr/main/showDocument.xhtml?electionId=0020260603&topMenuId=VC&secondMenuId=VCCP08
강원특별자치도,철원군,기초의원,6521802,철원군나선거구,3,박기준,2046,박구영,1887,159,0,0,0,우선검토,부족 투표소가 해당 선거구에 속하는지는 투표소명 또는 읍면동이 공개된 경우에만 별도 확인 필요,https://info.nec.go.kr/main/showDocument.xhtml?electionId=0020260603&topMenuId=VC&secondMenuId=VCCP08
강원특별자치도,춘천시,광역의원,5520101,춘천시제1선거구,1,윤지영,9449,한중일,8420,1029,0,0,0,검토,부족 투표소가 해당 선거구에 속하는지는 투표소명 또는 읍면동이 공개된 경우에만 별도 확인 필요,https://info.nec.go.kr/main/showDocument.xhtml?electionId=0020260603&topMenuId=VC&secondMenuId=VCCP08
강원특별자치도,춘천시,광역의원,5520102,춘천시제2선거구,1,이교선,10639,김희철,10089,550,0,0,0,검토,부족 투표소가 해당 선거구에 속하는지는 투표소명 또는 읍면동이 공개된 경우에만 별도 확인 필요,https://info.nec.go.kr/main/showDocument.xhtml?electionId=0020260603&topMenuId=VC&secondMenuId=VCCP08
강원특별자치도,춘천시,광역의원,5520103,춘천시제3선거구,1,박기영,11107,김양욱,10381,726,0,0,0,검토,부족 투표소가 해당 선거구에 속하는지는 투표소명 또는 읍면동이 공개된 경우에만 별도 확인 필요,https://info.nec.go.kr/main/showDocument.xhtml?electionId=0020260603&topMenuId=VC&secondMenuId=VCCP08
강원특별자치도,춘천시,광역의원,5520104,춘천시제4선거구,1,이승진,12000,이무철,11546,454,0,0,0,우선검토,부족 투표소가 해당 선거구에 속하는지는 투표소명 또는 읍면동이 공개된 경우에만 별도 확인 필요,https://info.nec.go.kr/main/showDocument.xhtml?electionId=0020260603&topMenuId=VC&secondMenuId=VCCP08
강원특별자치도,춘천시,광역의원,5520105,춘천시제5선거구,1,정재웅,12841,임미선,11149,1692,0,0,0,검토,부족 투표소가 해당 선거구에 속하는지는 투표소명 또는 읍면동이 공개된 경우에만 별도 확인 필요,https://info.nec.go.kr/main/showDocument.xhtml?electionId=0020260603&topMenuId=VC&secondMenuId=VCCP08
강원특별자치도,춘천시,광역의원,5520106,춘천시제6선거구,1,박재균,7667,양숙희,6985,682,0,0,0,검토,부족 투표소가 해당 선거구에 속하는지는 투표소명 또는 읍면동이 공개된 경우에만 별도 확인 필요,https://info.nec.go.kr/main/showDocument.xhtml?electionId=0020260603&topMenuId=VC&secondMenuId=VCCP08
강원특별자치도,춘천시,광역의원,5520107,춘천시제7선거구,1,남상규,8491,박찬흥,7917,574,0,0,0,검토,부족 투표소가 해당 선거구에 속하는지는 투표소명 또는 읍면동이 공개된 경우에만 별도 확인 필요,https://info.nec.go.kr/main/showDocument.xhtml?electionId=0020260603&topMenuId=VC&secondMenuId=VCCP08
강원특별자치도,춘천시,광역의원,5520108,춘천시제8선거구,1,김산,7069,박관희,5848,1221,0,0,0,검토,부족 투표소가 해당 선거구에 속하는지는 투표소명 또는 읍면동이 공개된 경우에만 별도 확인 필요,https://info.nec.go.kr/main/showDocument.xhtml?electionId=0020260603&topMenuId=VC&secondMenuId=VCCP08
강원특별자치도,춘천시,기초의원,6520101,춘천시가선거구,3,김보건,3780,박남수,2540,1240,0,0,0,검토,부족 투표소가 해당 선거구에 속하는지는 투표소명 또는 읍면동이 공개된 경우에만 별도 확인 필요,https://info.nec.go.kr/main/showDocument.xhtml?electionId=0020260603&topMenuId=VC&secondMenuId=VCCP08
강원특별자치도,춘천시,기초의원,6520102,춘천시나선거구,3,김남덕,3585,윤민권,2967,618,0,0,0,검토,부족 투표소가 해당 선거구에 속하는지는 투표소명 또는 읍면동이 공개된 경우에만 별도 확인 필요,https://info.nec.go.kr/main/showDocument.xhtml?electionId=0020260603&topMenuId=VC&secondMenuId=VCCP08
강원특별자치도,춘천시,기초의원,6520103,춘천시다선거구,3,김지숙,5189,조한승,3941,1248,0,0,0,검토,부족 투표소가 해당 선거구에 속하는지는 투표소명 또는 읍면동이 공개된 경우에만 별도 확인 필요,https://info.nec.go.kr/main/showDocument.xhtml?electionId=0020260603&topMenuId=VC&secondMenuId=VCCP08
강원특별자치도,춘천시,기초의원,6520104,춘천시라선거구,3,김운기,4299,남숙희,4036,263,0,0,0,우선검토,부족 투표소가 해당 선거구에 속하는지는 투표소명 또는 읍면동이 공개된 경우에만 별도 확인 필요,https://info.nec.go.kr/main/showDocument.xhtml?electionId=0020260603&topMenuId=VC&secondMenuId=VCCP08
강원특별자치도,춘천시,기초의원,6520105,춘천시마선거구,3,배숙경,3687,박순자,3613,74,0,0,0,우선검토,부족 투표소가 해당 선거구에 속하는지는 투표소명 또는 읍면동이 공개된 경우에만 별도 확인 필요,https://info.nec.go.kr/main/showDocument.xhtml?electionId=0020260603&topMenuId=VC&secondMenuId=VCCP08
강원특별자치도,춘천시,기초의원,6520106,춘천시바선거구,2,김경희,4895,권주상,3721,1174,0,0,0,검토,부족 투표소가 해당 선거구에 속하는지는 투표소명 또는 읍면동이 공개된 경우에만 별도 확인 필요,https://info.nec.go.kr/main/showDocument.xhtml?electionId=0020260603&topMenuId=VC&secondMenuId=VCCP08
강원특별자치도,춘천시,기초의원,6520108,춘천시아선거구,2,권준혁,3811,지승민,2204,1607,0,0,0,검토,부족 투표소가 해당 선거구에 속하는지는 투표소명 또는 읍면동이 공개된 경우에만 별도 확인 필요,https://info.nec.go.kr/main/showDocument.xhtml?electionId=0020260603&topMenuId=VC&secondMenuId=VCCP08
강원특별자치도,태백시,광역의원,5520601,태백시제1선거구,1,이한영,6537,최정섭,5135,1402,0,0,0,검토,부족 투표소가 해당 선거구에 속하는지는 투표소명 또는 읍면동이 공개된 경우에만 별도 확인 필요,https://info.nec.go.kr/main/showDocument.xhtml?electionId=0020260603&topMenuId=VC&secondMenuId=VCCP08
강원특별자치도,태백시,광역의원,5520602,태백시제2선거구,1,문관현,5744,위청준,4700,1044,0,0,0,검토,부족 투표소가 해당 선거구에 속하는지는 투표소명 또는 읍면동이 공개된 경우에만 별도 확인 필요,https://info.nec.go.kr/main/showDocument.xhtml?electionId=0020260603&topMenuId=VC&secondMenuId=VCCP08
강원특별자치도,태백시,기초의원,6520601,태백시가선거구,3,고재창,2572,길찬우,1991,581,0,0,0,검토,부족 투표소가 해당 선거구에 속하는지는 투표소명 또는 읍면동이 공개된 경우에만 별도 확인 필요,https://info.nec.go.kr/main/showDocument.xhtml?electionId=0020260603&topMenuId=VC&secondMenuId=VCCP08
강원특별자치도,태백시,기초의원,6520602,태백시나선거구,3,남궁증,1773,심창보,1442,331,0,0,0,우선검토,부족 투표소가 해당 선거구에 속하는지는 투표소명 또는 읍면동이 공개된 경우에만 별도 확인 필요,https://info.nec.go.kr/main/showDocument.xhtml?electionId=0020260603&topMenuId=VC&secondMenuId=VCCP08
강원특별자치도,평창군,광역의원,5521501,평창군제1선거구,1,이정균,6334,박희서,5552,782,0,0,0,검토,부족 투표소가 해당 선거구에 속하는지는 투표소명 또는 읍면동이 공개된 경우에만 별도 확인 필요,https://info.nec.go.kr/main/showDocument.xhtml?electionId=0020260603&topMenuId=VC&secondMenuId=VCCP08
강원특별자치도,평창군,광역의원,5521502,평창군제2선거구,1,최종수,7537,김동용,6248,1289,0,0,0,검토,부족 투표소가 해당 선거구에 속하는지는 투표소명 또는 읍면동이 공개된 경우에만 별도 확인 필요,https://info.nec.go.kr/main/showDocument.xhtml?electionId=0020260603&topMenuId=VC&secondMenuId=VCCP08
강원특별자치도,평창군,기초의원,6521501,평창군가선거구,3,김성기,2641,이은미,2056,585,0,0,0,검토,부족 투표소가 해당 선거구에 속하는지는 투표소명 또는 읍면동이 공개된 경우에만 별도 확인 필요,https://info.nec.go.kr/main/showDocument.xhtml?electionId=0020260603&topMenuId=VC&secondMenuId=VCCP08
강원특별자치도,평창군,기초의원,6521502,평창군나선거구,3,남진삼,2878,이명순,2870,8,0,0,0,우선검토,부족 투표소가 해당 선거구에 속하는지는 투표소명 또는 읍면동이 공개된 경우에만 별도 확인 필요,https://info.nec.go.kr/main/showDocument.xhtml?electionId=0020260603&topMenuId=VC&secondMenuId=VCCP08
강원특별자치도,홍천군,광역의원,5521201,홍천군제1선거구,1,이영욱,10874,권재혁,9891,983,0,0,0,검토,부족 투표소가 해당 선거구에 속하는지는 투표소명 또는 읍면동이 공개된 경우에만 별도 확인 필요,https://info.nec.go.kr/main/showDocument.xhtml?electionId=0020260603&topMenuId=VC&secondMenuId=VCCP08
강원특별자치도,홍천군,광역의원,5521202,홍천군제2선거구,1,홍성기,9632,나기호,7495,2137,0,0,0,참고,부족 투표소가 해당 선거구에 속하는지는 투표소명 또는 읍면동이 공개된 경우에만 별도 확인 필요,https://info.nec.go.kr/main/showDocument.xhtml?electionId=0020260603&topMenuId=VC&secondMenuId=VCCP08
강원특별자치도,홍천군,기초의원,6521201,홍천군가선거구,3,정관교,3338,백용길,2650,688,0,0,0,검토,부족 투표소가 해당 선거구에 속하는지는 투표소명 또는 읍면동이 공개된 경우에만 별도 확인 필요,https://info.nec.go.kr/main/showDocument.xhtml?electionId=0020260603&topMenuId=VC&secondMenuId=VCCP08
강원특별자치도,홍천군,기초의원,6521202,홍천군나선거구,2,용준순,3545,남궁석,2359,1186,0,0,0,검토,부족 투표소가 해당 선거구에 속하는지는 투표소명 또는 읍면동이 공개된 경우에만 별도 확인 필요,https://info.nec.go.kr/main/showDocument.xhtml?electionId=0020260603&topMenuId=VC&secondMenuId=VCCP08
강원특별자치도,홍천군,기초의원,6521203,홍천군다선거구,2,이영복,2364,박영록,1900,464,0,0,0,우선검토,부족 투표소가 해당 선거구에 속하는지는 투표소명 또는 읍면동이 공개된 경우에만 별도 확인 필요,https://info.nec.go.kr/main/showDocument.xhtml?electionId=0020260603&topMenuId=VC&secondMenuId=VCCP08
강원특별자치도,화천군,광역의원,5521601,화천군선거구,1,박대현,7264,조재규,6500,764,0,0,0,검토,부족 투표소가 해당 선거구에 속하는지는 투표소명 또는 읍면동이 공개된 경우에만 별도 확인 필요,https://info.nec.go.kr/main/showDocument.xhtml?electionId=0020260603&topMenuId=VC&secondMenuId=VCCP08
강원특별자치도,화천군,기초의원,6521601,화천군가선거구,3,조웅희,1120,노이업,911,209,0,0,0,우선검토,부족 투표소가 해당 선거구에 속하는지는 투표소명 또는 읍면동이 공개된 경우에만 별도 확인 필요,https://info.nec.go.kr/main/showDocument.xhtml?electionId=0020260603&topMenuId=VC&secondMenuId=VCCP08
강원특별자치도,화천군,기초의원,6521602,화천군나선거구,3,김명진,1345,임성규,1164,181,0,0,0,우선검토,부족 투표소가 해당 선거구에 속하는지는 투표소명 또는 읍면동이 공개된 경우에만 별도 확인 필요,https://info.nec.go.kr/main/showDocument.xhtml?electionId=0020260603&topMenuId=VC&secondMenuId=VCCP08
강원특별자치도,횡성군,광역의원,5521301,횡성군제1선거구,1,김세종,6514,김영래,5570,944,0,0,0,검토,부족 투표소가 해당 선거구에 속하는지는 투표소명 또는 읍면동이 공개된 경우에만 별도 확인 필요,https://info.nec.go.kr/main/showDocument.xhtml?electionId=0020260603&topMenuId=VC&secondMenuId=VCCP08
강원특별자치도,횡성군,광역의원,5521302,횡성군제2선거구,1,김영숙,5499,남홍순,4734,765,0,0,0,검토,부족 투표소가 해당 선거구에 속하는지는 투표소명 또는 읍면동이 공개된 경우에만 별도 확인 필요,https://info.nec.go.kr/main/showDocument.xhtml?electionId=0020260603&topMenuId=VC&secondMenuId=VCCP08
강원특별자치도,횡성군,기초의원,6521301,횡성군가선거구,3,박승남,3054,김은숙,3007,47,0,0,0,우선검토,부족 투표소가 해당 선거구에 속하는지는 투표소명 또는 읍면동이 공개된 경우에만 별도 확인 필요,https://info.nec.go.kr/main/showDocument.xhtml?electionId=0020260603&topMenuId=VC&secondMenuId=VCCP08
강원특별자치도,횡성군,기초의원,6521302,횡성군나선거구,3,손동수,1913,홍월표,1836,77,0,0,0,우선검토,부족 투표소가 해당 선거구에 속하는지는 투표소명 또는 읍면동이 공개된 경우에만 별도 확인 필요,https://info.nec.go.kr/main/showDocument.xhtml?electionId=0020260603&topMenuId=VC&secondMenuId=VCCP08
경기도,가평군,광역의원,5414401,가평군선거구,1,박영선,19070,박재현,14042,5028,0,0,0,참고,부족 투표소가 해당 선거구에 속하는지는 투표소명 또는 읍면동이 공개된 경우에만 별도 확인 필요,https://info.nec.go.kr/main/showDocument.xhtml?electionId=0020260603&topMenuId=VC&secondMenuId=VCCP08
경기도,가평군,기초의원,6414401,가평군가선거구,2,신현유,4461,최원중,1956,2505,0,0,0,참고,부족 투표소가 해당 선거구에 속하는지는 투표소명 또는 읍면동이 공개된 경우에만 별도 확인 필요,https://info.nec.go.kr/main/showDocument.xhtml?electionId=0020260603&topMenuId=VC&secondMenuId=VCCP08
경기도,가평군,기초의원,6414402,가평군나선거구,2,이오남,4469,조해승,2328,2141,0,0,0,참고,부족 투표소가 해당 선거구에 속하는지는 투표소명 또는 읍면동이 공개된 경우에만 별도 확인 필요,https://info.nec.go.kr/main/showDocument.xhtml?electionId=0020260603&topMenuId=VC&secondMenuId=VCCP08
경기도,가평군,기초의원,6414403,가평군다선거구,2,유재혁,3098,이진옥,1493,1605,0,0,0,검토,부족 투표소가 해당 선거구에 속하는지는 투표소명 또는 읍면동이 공개된 경우에만 별도 확인 필요,https://info.nec.go.kr/main/showDocument.xhtml?electionId=0020260603&topMenuId=VC&secondMenuId=VCCP08
경기도,고양시덕양구,광역의원,5412001,고양시제1선거구,1,임유진,25085,이다겸,16670,8415,0,0,0,참고,부족 투표소가 해당 선거구에 속하는지는 투표소명 또는 읍면동이 공개된 경우에만 별도 확인 필요,https://info.nec.go.kr/main/showDocument.xhtml?electionId=0020260603&topMenuId=VC&secondMenuId=VCCP08
경기도,고양시덕양구,광역의원,5412002,고양시제2선거구,1,변재석,31574,이인애,21903,9671,0,0,0,참고,부족 투표소가 해당 선거구에 속하는지는 투표소명 또는 읍면동이 공개된 경우에만 별도 확인 필요,https://info.nec.go.kr/main/showDocument.xhtml?electionId=0020260603&topMenuId=VC&secondMenuId=VCCP08
경기도,고양시덕양구,광역의원,5412003,고양시제3선거구,1,류기준,21161,여지현,14431,6730,0,0,0,참고,부족 투표소가 해당 선거구에 속하는지는 투표소명 또는 읍면동이 공개된 경우에만 별도 확인 필요,https://info.nec.go.kr/main/showDocument.xhtml?electionId=0020260603&topMenuId=VC&secondMenuId=VCCP08
경기도,고양시덕양구,광역의원,5412004,고양시제4선거구,1,최규진,23519,강주내,15447,8072,0,0,0,참고,부족 투표소가 해당 선거구에 속하는지는 투표소명 또는 읍면동이 공개된 경우에만 별도 확인 필요,https://info.nec.go.kr/main/showDocument.xhtml?electionId=0020260603&topMenuId=VC&secondMenuId=VCCP08
경기도,고양시덕양구,광역의원,5412005,고양시제5선거구,1,정연일,30352,이은직,17368,12984,0,0,0,참고,부족 투표소가 해당 선거구에 속하는지는 투표소명 또는 읍면동이 공개된 경우에만 별도 확인 필요,https://info.nec.go.kr/main/showDocument.xhtml?electionId=0020260603&topMenuId=VC&secondMenuId=VCCP08
경기도,고양시덕양구,광역의원,5412006,고양시제6선거구,1,송규근,31140,이준,18664,12476,0,0,0,참고,부족 투표소가 해당 선거구에 속하는지는 투표소명 또는 읍면동이 공개된 경우에만 별도 확인 필요,https://info.nec.go.kr/main/showDocument.xhtml?electionId=0020260603&topMenuId=VC&secondMenuId=VCCP08
경기도,고양시덕양구,기초의원,6412001,고양시가선거구,2,오영숙,14319,임홍열,8595,5724,0,0,0,참고,부족 투표소가 해당 선거구에 속하는지는 투표소명 또는 읍면동이 공개된 경우에만 별도 확인 필요,https://info.nec.go.kr/main/showDocument.xhtml?electionId=0020260603&topMenuId=VC&secondMenuId=VCCP08
경기도,고양시덕양구,기초의원,6412002,고양시나선거구,3,이종덕,7390,김영식,5463,1927,0,0,0,검토,부족 투표소가 해당 선거구에 속하는지는 투표소명 또는 읍면동이 공개된 경우에만 별도 확인 필요,https://info.nec.go.kr/main/showDocument.xhtml?electionId=0020260603&topMenuId=VC&secondMenuId=VCCP08
경기도,고양시덕양구,기초의원,6412003,고양시다선거구,2,김효금,12333,박기병,10285,2048,0,0,0,참고,부족 투표소가 해당 선거구에 속하는지는 투표소명 또는 읍면동이 공개된 경우에만 별도 확인 필요,https://info.nec.go.kr/main/showDocument.xhtml?electionId=0020260603&topMenuId=VC&secondMenuId=VCCP08
경기도,고양시덕양구,기초의원,6412004,고양시라선거구,2,장예선,13426,박종권,6706,6720,0,0,0,참고,부족 투표소가 해당 선거구에 속하는지는 투표소명 또는 읍면동이 공개된 경우에만 별도 확인 필요,https://info.nec.go.kr/main/showDocument.xhtml?electionId=0020260603&topMenuId=VC&secondMenuId=VCCP08
경기도,고양시덕양구,기초의원,6412005,고양시마선거구,3,송금희,7078,고부미,4392,2686,0,0,0,참고,부족 투표소가 해당 선거구에 속하는지는 투표소명 또는 읍면동이 공개된 경우에만 별도 확인 필요,https://info.nec.go.kr/main/showDocument.xhtml?electionId=0020260603&topMenuId=VC&secondMenuId=VCCP08
경기도,고양시덕양구,기초의원,6412006,고양시바선거구,3,김윤재,9850,고종국,3405,6445,0,0,0,참고,부족 투표소가 해당 선거구에 속하는지는 투표소명 또는 읍면동이 공개된 경우에만 별도 확인 필요,https://info.nec.go.kr/main/showDocument.xhtml?electionId=0020260603&topMenuId=VC&secondMenuId=VCCP08
경기도,고양시일산동구,광역의원,5412101,고양시제7선거구,1,김해련,23935,이호배,16767,7168,0,0,0,참고,부족 투표소가 해당 선거구에 속하는지는 투표소명 또는 읍면동이 공개된 경우에만 별도 확인 필요,https://info.nec.go.kr/main/showDocument.xhtml?electionId=0020260603&topMenuId=VC&secondMenuId=VCCP08
경기도,고양시일산동구,광역의원,5412102,고양시제8선거구,1,이성한,31425,정형배,21135,10290,0,0,0,참고,부족 투표소가 해당 선거구에 속하는지는 투표소명 또는 읍면동이 공개된 경우에만 별도 확인 필요,https://info.nec.go.kr/main/showDocument.xhtml?electionId=0020260603&topMenuId=VC&secondMenuId=VCCP08
경기도,고양시일산동구,광역의원,5412103,고양시제9선거구,1,이기대,25844,김수환,18563,7281,0,0,0,참고,부족 투표소가 해당 선거구에 속하는지는 투표소명 또는 읍면동이 공개된 경우에만 별도 확인 필요,https://info.nec.go.kr/main/showDocument.xhtml?electionId=0020260603&topMenuId=VC&secondMenuId=VCCP08
경기도,고양시일산동구,기초의원,6412101,고양시사선거구,2,공소자,15705,최신명,8423,7282,0,0,0,참고,부족 투표소가 해당 선거구에 속하는지는 투표소명 또는 읍면동이 공개된 경우에만 별도 확인 필요,https://info.nec.go.kr/main/showDocument.xhtml?electionId=0020260603&topMenuId=VC&secondMenuId=VCCP08
경기도,고양시일산동구,기초의원,6412102,고양시아선거구,3,손동숙,8091,이종미,8078,13,0,0,0,우선검토,부족 투표소가 해당 선거구에 속하는지는 투표소명 또는 읍면동이 공개된 경우에만 별도 확인 필요,https://info.nec.go.kr/main/showDocument.xhtml?electionId=0020260603&topMenuId=VC&secondMenuId=VCCP08
경기도,고양시일산서구,광역의원,5412201,고양시제10선거구,1,고은정,22184,조만정,13827,8357,0,0,0,참고,부족 투표소가 해당 선거구에 속하는지는 투표소명 또는 읍면동이 공개된 경우에만 별도 확인 필요,https://info.nec.go.kr/main/showDocument.xhtml?electionId=0020260603&topMenuId=VC&secondMenuId=VCCP08
경기도,고양시일산서구,광역의원,5412202,고양시제11선거구,1,김운남,35703,심홍순,25968,9735,0,0,0,참고,부족 투표소가 해당 선거구에 속하는지는 투표소명 또는 읍면동이 공개된 경우에만 별도 확인 필요,https://info.nec.go.kr/main/showDocument.xhtml?electionId=0020260603&topMenuId=VC&secondMenuId=VCCP08
경기도,고양시일산서구,광역의원,5412203,고양시제12선거구,1,이윤승,19489,김완규,14374,5115,0,0,0,참고,부족 투표소가 해당 선거구에 속하는지는 투표소명 또는 읍면동이 공개된 경우에만 별도 확인 필요,https://info.nec.go.kr/main/showDocument.xhtml?electionId=0020260603&topMenuId=VC&secondMenuId=VCCP08
경기도,고양시일산서구,기초의원,6412201,고양시차선거구,2,길종성,12092,배영민,5479,6613,0,0,0,참고,부족 투표소가 해당 선거구에 속하는지는 투표소명 또는 읍면동이 공개된 경우에만 별도 확인 필요,https://info.nec.go.kr/main/showDocument.xhtml?electionId=0020260603&topMenuId=VC&secondMenuId=VCCP08
경기도,고양시일산서구,기초의원,6412202,고양시카선거구,2,전희정,10380,김희섭,2060,8320,0,0,0,참고,부족 투표소가 해당 선거구에 속하는지는 투표소명 또는 읍면동이 공개된 경우에만 별도 확인 필요,https://info.nec.go.kr/main/showDocument.xhtml?electionId=0020260603&topMenuId=VC&secondMenuId=VCCP08
경기도,과천시,광역의원,5412301,과천시선거구,1,김현석,25571,박주리,21137,4434,0,0,0,참고,부족 투표소가 해당 선거구에 속하는지는 투표소명 또는 읍면동이 공개된 경우에만 별도 확인 필요,https://info.nec.go.kr/main/showDocument.xhtml?electionId=0020260603&topMenuId=VC&secondMenuId=VCCP08
경기도,과천시,기초의원,6412301,과천시가선거구,3,김동진,3295,정혜숙,2182,1113,0,0,0,검토,부족 투표소가 해당 선거구에 속하는지는 투표소명 또는 읍면동이 공개된 경우에만 별도 확인 필요,https://info.nec.go.kr/main/showDocument.xhtml?electionId=0020260603&topMenuId=VC&secondMenuId=VCCP08
경기도,과천시,기초의원,6412302,과천시나선거구,3,황선희,6528,임지웅,5785,743,0,0,0,검토,부족 투표소가 해당 선거구에 속하는지는 투표소명 또는 읍면동이 공개된 경우에만 별도 확인 필요,https://info.nec.go.kr/main/showDocument.xhtml?electionId=0020260603&topMenuId=VC&secondMenuId=VCCP08
경기도,광명시,광역의원,5411401,광명시제1선거구,1,심상록,30331,백종진,22322,8009,0,0,0,참고,부족 투표소가 해당 선거구에 속하는지는 투표소명 또는 읍면동이 공개된 경우에만 별도 확인 필요,https://info.nec.go.kr/main/showDocument.xhtml?electionId=0020260603&topMenuId=VC&secondMenuId=VCCP08
경기도,광명시,광역의원,5411402,광명시제2선거구,1,최민,22331,이근우,14764,7567,0,0,0,참고,부족 투표소가 해당 선거구에 속하는지는 투표소명 또는 읍면동이 공개된 경우에만 별도 확인 필요,https://info.nec.go.kr/main/showDocument.xhtml?electionId=0020260603&topMenuId=VC&secondMenuId=VCCP08
경기도,광명시,광역의원,5411403,광명시제3선거구,1,유종상,21355,이지석,15378,5977,0,0,0,참고,부족 투표소가 해당 선거구에 속하는지는 투표소명 또는 읍면동이 공개된 경우에만 별도 확인 필요,https://info.nec.go.kr/main/showDocument.xhtml?electionId=0020260603&topMenuId=VC&secondMenuId=VCCP08
경기도,광명시,광역의원,5411404,광명시제4선거구,1,김용성,24620,정정자,15628,8992,0,0,0,참고,부족 투표소가 해당 선거구에 속하는지는 투표소명 또는 읍면동이 공개된 경우에만 별도 확인 필요,https://info.nec.go.kr/main/showDocument.xhtml?electionId=0020260603&topMenuId=VC&secondMenuId=VCCP08
경기도,광명시,기초의원,6411401,광명시가선거구,3,박성민,10820,박덕수,6051,4769,0,0,0,참고,부족 투표소가 해당 선거구에 속하는지는 투표소명 또는 읍면동이 공개된 경우에만 별도 확인 필요,https://info.nec.go.kr/main/showDocument.xhtml?electionId=0020260603&topMenuId=VC&secondMenuId=VCCP08
경기도,광명시,기초의원,6411402,광명시나선거구,2,이승희,9724,김상겸,7927,1797,0,0,0,검토,부족 투표소가 해당 선거구에 속하는지는 투표소명 또는 읍면동이 공개된 경우에만 별도 확인 필요,https://info.nec.go.kr/main/showDocument.xhtml?electionId=0020260603&topMenuId=VC&secondMenuId=VCCP08
경기도,광명시,기초의원,6411403,광명시다선거구,2,최미정,12908,강찬호,9404,3504,0,0,0,참고,부족 투표소가 해당 선거구에 속하는지는 투표소명 또는 읍면동이 공개된 경우에만 별도 확인 필요,https://info.nec.go.kr/main/showDocument.xhtml?electionId=0020260603&topMenuId=VC&secondMenuId=VCCP08
경기도,광주시,광역의원,5414001,광주시제1선거구,1,최보라,23310,김동균,17245,6065,0,0,0,참고,부족 투표소가 해당 선거구에 속하는지는 투표소명 또는 읍면동이 공개된 경우에만 별도 확인 필요,https://info.nec.go.kr/main/showDocument.xhtml?electionId=0020260603&topMenuId=VC&secondMenuId=VCCP08
경기도,광주시,광역의원,5414002,광주시제2선거구,1,임창휘,32316,김민석,20625,11691,0,0,0,참고,부족 투표소가 해당 선거구에 속하는지는 투표소명 또는 읍면동이 공개된 경우에만 별도 확인 필요,https://info.nec.go.kr/main/showDocument.xhtml?electionId=0020260603&topMenuId=VC&secondMenuId=VCCP08
경기도,광주시,광역의원,5414003,광주시제3선거구,1,이자형,33106,오창준,21066,12040,0,0,0,참고,부족 투표소가 해당 선거구에 속하는지는 투표소명 또는 읍면동이 공개된 경우에만 별도 확인 필요,https://info.nec.go.kr/main/showDocument.xhtml?electionId=0020260603&topMenuId=VC&secondMenuId=VCCP08
경기도,광주시,광역의원,5414004,광주시제4선거구,1,김미경,21621,이주훈,17648,3973,0,0,0,참고,부족 투표소가 해당 선거구에 속하는지는 투표소명 또는 읍면동이 공개된 경우에만 별도 확인 필요,https://info.nec.go.kr/main/showDocument.xhtml?electionId=0020260603&topMenuId=VC&secondMenuId=VCCP08
경기도,광주시,기초의원,6414001,광주시가선거구,2,윤기서,14939,이경선,7814,7125,0,0,0,참고,부족 투표소가 해당 선거구에 속하는지는 투표소명 또는 읍면동이 공개된 경우에만 별도 확인 필요,https://info.nec.go.kr/main/showDocument.xhtml?electionId=0020260603&topMenuId=VC&secondMenuId=VCCP08
경기도,광주시,기초의원,6414002,광주시나선거구,3,이은채,9347,한대희,7221,2126,0,0,0,참고,부족 투표소가 해당 선거구에 속하는지는 투표소명 또는 읍면동이 공개된 경우에만 별도 확인 필요,https://info.nec.go.kr/main/showDocument.xhtml?electionId=0020260603&topMenuId=VC&secondMenuId=VCCP08
경기도,구리시,광역의원,5412501,구리시제1선거구,1,장승희,30719,백현종,24972,5747,0,0,0,참고,부족 투표소가 해당 선거구에 속하는지는 투표소명 또는 읍면동이 공개된 경우에만 별도 확인 필요,https://info.nec.go.kr/main/showDocument.xhtml?electionId=0020260603&topMenuId=VC&secondMenuId=VCCP08
경기도,구리시,광역의원,5412502,구리시제2선거구,1,임창열,23031,이은주,20713,2318,0,0,0,참고,부족 투표소가 해당 선거구에 속하는지는 투표소명 또는 읍면동이 공개된 경우에만 별도 확인 필요,https://info.nec.go.kr/main/showDocument.xhtml?electionId=0020260603&topMenuId=VC&secondMenuId=VCCP08
경기도,구리시,기초의원,6412501,구리시가선거구,4,장향숙,6199,김용현,5162,1037,0,0,0,검토,부족 투표소가 해당 선거구에 속하는지는 투표소명 또는 읍면동이 공개된 경우에만 별도 확인 필요,https://info.nec.go.kr/main/showDocument.xhtml?electionId=0020260603&topMenuId=VC&secondMenuId=VCCP08
경기도,구리시,기초의원,6412502,구리시나선거구,3,김성태,9880,진지성,6254,3626,0,0,0,참고,부족 투표소가 해당 선거구에 속하는지는 투표소명 또는 읍면동이 공개된 경우에만 별도 확인 필요,https://info.nec.go.kr/main/showDocument.xhtml?electionId=0020260603&topMenuId=VC&secondMenuId=VCCP08
경기도,군포시,광역의원,5413001,군포시제1선거구,1,성복임,18843,임현아,12530,6313,0,0,0,참고,부족 투표소가 해당 선거구에 속하는지는 투표소명 또는 읍면동이 공개된 경우에만 별도 확인 필요,https://info.nec.go.kr/main/showDocument.xhtml?electionId=0020260603&topMenuId=VC&secondMenuId=VCCP08
경기도,군포시,광역의원,5413002,군포시제2선거구,1,성기황,23121,김옥자,14800,8321,0,0,0,참고,부족 투표소가 해당 선거구에 속하는지는 투표소명 또는 읍면동이 공개된 경우에만 별도 확인 필요,https://info.nec.go.kr/main/showDocument.xhtml?electionId=0020260603&topMenuId=VC&secondMenuId=VCCP08
경기도,군포시,광역의원,5413003,군포시제3선거구,1,김미숙,22533,김예지,15525,7008,0,0,0,참고,부족 투표소가 해당 선거구에 속하는지는 투표소명 또는 읍면동이 공개된 경우에만 별도 확인 필요,https://info.nec.go.kr/main/showDocument.xhtml?electionId=0020260603&topMenuId=VC&secondMenuId=VCCP08
경기도,군포시,기초의원,6413001,군포시가선거구,2,장경민,12641,김용철,4356,8285,0,0,0,참고,부족 투표소가 해당 선거구에 속하는지는 투표소명 또는 읍면동이 공개된 경우에만 별도 확인 필요,https://info.nec.go.kr/main/showDocument.xhtml?electionId=0020260603&topMenuId=VC&secondMenuId=VCCP08
경기도,군포시,기초의원,6413002,군포시나선거구,2,박재신,11839,신금자,6569,5270,0,0,0,참고,부족 투표소가 해당 선거구에 속하는지는 투표소명 또는 읍면동이 공개된 경우에만 별도 확인 필요,https://info.nec.go.kr/main/showDocument.xhtml?electionId=0020260603&topMenuId=VC&secondMenuId=VCCP08
경기도,군포시,기초의원,6413003,군포시다선거구,2,이동한,13754,이호현,7619,6135,0,0,0,참고,부족 투표소가 해당 선거구에 속하는지는 투표소명 또는 읍면동이 공개된 경우에만 별도 확인 필요,https://info.nec.go.kr/main/showDocument.xhtml?electionId=0020260603&topMenuId=VC&secondMenuId=VCCP08
경기도,김포시,광역의원,5413901,김포시제1선거구,1,최명진,36705,홍원길,27636,9069,0,0,0,참고,부족 투표소가 해당 선거구에 속하는지는 투표소명 또는 읍면동이 공개된 경우에만 별도 확인 필요,https://info.nec.go.kr/main/showDocument.xhtml?electionId=0020260603&topMenuId=VC&secondMenuId=VCCP08
경기도,김포시,광역의원,5413902,김포시제2선거구,1,채신덕,28265,오세풍,19323,8942,0,0,0,참고,부족 투표소가 해당 선거구에 속하는지는 투표소명 또는 읍면동이 공개된 경우에만 별도 확인 필요,https://info.nec.go.kr/main/showDocument.xhtml?electionId=0020260603&topMenuId=VC&secondMenuId=VCCP08
경기도,김포시,광역의원,5413903,김포시제3선거구,1,신명순,32712,김시용,25483,7229,0,0,0,참고,부족 투표소가 해당 선거구에 속하는지는 투표소명 또는 읍면동이 공개된 경우에만 별도 확인 필요,https://info.nec.go.kr/main/showDocument.xhtml?electionId=0020260603&topMenuId=VC&secondMenuId=VCCP08
경기도,김포시,광역의원,5413904,김포시제4선거구,1,김철환,34750,박상우,21897,12853,0,0,0,참고,부족 투표소가 해당 선거구에 속하는지는 투표소명 또는 읍면동이 공개된 경우에만 별도 확인 필요,https://info.nec.go.kr/main/showDocument.xhtml?electionId=0020260603&topMenuId=VC&secondMenuId=VCCP08
경기도,김포시,기초의원,6413901,김포시가선거구,3,진병삼,11900,정나라,6670,5230,0,0,0,참고,부족 투표소가 해당 선거구에 속하는지는 투표소명 또는 읍면동이 공개된 경우에만 별도 확인 필요,https://info.nec.go.kr/main/showDocument.xhtml?electionId=0020260603&topMenuId=VC&secondMenuId=VCCP08
경기도,김포시,기초의원,6413902,김포시나선거구,3,황성석,11274,황태진,5116,6158,0,0,0,참고,부족 투표소가 해당 선거구에 속하는지는 투표소명 또는 읍면동이 공개된 경우에만 별도 확인 필요,https://info.nec.go.kr/main/showDocument.xhtml?electionId=0020260603&topMenuId=VC&secondMenuId=VCCP08
경기도,김포시,기초의원,6413903,김포시다선거구,3,유매희,10759,한종우,8284,2475,0,0,0,참고,부족 투표소가 해당 선거구에 속하는지는 투표소명 또는 읍면동이 공개된 경우에만 별도 확인 필요,https://info.nec.go.kr/main/showDocument.xhtml?electionId=0020260603&topMenuId=VC&secondMenuId=VCCP08
경기도,김포시,기초의원,6413904,김포시라선거구,3,김현주,10835,유영숙,7472,3363,0,0,0,참고,부족 투표소가 해당 선거구에 속하는지는 투표소명 또는 읍면동이 공개된 경우에만 별도 확인 필요,https://info.nec.go.kr/main/showDocument.xhtml?electionId=0020260603&topMenuId=VC&secondMenuId=VCCP08
경기도,남양주시,광역의원,5412601,남양주시제1선거구,1,이건희,31313,이석균,21781,9532,0,0,0,참고,부족 투표소가 해당 선거구에 속하는지는 투표소명 또는 읍면동이 공개된 경우에만 별도 확인 필요,https://info.nec.go.kr/main/showDocument.xhtml?electionId=0020260603&topMenuId=VC&secondMenuId=VCCP08
경기도,남양주시,광역의원,5412602,남양주시제2선거구,1,유병수,27366,김미리,17334,10032,0,0,0,참고,부족 투표소가 해당 선거구에 속하는지는 투표소명 또는 읍면동이 공개된 경우에만 별도 확인 필요,https://info.nec.go.kr/main/showDocument.xhtml?electionId=0020260603&topMenuId=VC&secondMenuId=VCCP08
경기도,남양주시,광역의원,5412603,남양주시제3선거구,1,김승기,25520,김지훈,16840,8680,0,0,0,참고,부족 투표소가 해당 선거구에 속하는지는 투표소명 또는 읍면동이 공개된 경우에만 별도 확인 필요,https://info.nec.go.kr/main/showDocument.xhtml?electionId=0020260603&topMenuId=VC&secondMenuId=VCCP08
경기도,남양주시,광역의원,5412604,남양주시제4선거구,1,이대한,14614,이재형,8347,6267,0,0,0,참고,부족 투표소가 해당 선거구에 속하는지는 투표소명 또는 읍면동이 공개된 경우에만 별도 확인 필요,https://info.nec.go.kr/main/showDocument.xhtml?electionId=0020260603&topMenuId=VC&secondMenuId=VCCP08
경기도,남양주시,광역의원,5412605,남양주시제5선거구,1,김창식,29331,류상근,19567,9764,0,0,0,참고,부족 투표소가 해당 선거구에 속하는지는 투표소명 또는 읍면동이 공개된 경우에만 별도 확인 필요,https://info.nec.go.kr/main/showDocument.xhtml?electionId=0020260603&topMenuId=VC&secondMenuId=VCCP08
경기도,남양주시,광역의원,5412606,남양주시제6선거구,1,유호준,31215,나성주,19684,11531,0,0,0,참고,부족 투표소가 해당 선거구에 속하는지는 투표소명 또는 읍면동이 공개된 경우에만 별도 확인 필요,https://info.nec.go.kr/main/showDocument.xhtml?electionId=0020260603&topMenuId=VC&secondMenuId=VCCP08
경기도,남양주시,광역의원,5412607,남양주시제7선거구,1,장송회,24158,조희영,19094,5064,0,0,0,참고,부족 투표소가 해당 선거구에 속하는지는 투표소명 또는 읍면동이 공개된 경우에만 별도 확인 필요,https://info.nec.go.kr/main/showDocument.xhtml?electionId=0020260603&topMenuId=VC&secondMenuId=VCCP08
경기도,남양주시,광역의원,5412608,남양주시제8선거구,1,정현미,23146,이병길,19733,3413,0,0,0,참고,부족 투표소가 해당 선거구에 속하는지는 투표소명 또는 읍면동이 공개된 경우에만 별도 확인 필요,https://info.nec.go.kr/main/showDocument.xhtml?electionId=0020260603&topMenuId=VC&secondMenuId=VCCP08
경기도,남양주시,기초의원,6412601,남양주시가선거구,3,이영환,9057,윤영섭,6983,2074,0,0,0,참고,부족 투표소가 해당 선거구에 속하는지는 투표소명 또는 읍면동이 공개된 경우에만 별도 확인 필요,https://info.nec.go.kr/main/showDocument.xhtml?electionId=0020260603&topMenuId=VC&secondMenuId=VCCP08
경기도,남양주시,기초의원,6412602,남양주시나선거구,2,한근수,16442,오승환,9164,7278,0,0,0,참고,부족 투표소가 해당 선거구에 속하는지는 투표소명 또는 읍면동이 공개된 경우에만 별도 확인 필요,https://info.nec.go.kr/main/showDocument.xhtml?electionId=0020260603&topMenuId=VC&secondMenuId=VCCP08
경기도,남양주시,기초의원,6412603,남양주시다선거구,2,김희성,14717,이수련,9595,5122,0,0,0,참고,부족 투표소가 해당 선거구에 속하는지는 투표소명 또는 읍면동이 공개된 경우에만 별도 확인 필요,https://info.nec.go.kr/main/showDocument.xhtml?electionId=0020260603&topMenuId=VC&secondMenuId=VCCP08
경기도,남양주시,기초의원,6412604,남양주시라선거구,2,백선아,8034,이정애,4542,3492,0,0,0,참고,부족 투표소가 해당 선거구에 속하는지는 투표소명 또는 읍면동이 공개된 경우에만 별도 확인 필요,https://info.nec.go.kr/main/showDocument.xhtml?electionId=0020260603&topMenuId=VC&secondMenuId=VCCP08
경기도,남양주시,기초의원,6412605,남양주시마선거구,2,김동훈,17506,김상수,10911,6595,0,0,0,참고,부족 투표소가 해당 선거구에 속하는지는 투표소명 또는 읍면동이 공개된 경우에만 별도 확인 필요,https://info.nec.go.kr/main/showDocument.xhtml?electionId=0020260603&topMenuId=VC&secondMenuId=VCCP08
경기도,남양주시,기초의원,6412606,남양주시바선거구,3,이진환,19122,윤미숙,698,18424,0,0,0,참고,부족 투표소가 해당 선거구에 속하는지는 투표소명 또는 읍면동이 공개된 경우에만 별도 확인 필요,https://info.nec.go.kr/main/showDocument.xhtml?electionId=0020260603&topMenuId=VC&secondMenuId=VCCP08
경기도,남양주시,기초의원,6412607,남양주시사선거구,5,박경원,5177,서동광,4389,788,0,0,0,검토,부족 투표소가 해당 선거구에 속하는지는 투표소명 또는 읍면동이 공개된 경우에만 별도 확인 필요,https://info.nec.go.kr/main/showDocument.xhtml?electionId=0020260603&topMenuId=VC&secondMenuId=VCCP08
경기도,동두천시,광역의원,5411701,동두천시제1선거구,1,안시현,10551,홍석우,9394,1157,0,0,0,검토,부족 투표소가 해당 선거구에 속하는지는 투표소명 또는 읍면동이 공개된 경우에만 별도 확인 필요,https://info.nec.go.kr/main/showDocument.xhtml?electionId=0020260603&topMenuId=VC&secondMenuId=VCCP08
경기도,동두천시,광역의원,5411702,동두천시제2선거구,1,심동용,11476,임상오,11131,345,0,0,0,우선검토,부족 투표소가 해당 선거구에 속하는지는 투표소명 또는 읍면동이 공개된 경우에만 별도 확인 필요,https://info.nec.go.kr/main/showDocument.xhtml?electionId=0020260603&topMenuId=VC&secondMenuId=VCCP08
경기도,동두천시,기초의원,6411701,동두천시가선거구,3,이은경,4003,김동원,3078,925,0,0,0,검토,부족 투표소가 해당 선거구에 속하는지는 투표소명 또는 읍면동이 공개된 경우에만 별도 확인 필요,https://info.nec.go.kr/main/showDocument.xhtml?electionId=0020260603&topMenuId=VC&secondMenuId=VCCP08
경기도,동두천시,기초의원,6411702,동두천시나선거구,3,임현숙,3839,권영기,3455,384,0,0,0,우선검토,부족 투표소가 해당 선거구에 속하는지는 투표소명 또는 읍면동이 공개된 경우에만 별도 확인 필요,https://info.nec.go.kr/main/showDocument.xhtml?electionId=0020260603&topMenuId=VC&secondMenuId=VCCP08
경기도,부천시소사구,광역의원,5415101,부천시제5선거구,1,최성운,22031,김부미,14835,7196,0,0,0,참고,부족 투표소가 해당 선거구에 속하는지는 투표소명 또는 읍면동이 공개된 경우에만 별도 확인 필요,https://info.nec.go.kr/main/showDocument.xhtml?electionId=0020260603&topMenuId=VC&secondMenuId=VCCP08
경기도,부천시소사구,광역의원,5415102,부천시제6선거구,1,김동희,32222,이희용,18085,14137,0,0,0,참고,부족 투표소가 해당 선거구에 속하는지는 투표소명 또는 읍면동이 공개된 경우에만 별도 확인 필요,https://info.nec.go.kr/main/showDocument.xhtml?electionId=0020260603&topMenuId=VC&secondMenuId=VCCP08
경기도,부천시소사구,광역의원,5415103,부천시제8선거구,1,박순희,29364,황계호,18061,11303,0,0,0,참고,부족 투표소가 해당 선거구에 속하는지는 투표소명 또는 읍면동이 공개된 경우에만 별도 확인 필요,https://info.nec.go.kr/main/showDocument.xhtml?electionId=0020260603&topMenuId=VC&secondMenuId=VCCP08
경기도,부천시소사구,기초의원,6415101,부천시바선거구,2,김영규,13060,정창곤,3405,9655,0,0,0,참고,부족 투표소가 해당 선거구에 속하는지는 투표소명 또는 읍면동이 공개된 경우에만 별도 확인 필요,https://info.nec.go.kr/main/showDocument.xhtml?electionId=0020260603&topMenuId=VC&secondMenuId=VCCP08
경기도,부천시소사구,기초의원,6415102,부천시사선거구,3,이준영,11208,윤병권,4299,6909,0,0,0,참고,부족 투표소가 해당 선거구에 속하는지는 투표소명 또는 읍면동이 공개된 경우에만 별도 확인 필요,https://info.nec.go.kr/main/showDocument.xhtml?electionId=0020260603&topMenuId=VC&secondMenuId=VCCP08
경기도,부천시소사구,기초의원,6415103,부천시자선거구,3,조선미,11311,최옥순,3779,7532,0,0,0,참고,부족 투표소가 해당 선거구에 속하는지는 투표소명 또는 읍면동이 공개된 경우에만 별도 확인 필요,https://info.nec.go.kr/main/showDocument.xhtml?electionId=0020260603&topMenuId=VC&secondMenuId=VCCP08
경기도,부천시오정구,광역의원,5415202,부천시제7선거구,1,유경현,22095,이학환,13411,8684,0,0,0,참고,부족 투표소가 해당 선거구에 속하는지는 투표소명 또는 읍면동이 공개된 경우에만 별도 확인 필요,https://info.nec.go.kr/main/showDocument.xhtml?electionId=0020260603&topMenuId=VC&secondMenuId=VCCP08
경기도,부천시오정구,기초의원,6415201,부천시나선거구,2,임숙희,10714,권유경,7483,3231,0,0,0,참고,부족 투표소가 해당 선거구에 속하는지는 투표소명 또는 읍면동이 공개된 경우에만 별도 확인 필요,https://info.nec.go.kr/main/showDocument.xhtml?electionId=0020260603&topMenuId=VC&secondMenuId=VCCP08
경기도,부천시오정구,기초의원,6415202,부천시아선거구,2,노근호,11665,최은경,7048,4617,0,0,0,참고,부족 투표소가 해당 선거구에 속하는지는 투표소명 또는 읍면동이 공개된 경우에만 별도 확인 필요,https://info.nec.go.kr/main/showDocument.xhtml?electionId=0020260603&topMenuId=VC&secondMenuId=VCCP08
경기도,부천시원미구,광역의원,5415001,부천시제1선거구,1,이선구,28711,장호영,18288,10423,0,0,0,참고,부족 투표소가 해당 선거구에 속하는지는 투표소명 또는 읍면동이 공개된 경우에만 별도 확인 필요,https://info.nec.go.kr/main/showDocument.xhtml?electionId=0020260603&topMenuId=VC&secondMenuId=VCCP08
경기도,부천시원미구,광역의원,5415002,부천시제3선거구,1,이재영,38782,박민석,23800,14982,0,0,0,참고,부족 투표소가 해당 선거구에 속하는지는 투표소명 또는 읍면동이 공개된 경우에만 별도 확인 필요,https://info.nec.go.kr/main/showDocument.xhtml?electionId=0020260603&topMenuId=VC&secondMenuId=VCCP08
경기도,부천시원미구,광역의원,5415003,부천시제4선거구,1,명성숙,35762,예승현,25230,10532,0,0,0,참고,부족 투표소가 해당 선거구에 속하는지는 투표소명 또는 읍면동이 공개된 경우에만 별도 확인 필요,https://info.nec.go.kr/main/showDocument.xhtml?electionId=0020260603&topMenuId=VC&secondMenuId=VCCP08
경기도,부천시원미구,기초의원,6415001,부천시가선거구,3,나슬기,8203,최초은,5822,2381,0,0,0,참고,부족 투표소가 해당 선거구에 속하는지는 투표소명 또는 읍면동이 공개된 경우에만 별도 확인 필요,https://info.nec.go.kr/main/showDocument.xhtml?electionId=0020260603&topMenuId=VC&secondMenuId=VCCP08
경기도,부천시원미구,기초의원,6415002,부천시다선거구,2,김미자,11632,임은분,5560,6072,0,0,0,참고,부족 투표소가 해당 선거구에 속하는지는 투표소명 또는 읍면동이 공개된 경우에만 별도 확인 필요,https://info.nec.go.kr/main/showDocument.xhtml?electionId=0020260603&topMenuId=VC&secondMenuId=VCCP08
경기도,부천시원미구,기초의원,6415003,부천시라선거구,2,김건,10593,박찬희,7473,3120,0,0,0,참고,부족 투표소가 해당 선거구에 속하는지는 투표소명 또는 읍면동이 공개된 경우에만 별도 확인 필요,https://info.nec.go.kr/main/showDocument.xhtml?electionId=0020260603&topMenuId=VC&secondMenuId=VCCP08
경기도,부천시원미구,기초의원,6415004,부천시마선거구,3,장해영,13340,이종문,5114,8226,0,0,0,참고,부족 투표소가 해당 선거구에 속하는지는 투표소명 또는 읍면동이 공개된 경우에만 별도 확인 필요,https://info.nec.go.kr/main/showDocument.xhtml?electionId=0020260603&topMenuId=VC&secondMenuId=VCCP08
경기도,성남시분당구,광역의원,5410701,성남시제5선거구,1,방성환,33947,유민아,31748,2199,0,0,0,참고,부족 투표소가 해당 선거구에 속하는지는 투표소명 또는 읍면동이 공개된 경우에만 별도 확인 필요,https://info.nec.go.kr/main/showDocument.xhtml?electionId=0020260603&topMenuId=VC&secondMenuId=VCCP08
경기도,성남시분당구,광역의원,5410702,성남시제6선거구,1,김진명,37787,송경택,37088,699,0,0,0,검토,부족 투표소가 해당 선거구에 속하는지는 투표소명 또는 읍면동이 공개된 경우에만 별도 확인 필요,https://info.nec.go.kr/main/showDocument.xhtml?electionId=0020260603&topMenuId=VC&secondMenuId=VCCP08
경기도,성남시분당구,광역의원,5410703,성남시제7선거구,1,정종혁,26727,안계일,26642,85,0,0,0,우선검토,부족 투표소가 해당 선거구에 속하는지는 투표소명 또는 읍면동이 공개된 경우에만 별도 확인 필요,https://info.nec.go.kr/main/showDocument.xhtml?electionId=0020260603&topMenuId=VC&secondMenuId=VCCP08
경기도,성남시분당구,광역의원,5410704,성남시제8선거구,1,정용한,34664,이창임,28717,5947,0,0,0,참고,부족 투표소가 해당 선거구에 속하는지는 투표소명 또는 읍면동이 공개된 경우에만 별도 확인 필요,https://info.nec.go.kr/main/showDocument.xhtml?electionId=0020260603&topMenuId=VC&secondMenuId=VCCP08
경기도,성남시분당구,기초의원,6410701,성남시바선거구,2,김소희,14644,박종각,3550,11094,0,0,0,참고,부족 투표소가 해당 선거구에 속하는지는 투표소명 또는 읍면동이 공개된 경우에만 별도 확인 필요,https://info.nec.go.kr/main/showDocument.xhtml?electionId=0020260603&topMenuId=VC&secondMenuId=VCCP08
경기도,성남시분당구,기초의원,6410705,성남시차선거구,3,최종성,10243,서희경,7198,3045,0,0,0,참고,부족 투표소가 해당 선거구에 속하는지는 투표소명 또는 읍면동이 공개된 경우에만 별도 확인 필요,https://info.nec.go.kr/main/showDocument.xhtml?electionId=0020260603&topMenuId=VC&secondMenuId=VCCP08
경기도,성남시분당구,기초의원,6410707,성남시타선거구,2,장정현,14491,김영발,1933,12558,0,0,0,참고,부족 투표소가 해당 선거구에 속하는지는 투표소명 또는 읍면동이 공개된 경우에만 별도 확인 필요,https://info.nec.go.kr/main/showDocument.xhtml?electionId=0020260603&topMenuId=VC&secondMenuId=VCCP08
경기도,성남시수정구,광역의원,5410501,성남시제1선거구,1,문승호,36179,김쌍기,24320,11859,0,0,0,참고,부족 투표소가 해당 선거구에 속하는지는 투표소명 또는 읍면동이 공개된 경우에만 별도 확인 필요,https://info.nec.go.kr/main/showDocument.xhtml?electionId=0020260603&topMenuId=VC&secondMenuId=VCCP08
경기도,성남시수정구,광역의원,5410502,성남시제2선거구,1,최만식,37349,박창순,26233,11116,0,0,0,참고,부족 투표소가 해당 선거구에 속하는지는 투표소명 또는 읍면동이 공개된 경우에만 별도 확인 필요,https://info.nec.go.kr/main/showDocument.xhtml?electionId=0020260603&topMenuId=VC&secondMenuId=VCCP08
경기도,성남시수정구,기초의원,6410501,성남시가선거구,3,이군수,9767,현지환,1401,8366,0,0,0,참고,부족 투표소가 해당 선거구에 속하는지는 투표소명 또는 읍면동이 공개된 경우에만 별도 확인 필요,https://info.nec.go.kr/main/showDocument.xhtml?electionId=0020260603&topMenuId=VC&secondMenuId=VCCP08
경기도,성남시중원구,광역의원,5410601,성남시제3선거구,1,전석훈,36094,모성민,22658,13436,0,0,0,참고,부족 투표소가 해당 선거구에 속하는지는 투표소명 또는 읍면동이 공개된 경우에만 별도 확인 필요,https://info.nec.go.kr/main/showDocument.xhtml?electionId=0020260603&topMenuId=VC&secondMenuId=VCCP08
경기도,성남시중원구,광역의원,5410602,성남시제4선거구,1,국중범,28188,이승진,18815,9373,0,0,0,참고,부족 투표소가 해당 선거구에 속하는지는 투표소명 또는 읍면동이 공개된 경우에만 별도 확인 필요,https://info.nec.go.kr/main/showDocument.xhtml?electionId=0020260603&topMenuId=VC&secondMenuId=VCCP08
경기도,성남시중원구,기초의원,6410601,성남시라선거구,3,윤혜선,14398,황금석,5877,8521,0,0,0,참고,부족 투표소가 해당 선거구에 속하는지는 투표소명 또는 읍면동이 공개된 경우에만 별도 확인 필요,https://info.nec.go.kr/main/showDocument.xhtml?electionId=0020260603&topMenuId=VC&secondMenuId=VCCP08
경기도,성남시중원구,기초의원,6410602,성남시마선거구,3,조우현,8767,신옥희,4738,4029,0,0,0,참고,부족 투표소가 해당 선거구에 속하는지는 투표소명 또는 읍면동이 공개된 경우에만 별도 확인 필요,https://info.nec.go.kr/main/showDocument.xhtml?electionId=0020260603&topMenuId=VC&secondMenuId=VCCP08
경기도,수원시권선구,광역의원,5410201,수원시제3선거구,1,한운옥,33876,손민아,25361,8515,0,0,0,참고,부족 투표소가 해당 선거구에 속하는지는 투표소명 또는 읍면동이 공개된 경우에만 별도 확인 필요,https://info.nec.go.kr/main/showDocument.xhtml?electionId=0020260603&topMenuId=VC&secondMenuId=VCCP08
경기도,수원시권선구,광역의원,5410202,수원시제4선거구,1,장한별,38036,조정근,22537,15499,0,0,0,참고,부족 투표소가 해당 선거구에 속하는지는 투표소명 또는 읍면동이 공개된 경우에만 별도 확인 필요,https://info.nec.go.kr/main/showDocument.xhtml?electionId=0020260603&topMenuId=VC&secondMenuId=VCCP08
경기도,수원시권선구,광역의원,5410203,수원시제10선거구,1,조명자,14964,이애형,13199,1765,0,0,0,검토,부족 투표소가 해당 선거구에 속하는지는 투표소명 또는 읍면동이 공개된 경우에만 별도 확인 필요,https://info.nec.go.kr/main/showDocument.xhtml?electionId=0020260603&topMenuId=VC&secondMenuId=VCCP08
경기도,수원시권선구,광역의원,5410204,수원시제11선거구,1,장정희,23529,한광희,16450,7079,0,0,0,참고,부족 투표소가 해당 선거구에 속하는지는 투표소명 또는 읍면동이 공개된 경우에만 별도 확인 필요,https://info.nec.go.kr/main/showDocument.xhtml?electionId=0020260603&topMenuId=VC&secondMenuId=VCCP08
경기도,수원시권선구,기초의원,6410202,수원시마선거구,4,조미옥,6737,박현수,4500,2237,0,0,0,참고,부족 투표소가 해당 선거구에 속하는지는 투표소명 또는 읍면동이 공개된 경우에만 별도 확인 필요,https://info.nec.go.kr/main/showDocument.xhtml?electionId=0020260603&topMenuId=VC&secondMenuId=VCCP08
경기도,수원시권선구,기초의원,6410204,수원시타선거구,2,이기범,12788,이다원,9486,3302,0,0,0,참고,부족 투표소가 해당 선거구에 속하는지는 투표소명 또는 읍면동이 공개된 경우에만 별도 확인 필요,https://info.nec.go.kr/main/showDocument.xhtml?electionId=0020260603&topMenuId=VC&secondMenuId=VCCP08
경기도,수원시영통구,광역의원,5410401,수원시제7선거구,1,최종현,21352,이재선,17863,3489,0,0,0,참고,부족 투표소가 해당 선거구에 속하는지는 투표소명 또는 읍면동이 공개된 경우에만 별도 확인 필요,https://info.nec.go.kr/main/showDocument.xhtml?electionId=0020260603&topMenuId=VC&secondMenuId=VCCP08
경기도,수원시영통구,광역의원,5410402,수원시제8선거구,1,채명기,21632,이필근,16869,4763,0,0,0,참고,부족 투표소가 해당 선거구에 속하는지는 투표소명 또는 읍면동이 공개된 경우에만 별도 확인 필요,https://info.nec.go.kr/main/showDocument.xhtml?electionId=0020260603&topMenuId=VC&secondMenuId=VCCP08
경기도,수원시영통구,광역의원,5410403,수원시제9선거구,1,이오수,21609,최영옥,21466,143,0,0,0,우선검토,부족 투표소가 해당 선거구에 속하는지는 투표소명 또는 읍면동이 공개된 경우에만 별도 확인 필요,https://info.nec.go.kr/main/showDocument.xhtml?electionId=0020260603&topMenuId=VC&secondMenuId=VCCP08
경기도,수원시영통구,광역의원,5410404,수원시제12선거구,1,이병숙,35996,김기정,27239,8757,0,0,0,참고,부족 투표소가 해당 선거구에 속하는지는 투표소명 또는 읍면동이 공개된 경우에만 별도 확인 필요,https://info.nec.go.kr/main/showDocument.xhtml?electionId=0020260603&topMenuId=VC&secondMenuId=VCCP08
경기도,수원시영통구,기초의원,6410401,수원시아선거구,2,배지환,12048,박경미,6697,5351,0,0,0,참고,부족 투표소가 해당 선거구에 속하는지는 투표소명 또는 읍면동이 공개된 경우에만 별도 확인 필요,https://info.nec.go.kr/main/showDocument.xhtml?electionId=0020260603&topMenuId=VC&secondMenuId=VCCP08
경기도,수원시영통구,기초의원,6410402,수원시자선거구,2,윤일영,13965,이선우,7302,6663,0,0,0,참고,부족 투표소가 해당 선거구에 속하는지는 투표소명 또는 읍면동이 공개된 경우에만 별도 확인 필요,https://info.nec.go.kr/main/showDocument.xhtml?electionId=0020260603&topMenuId=VC&secondMenuId=VCCP08
경기도,수원시영통구,기초의원,6410404,수원시파선거구,3,최원용,16628,성민호,5576,11052,0,0,0,참고,부족 투표소가 해당 선거구에 속하는지는 투표소명 또는 읍면동이 공개된 경우에만 별도 확인 필요,https://info.nec.go.kr/main/showDocument.xhtml?electionId=0020260603&topMenuId=VC&secondMenuId=VCCP08
경기도,수원시장안구,광역의원,5410101,수원시제1선거구,1,최상규,34035,이필근,28180,5855,0,0,0,참고,부족 투표소가 해당 선거구에 속하는지는 투표소명 또는 읍면동이 공개된 경우에만 별도 확인 필요,https://info.nec.go.kr/main/showDocument.xhtml?electionId=0020260603&topMenuId=VC&secondMenuId=VCCP08
경기도,수원시장안구,광역의원,5410102,수원시제2선거구,1,박옥분,36136,남택호,21652,14484,0,0,0,참고,부족 투표소가 해당 선거구에 속하는지는 투표소명 또는 읍면동이 공개된 경우에만 별도 확인 필요,https://info.nec.go.kr/main/showDocument.xhtml?electionId=0020260603&topMenuId=VC&secondMenuId=VCCP08
경기도,수원시장안구,기초의원,6410101,수원시가선거구,2,홍종수,12964,정영모,1946,11018,0,0,0,참고,부족 투표소가 해당 선거구에 속하는지는 투표소명 또는 읍면동이 공개된 경우에만 별도 확인 필요,https://info.nec.go.kr/main/showDocument.xhtml?electionId=0020260603&topMenuId=VC&secondMenuId=VCCP08
경기도,수원시장안구,기초의원,6410103,수원시다선거구,3,김경례,9230,이병철,6957,2273,0,0,0,참고,부족 투표소가 해당 선거구에 속하는지는 투표소명 또는 읍면동이 공개된 경우에만 별도 확인 필요,https://info.nec.go.kr/main/showDocument.xhtml?electionId=0020260603&topMenuId=VC&secondMenuId=VCCP08
경기도,수원시팔달구,광역의원,5410301,수원시제5선거구,1,황수영,30976,김재은,22517,8459,0,0,0,참고,부족 투표소가 해당 선거구에 속하는지는 투표소명 또는 읍면동이 공개된 경우에만 별도 확인 필요,https://info.nec.go.kr/main/showDocument.xhtml?electionId=0020260603&topMenuId=VC&secondMenuId=VCCP08
경기도,수원시팔달구,광역의원,5410302,수원시제6선거구,1,최찬민,25146,한원찬,21837,3309,0,0,0,참고,부족 투표소가 해당 선거구에 속하는지는 투표소명 또는 읍면동이 공개된 경우에만 별도 확인 필요,https://info.nec.go.kr/main/showDocument.xhtml?electionId=0020260603&topMenuId=VC&secondMenuId=VCCP08
경기도,수원시팔달구,기초의원,6410301,수원시바선거구,3,김미경,11320,민경록,3494,7826,0,0,0,참고,부족 투표소가 해당 선거구에 속하는지는 투표소명 또는 읍면동이 공개된 경우에만 별도 확인 필요,https://info.nec.go.kr/main/showDocument.xhtml?electionId=0020260603&topMenuId=VC&secondMenuId=VCCP08
경기도,수원시팔달구,기초의원,6410302,수원시사선거구,3,이승협,7260,유준숙,4519,2741,0,0,0,참고,부족 투표소가 해당 선거구에 속하는지는 투표소명 또는 읍면동이 공개된 경우에만 별도 확인 필요,https://info.nec.go.kr/main/showDocument.xhtml?electionId=0020260603&topMenuId=VC&secondMenuId=VCCP08
경기도,시흥시,광역의원,5412902,시흥시제2선거구,1,최동식,27583,장민우,17285,10298,0,0,0,참고,부족 투표소가 해당 선거구에 속하는지는 투표소명 또는 읍면동이 공개된 경우에만 별도 확인 필요,https://info.nec.go.kr/main/showDocument.xhtml?electionId=0020260603&topMenuId=VC&secondMenuId=VCCP08
경기도,시흥시,광역의원,5412904,시흥시제4선거구,1,김종배,33583,최성열,18793,14790,0,0,0,참고,부족 투표소가 해당 선거구에 속하는지는 투표소명 또는 읍면동이 공개된 경우에만 별도 확인 필요,https://info.nec.go.kr/main/showDocument.xhtml?electionId=0020260603&topMenuId=VC&secondMenuId=VCCP08
경기도,시흥시,광역의원,5412905,시흥시제5선거구,1,이성원,32086,송승화,17258,14828,0,0,0,참고,부족 투표소가 해당 선거구에 속하는지는 투표소명 또는 읍면동이 공개된 경우에만 별도 확인 필요,https://info.nec.go.kr/main/showDocument.xhtml?electionId=0020260603&topMenuId=VC&secondMenuId=VCCP08
경기도,시흥시,기초의원,6412901,시흥시가선거구,2,김선옥,13383,김영훈,12769,614,0,0,0,검토,부족 투표소가 해당 선거구에 속하는지는 투표소명 또는 읍면동이 공개된 경우에만 별도 확인 필요,https://info.nec.go.kr/main/showDocument.xhtml?electionId=0020260603&topMenuId=VC&secondMenuId=VCCP08
경기도,시흥시,기초의원,6412902,시흥시나선거구,3,송지혜,9550,남성현,4278,5272,0,0,0,참고,부족 투표소가 해당 선거구에 속하는지는 투표소명 또는 읍면동이 공개된 경우에만 별도 확인 필요,https://info.nec.go.kr/main/showDocument.xhtml?electionId=0020260603&topMenuId=VC&secondMenuId=VCCP08
경기도,시흥시,기초의원,6412903,시흥시다선거구,2,김진영,11313,안돈의,11270,43,0,0,0,우선검토,부족 투표소가 해당 선거구에 속하는지는 투표소명 또는 읍면동이 공개된 경우에만 별도 확인 필요,https://info.nec.go.kr/main/showDocument.xhtml?electionId=0020260603&topMenuId=VC&secondMenuId=VCCP08
경기도,시흥시,기초의원,6412904,시흥시라선거구,4,윤석경,6887,김덕용,4771,2116,0,0,0,참고,부족 투표소가 해당 선거구에 속하는지는 투표소명 또는 읍면동이 공개된 경우에만 별도 확인 필요,https://info.nec.go.kr/main/showDocument.xhtml?electionId=0020260603&topMenuId=VC&secondMenuId=VCCP08
경기도,시흥시,기초의원,6412905,시흥시마선거구,3,정은수,13817,이봉관,1643,12174,0,0,0,참고,부족 투표소가 해당 선거구에 속하는지는 투표소명 또는 읍면동이 공개된 경우에만 별도 확인 필요,https://info.nec.go.kr/main/showDocument.xhtml?electionId=0020260603&topMenuId=VC&secondMenuId=VCCP08
경기도,안산시단원구,광역의원,5411902,안산시제6선거구,1,박은경,18307,정택환,11032,7275,0,0,0,참고,부족 투표소가 해당 선거구에 속하는지는 투표소명 또는 읍면동이 공개된 경우에만 별도 확인 필요,https://info.nec.go.kr/main/showDocument.xhtml?electionId=0020260603&topMenuId=VC&secondMenuId=VCCP08
경기도,안산시단원구,광역의원,5411903,안산시제7선거구,1,황은화,23115,박건희,16139,6976,0,0,0,참고,부족 투표소가 해당 선거구에 속하는지는 투표소명 또는 읍면동이 공개된 경우에만 별도 확인 필요,https://info.nec.go.kr/main/showDocument.xhtml?electionId=0020260603&topMenuId=VC&secondMenuId=VCCP08
경기도,안산시단원구,광역의원,5411904,안산시제8선거구,1,이철형,15463,안종철,12720,2743,0,0,0,참고,부족 투표소가 해당 선거구에 속하는지는 투표소명 또는 읍면동이 공개된 경우에만 별도 확인 필요,https://info.nec.go.kr/main/showDocument.xhtml?electionId=0020260603&topMenuId=VC&secondMenuId=VCCP08
경기도,안산시단원구,기초의원,6411901,안산시마선거구,2,이상우,16506,최진호,8081,8425,0,0,0,참고,부족 투표소가 해당 선거구에 속하는지는 투표소명 또는 읍면동이 공개된 경우에만 별도 확인 필요,https://info.nec.go.kr/main/showDocument.xhtml?electionId=0020260603&topMenuId=VC&secondMenuId=VCCP08
경기도,안산시단원구,기초의원,6411903,안산시사선거구,2,이진분,12843,정세경,2753,10090,0,0,0,참고,부족 투표소가 해당 선거구에 속하는지는 투표소명 또는 읍면동이 공개된 경우에만 별도 확인 필요,https://info.nec.go.kr/main/showDocument.xhtml?electionId=0020260603&topMenuId=VC&secondMenuId=VCCP08
경기도,안산시단원구,기초의원,6411904,안산시아선거구,2,선현우,12157,김병철,3241,8916,0,0,0,참고,부족 투표소가 해당 선거구에 속하는지는 투표소명 또는 읍면동이 공개된 경우에만 별도 확인 필요,https://info.nec.go.kr/main/showDocument.xhtml?electionId=0020260603&topMenuId=VC&secondMenuId=VCCP08
경기도,안산시상록구,광역의원,5411801,안산시제1선거구,1,김동규,34608,이옥례,22437,12171,0,0,0,참고,부족 투표소가 해당 선거구에 속하는지는 투표소명 또는 읍면동이 공개된 경우에만 별도 확인 필요,https://info.nec.go.kr/main/showDocument.xhtml?electionId=0020260603&topMenuId=VC&secondMenuId=VCCP08
경기도,안산시상록구,광역의원,5411803,안산시제3선거구,1,장윤정,20056,구미숙,13279,6777,0,0,0,참고,부족 투표소가 해당 선거구에 속하는지는 투표소명 또는 읍면동이 공개된 경우에만 별도 확인 필요,https://info.nec.go.kr/main/showDocument.xhtml?electionId=0020260603&topMenuId=VC&secondMenuId=VCCP08
경기도,안산시상록구,광역의원,5411804,안산시제4선거구,1,유재수,17959,김양우,11103,6856,0,0,0,참고,부족 투표소가 해당 선거구에 속하는지는 투표소명 또는 읍면동이 공개된 경우에만 별도 확인 필요,https://info.nec.go.kr/main/showDocument.xhtml?electionId=0020260603&topMenuId=VC&secondMenuId=VCCP08
경기도,안산시상록구,기초의원,6411801,안산시가선거구,3,최찬규,8290,김유숙,5583,2707,0,0,0,참고,부족 투표소가 해당 선거구에 속하는지는 투표소명 또는 읍면동이 공개된 경우에만 별도 확인 필요,https://info.nec.go.kr/main/showDocument.xhtml?electionId=0020260603&topMenuId=VC&secondMenuId=VCCP08
경기도,안산시상록구,기초의원,6411802,안산시나선거구,2,윤성영,12814,박영근,7640,5174,0,0,0,참고,부족 투표소가 해당 선거구에 속하는지는 투표소명 또는 읍면동이 공개된 경우에만 별도 확인 필요,https://info.nec.go.kr/main/showDocument.xhtml?electionId=0020260603&topMenuId=VC&secondMenuId=VCCP08
경기도,안산시상록구,기초의원,6411803,안산시다선거구,2,현옥순,13094,방운제,4832,8262,0,0,0,참고,부족 투표소가 해당 선거구에 속하는지는 투표소명 또는 읍면동이 공개된 경우에만 별도 확인 필요,https://info.nec.go.kr/main/showDocument.xhtml?electionId=0020260603&topMenuId=VC&secondMenuId=VCCP08
경기도,안성시,광역의원,5413801,안성시제1선거구,1,이주현,33458,박근배,25650,7808,0,0,0,참고,부족 투표소가 해당 선거구에 속하는지는 투표소명 또는 읍면동이 공개된 경우에만 별도 확인 필요,https://info.nec.go.kr/main/showDocument.xhtml?electionId=0020260603&topMenuId=VC&secondMenuId=VCCP08
경기도,안성시,광역의원,5413802,안성시제2선거구,1,백승기,18301,윤성환,16895,1406,0,0,0,검토,부족 투표소가 해당 선거구에 속하는지는 투표소명 또는 읍면동이 공개된 경우에만 별도 확인 필요,https://info.nec.go.kr/main/showDocument.xhtml?electionId=0020260603&topMenuId=VC&secondMenuId=VCCP08
경기도,안성시,기초의원,6413801,안성시가선거구,2,이용성,13674,양승진,6946,6728,0,0,0,참고,부족 투표소가 해당 선거구에 속하는지는 투표소명 또는 읍면동이 공개된 경우에만 별도 확인 필요,https://info.nec.go.kr/main/showDocument.xhtml?electionId=0020260603&topMenuId=VC&secondMenuId=VCCP08
경기도,안성시,기초의원,6413802,안성시나선거구,2,윤한웅,5965,강충환,4058,1907,0,0,0,검토,부족 투표소가 해당 선거구에 속하는지는 투표소명 또는 읍면동이 공개된 경우에만 별도 확인 필요,https://info.nec.go.kr/main/showDocument.xhtml?electionId=0020260603&topMenuId=VC&secondMenuId=VCCP08
경기도,안성시,기초의원,6413803,안성시다선거구,3,반인숙,6426,최호섭,4225,2201,0,0,0,참고,부족 투표소가 해당 선거구에 속하는지는 투표소명 또는 읍면동이 공개된 경우에만 별도 확인 필요,https://info.nec.go.kr/main/showDocument.xhtml?electionId=0020260603&topMenuId=VC&secondMenuId=VCCP08
경기도,안양시동안구,광역의원,5411001,안양시제3선거구,1,윤도희,23208,임철호,18709,4499,0,0,0,참고,부족 투표소가 해당 선거구에 속하는지는 투표소명 또는 읍면동이 공개된 경우에만 별도 확인 필요,https://info.nec.go.kr/main/showDocument.xhtml?electionId=0020260603&topMenuId=VC&secondMenuId=VCCP08
경기도,안양시동안구,광역의원,5411002,안양시제4선거구,1,박준모,25901,김재훈,21309,4592,0,0,0,참고,부족 투표소가 해당 선거구에 속하는지는 투표소명 또는 읍면동이 공개된 경우에만 별도 확인 필요,https://info.nec.go.kr/main/showDocument.xhtml?electionId=0020260603&topMenuId=VC&secondMenuId=VCCP08
경기도,안양시동안구,광역의원,5411003,안양시제5선거구,1,장민수,22390,유영일,20050,2340,0,0,0,참고,부족 투표소가 해당 선거구에 속하는지는 투표소명 또는 읍면동이 공개된 경우에만 별도 확인 필요,https://info.nec.go.kr/main/showDocument.xhtml?electionId=0020260603&topMenuId=VC&secondMenuId=VCCP08
경기도,안양시동안구,광역의원,5411004,안양시제6선거구,1,이채명,28722,오인용,20343,8379,0,0,0,참고,부족 투표소가 해당 선거구에 속하는지는 투표소명 또는 읍면동이 공개된 경우에만 별도 확인 필요,https://info.nec.go.kr/main/showDocument.xhtml?electionId=0020260603&topMenuId=VC&secondMenuId=VCCP08
경기도,안양시동안구,기초의원,6411001,안양시마선거구,2,이귀라,14085,이동훈,9625,4460,0,0,0,참고,부족 투표소가 해당 선거구에 속하는지는 투표소명 또는 읍면동이 공개된 경우에만 별도 확인 필요,https://info.nec.go.kr/main/showDocument.xhtml?electionId=0020260603&topMenuId=VC&secondMenuId=VCCP08
경기도,안양시동안구,기초의원,6411002,안양시바선거구,3,윤해동,9007,김주석,8305,702,0,0,0,검토,부족 투표소가 해당 선거구에 속하는지는 투표소명 또는 읍면동이 공개된 경우에만 별도 확인 필요,https://info.nec.go.kr/main/showDocument.xhtml?electionId=0020260603&topMenuId=VC&secondMenuId=VCCP08
경기도,안양시동안구,기초의원,6411003,안양시사선거구,2,김서경,14315,최병일,8492,5823,0,0,0,참고,부족 투표소가 해당 선거구에 속하는지는 투표소명 또는 읍면동이 공개된 경우에만 별도 확인 필요,https://info.nec.go.kr/main/showDocument.xhtml?electionId=0020260603&topMenuId=VC&secondMenuId=VCCP08
경기도,안양시동안구,기초의원,6411004,안양시아선거구,3,조지영,11228,박원길,1926,9302,0,0,0,참고,부족 투표소가 해당 선거구에 속하는지는 투표소명 또는 읍면동이 공개된 경우에만 별도 확인 필요,https://info.nec.go.kr/main/showDocument.xhtml?electionId=0020260603&topMenuId=VC&secondMenuId=VCCP08
경기도,안양시만안구,광역의원,5410901,안양시제1선거구,1,김성수,35864,정완기,26789,9075,0,0,0,참고,부족 투표소가 해당 선거구에 속하는지는 투표소명 또는 읍면동이 공개된 경우에만 별도 확인 필요,https://info.nec.go.kr/main/showDocument.xhtml?electionId=0020260603&topMenuId=VC&secondMenuId=VCCP08
경기도,안양시만안구,광역의원,5410902,안양시제2선거구,1,최경순,35606,정영근,25968,9638,0,0,0,참고,부족 투표소가 해당 선거구에 속하는지는 투표소명 또는 읍면동이 공개된 경우에만 별도 확인 필요,https://info.nec.go.kr/main/showDocument.xhtml?electionId=0020260603&topMenuId=VC&secondMenuId=VCCP08
경기도,안양시만안구,기초의원,6410901,안양시가선거구,2,김정중,15135,이호건,5323,9812,0,0,0,참고,부족 투표소가 해당 선거구에 속하는지는 투표소명 또는 읍면동이 공개된 경우에만 별도 확인 필요,https://info.nec.go.kr/main/showDocument.xhtml?electionId=0020260603&topMenuId=VC&secondMenuId=VCCP08
경기도,안양시만안구,기초의원,6410903,안양시다선거구,2,윤순섭,10324,허희준,3527,6797,0,0,0,참고,부족 투표소가 해당 선거구에 속하는지는 투표소명 또는 읍면동이 공개된 경우에만 별도 확인 필요,https://info.nec.go.kr/main/showDocument.xhtml?electionId=0020260603&topMenuId=VC&secondMenuId=VCCP08
경기도,안양시만안구,기초의원,6410904,안양시라선거구,2,조은석,12423,이중민,6141,6282,0,0,0,참고,부족 투표소가 해당 선거구에 속하는지는 투표소명 또는 읍면동이 공개된 경우에만 별도 확인 필요,https://info.nec.go.kr/main/showDocument.xhtml?electionId=0020260603&topMenuId=VC&secondMenuId=VCCP08
경기도,양주시,광역의원,5411601,양주시제1선거구,1,채정선,26931,이영주,22943,3988,0,0,0,참고,부족 투표소가 해당 선거구에 속하는지는 투표소명 또는 읍면동이 공개된 경우에만 별도 확인 필요,https://info.nec.go.kr/main/showDocument.xhtml?electionId=0020260603&topMenuId=VC&secondMenuId=VCCP08
경기도,양주시,광역의원,5411602,양주시제2선거구,1,정석원,22825,김한섭,15926,6899,0,0,0,참고,부족 투표소가 해당 선거구에 속하는지는 투표소명 또는 읍면동이 공개된 경우에만 별도 확인 필요,https://info.nec.go.kr/main/showDocument.xhtml?electionId=0020260603&topMenuId=VC&secondMenuId=VCCP08
경기도,양주시,광역의원,5411603,양주시제3선거구,1,최수연,30263,강혜숙,17166,13097,0,0,0,참고,부족 투표소가 해당 선거구에 속하는지는 투표소명 또는 읍면동이 공개된 경우에만 별도 확인 필요,https://info.nec.go.kr/main/showDocument.xhtml?electionId=0020260603&topMenuId=VC&secondMenuId=VCCP08
경기도,양주시,기초의원,6411602,양주시나선거구,2,강동찬,14934,이광호,7645,7289,0,0,0,참고,부족 투표소가 해당 선거구에 속하는지는 투표소명 또는 읍면동이 공개된 경우에만 별도 확인 필요,https://info.nec.go.kr/main/showDocument.xhtml?electionId=0020260603&topMenuId=VC&secondMenuId=VCCP08
경기도,양주시,기초의원,6411603,양주시다선거구,3,임의빈,7828,정희태,4050,3778,0,0,0,참고,부족 투표소가 해당 선거구에 속하는지는 투표소명 또는 읍면동이 공개된 경우에만 별도 확인 필요,https://info.nec.go.kr/main/showDocument.xhtml?electionId=0020260603&topMenuId=VC&secondMenuId=VCCP08
경기도,양평군,광역의원,5414301,양평군제1선거구,1,윤순옥,18834,정인봉,18478,356,0,0,0,우선검토,부족 투표소가 해당 선거구에 속하는지는 투표소명 또는 읍면동이 공개된 경우에만 별도 확인 필요,https://info.nec.go.kr/main/showDocument.xhtml?electionId=0020260603&topMenuId=VC&secondMenuId=VCCP08
경기도,양평군,광역의원,5414302,양평군제2선거구,1,이혜원,18222,김주남,14063,4159,0,0,0,참고,부족 투표소가 해당 선거구에 속하는지는 투표소명 또는 읍면동이 공개된 경우에만 별도 확인 필요,https://info.nec.go.kr/main/showDocument.xhtml?electionId=0020260603&topMenuId=VC&secondMenuId=VCCP08
경기도,양평군,기초의원,6414301,양평군가선거구,3,조근수,7075,최영보,5468,1607,0,0,0,검토,부족 투표소가 해당 선거구에 속하는지는 투표소명 또는 읍면동이 공개된 경우에만 별도 확인 필요,https://info.nec.go.kr/main/showDocument.xhtml?electionId=0020260603&topMenuId=VC&secondMenuId=VCCP08
경기도,양평군,기초의원,6414302,양평군나선거구,3,지민희,5578,이정수,4427,1151,0,0,0,검토,부족 투표소가 해당 선거구에 속하는지는 투표소명 또는 읍면동이 공개된 경우에만 별도 확인 필요,https://info.nec.go.kr/main/showDocument.xhtml?electionId=0020260603&topMenuId=VC&secondMenuId=VCCP08
경기도,여주시,광역의원,5413301,여주시제1선거구,1,서광범,15719,김동현,12572,3147,0,0,0,참고,부족 투표소가 해당 선거구에 속하는지는 투표소명 또는 읍면동이 공개된 경우에만 별도 확인 필요,https://info.nec.go.kr/main/showDocument.xhtml?electionId=0020260603&topMenuId=VC&secondMenuId=VCCP08
경기도,여주시,광역의원,5413302,여주시제2선거구,1,유필선,15770,안인성,15101,669,0,0,0,검토,부족 투표소가 해당 선거구에 속하는지는 투표소명 또는 읍면동이 공개된 경우에만 별도 확인 필요,https://info.nec.go.kr/main/showDocument.xhtml?electionId=0020260603&topMenuId=VC&secondMenuId=VCCP08
경기도,여주시,기초의원,6413301,여주시가선거구,3,박두형,4810,김길성,3425,1385,0,0,0,검토,부족 투표소가 해당 선거구에 속하는지는 투표소명 또는 읍면동이 공개된 경우에만 별도 확인 필요,https://info.nec.go.kr/main/showDocument.xhtml?electionId=0020260603&topMenuId=VC&secondMenuId=VCCP08
경기도,여주시,기초의원,6413302,여주시나선거구,3,진선화,5578,이상숙,5174,404,0,0,0,우선검토,부족 투표소가 해당 선거구에 속하는지는 투표소명 또는 읍면동이 공개된 경우에만 별도 확인 필요,https://info.nec.go.kr/main/showDocument.xhtml?electionId=0020260603&topMenuId=VC&secondMenuId=VCCP08
경기도,연천군,광역의원,5414201,연천군선거구,1,윤종영,12938,서희정,11626,1312,0,0,0,검토,부족 투표소가 해당 선거구에 속하는지는 투표소명 또는 읍면동이 공개된 경우에만 별도 확인 필요,https://info.nec.go.kr/main/showDocument.xhtml?electionId=0020260603&topMenuId=VC&secondMenuId=VCCP08
경기도,연천군,기초의원,6414201,연천군가선거구,3,박영철,1932,김석광,1907,25,0,0,0,우선검토,부족 투표소가 해당 선거구에 속하는지는 투표소명 또는 읍면동이 공개된 경우에만 별도 확인 필요,https://info.nec.go.kr/main/showDocument.xhtml?electionId=0020260603&topMenuId=VC&secondMenuId=VCCP08
경기도,연천군,기초의원,6414202,연천군나선거구,3,박운서,3510,박양희,2296,1214,0,0,0,검토,부족 투표소가 해당 선거구에 속하는지는 투표소명 또는 읍면동이 공개된 경우에만 별도 확인 필요,https://info.nec.go.kr/main/showDocument.xhtml?electionId=0020260603&topMenuId=VC&secondMenuId=VCCP08
경기도,오산시,광역의원,5412701,오산시제1선거구,1,김영희,35149,박현명,23044,12105,0,0,0,참고,부족 투표소가 해당 선거구에 속하는지는 투표소명 또는 읍면동이 공개된 경우에만 별도 확인 필요,https://info.nec.go.kr/main/showDocument.xhtml?electionId=0020260603&topMenuId=VC&secondMenuId=VCCP08
경기도,오산시,광역의원,5412702,오산시제2선거구,1,전예슬,33770,남상현,23046,10724,0,0,0,참고,부족 투표소가 해당 선거구에 속하는지는 투표소명 또는 읍면동이 공개된 경우에만 별도 확인 필요,https://info.nec.go.kr/main/showDocument.xhtml?electionId=0020260603&topMenuId=VC&secondMenuId=VCCP08
경기도,오산시,기초의원,6412701,오산시가선거구,3,유종대,8522,이상복,7182,1340,0,0,0,검토,부족 투표소가 해당 선거구에 속하는지는 투표소명 또는 읍면동이 공개된 경우에만 별도 확인 필요,https://info.nec.go.kr/main/showDocument.xhtml?electionId=0020260603&topMenuId=VC&secondMenuId=VCCP08
경기도,용인시기흥구,광역의원,5413702,용인시제4선거구,1,전자영,16936,윤정희,11206,5730,0,0,0,참고,부족 투표소가 해당 선거구에 속하는지는 투표소명 또는 읍면동이 공개된 경우에만 별도 확인 필요,https://info.nec.go.kr/main/showDocument.xhtml?electionId=0020260603&topMenuId=VC&secondMenuId=VCCP08
경기도,용인시기흥구,광역의원,5413703,용인시제5선거구,1,채명신,24759,정하용,18191,6568,0,0,0,참고,부족 투표소가 해당 선거구에 속하는지는 투표소명 또는 읍면동이 공개된 경우에만 별도 확인 필요,https://info.nec.go.kr/main/showDocument.xhtml?electionId=0020260603&topMenuId=VC&secondMenuId=VCCP08
경기도,용인시기흥구,광역의원,5413704,용인시제9선거구,1,고찬석,37562,신현정,31889,5673,0,0,0,참고,부족 투표소가 해당 선거구에 속하는지는 투표소명 또는 읍면동이 공개된 경우에만 별도 확인 필요,https://info.nec.go.kr/main/showDocument.xhtml?electionId=0020260603&topMenuId=VC&secondMenuId=VCCP08
경기도,용인시기흥구,광역의원,5413705,용인시제10선거구,1,우현욱,40655,이유진,35230,5425,0,0,0,참고,부족 투표소가 해당 선거구에 속하는지는 투표소명 또는 읍면동이 공개된 경우에만 별도 확인 필요,https://info.nec.go.kr/main/showDocument.xhtml?electionId=0020260603&topMenuId=VC&secondMenuId=VCCP08
경기도,용인시기흥구,기초의원,6413701,용인시라선거구,4,안치용,6717,조병훈,1456,5261,0,0,0,참고,부족 투표소가 해당 선거구에 속하는지는 투표소명 또는 읍면동이 공개된 경우에만 별도 확인 필요,https://info.nec.go.kr/main/showDocument.xhtml?electionId=0020260603&topMenuId=VC&secondMenuId=VCCP08
경기도,용인시기흥구,기초의원,6413703,용인시바선거구,2,이민희,17058,김교순,1888,15170,0,0,0,참고,부족 투표소가 해당 선거구에 속하는지는 투표소명 또는 읍면동이 공개된 경우에만 별도 확인 필요,https://info.nec.go.kr/main/showDocument.xhtml?electionId=0020260603&topMenuId=VC&secondMenuId=VCCP08
경기도,용인시기흥구,기초의원,6413704,용인시차선거구,3,신현녀,11640,목영희,6300,5340,0,0,0,참고,부족 투표소가 해당 선거구에 속하는지는 투표소명 또는 읍면동이 공개된 경우에만 별도 확인 필요,https://info.nec.go.kr/main/showDocument.xhtml?electionId=0020260603&topMenuId=VC&secondMenuId=VCCP08
경기도,용인시기흥구,기초의원,6413705,용인시카선거구,4,황재욱,9919,우태주,2311,7608,0,0,0,참고,부족 투표소가 해당 선거구에 속하는지는 투표소명 또는 읍면동이 공개된 경우에만 별도 확인 필요,https://info.nec.go.kr/main/showDocument.xhtml?electionId=0020260603&topMenuId=VC&secondMenuId=VCCP08
경기도,용인시수지구,광역의원,5413601,용인시제6선거구,1,김선희,27582,류정원,25941,1641,0,0,0,검토,부족 투표소가 해당 선거구에 속하는지는 투표소명 또는 읍면동이 공개된 경우에만 별도 확인 필요,https://info.nec.go.kr/main/showDocument.xhtml?electionId=0020260603&topMenuId=VC&secondMenuId=VCCP08
경기도,용인시수지구,광역의원,5413602,용인시제7선거구,1,김용찬,23257,유채현,20911,2346,0,0,0,참고,부족 투표소가 해당 선거구에 속하는지는 투표소명 또는 읍면동이 공개된 경우에만 별도 확인 필요,https://info.nec.go.kr/main/showDocument.xhtml?electionId=0020260603&topMenuId=VC&secondMenuId=VCCP08
경기도,용인시수지구,광역의원,5413603,용인시제8선거구,1,이건한,23841,이경호,19965,3876,0,0,0,참고,부족 투표소가 해당 선거구에 속하는지는 투표소명 또는 읍면동이 공개된 경우에만 별도 확인 필요,https://info.nec.go.kr/main/showDocument.xhtml?electionId=0020260603&topMenuId=VC&secondMenuId=VCCP08
경기도,용인시수지구,기초의원,6413601,용인시사선거구,3,김희영,9108,박해규,6844,2264,0,0,0,참고,부족 투표소가 해당 선거구에 속하는지는 투표소명 또는 읍면동이 공개된 경우에만 별도 확인 필요,https://info.nec.go.kr/main/showDocument.xhtml?electionId=0020260603&topMenuId=VC&secondMenuId=VCCP08
경기도,용인시수지구,기초의원,6413603,용인시자선거구,2,김주환,18679,정선일,962,17717,0,0,0,참고,부족 투표소가 해당 선거구에 속하는지는 투표소명 또는 읍면동이 공개된 경우에만 별도 확인 필요,https://info.nec.go.kr/main/showDocument.xhtml?electionId=0020260603&topMenuId=VC&secondMenuId=VCCP08
경기도,용인시처인구,광역의원,5413501,용인시제1선거구,1,한영수,30491,이영희,22890,7601,0,0,0,참고,부족 투표소가 해당 선거구에 속하는지는 투표소명 또는 읍면동이 공개된 경우에만 별도 확인 필요,https://info.nec.go.kr/main/showDocument.xhtml?electionId=0020260603&topMenuId=VC&secondMenuId=VCCP08
경기도,용인시처인구,광역의원,5413502,용인시제2선거구,1,김성태,22130,김영민,19795,2335,0,0,0,참고,부족 투표소가 해당 선거구에 속하는지는 투표소명 또는 읍면동이 공개된 경우에만 별도 확인 필요,https://info.nec.go.kr/main/showDocument.xhtml?electionId=0020260603&topMenuId=VC&secondMenuId=VCCP08
경기도,용인시처인구,광역의원,5413503,용인시제11선거구,1,엄교섭,23243,기주옥,19157,4086,0,0,0,참고,부족 투표소가 해당 선거구에 속하는지는 투표소명 또는 읍면동이 공개된 경우에만 별도 확인 필요,https://info.nec.go.kr/main/showDocument.xhtml?electionId=0020260603&topMenuId=VC&secondMenuId=VCCP08
경기도,용인시처인구,기초의원,6413501,용인시가선거구,3,박병민,9263,김상수,9097,166,0,0,0,우선검토,부족 투표소가 해당 선거구에 속하는지는 투표소명 또는 읍면동이 공개된 경우에만 별도 확인 필요,https://info.nec.go.kr/main/showDocument.xhtml?electionId=0020260603&topMenuId=VC&secondMenuId=VCCP08
경기도,용인시처인구,기초의원,6413503,용인시다선거구,3,김진석,7604,송주현,3594,4010,0,0,0,참고,부족 투표소가 해당 선거구에 속하는지는 투표소명 또는 읍면동이 공개된 경우에만 별도 확인 필요,https://info.nec.go.kr/main/showDocument.xhtml?electionId=0020260603&topMenuId=VC&secondMenuId=VCCP08
경기도,의왕시,광역의원,5412401,의왕시제1선거구,1,박근철,24858,김영기,19698,5160,0,0,0,참고,부족 투표소가 해당 선거구에 속하는지는 투표소명 또는 읍면동이 공개된 경우에만 별도 확인 필요,https://info.nec.go.kr/main/showDocument.xhtml?electionId=0020260603&topMenuId=VC&secondMenuId=VCCP08
경기도,의왕시,광역의원,5412402,의왕시제2선거구,1,장태환,25565,김학기,23236,2329,0,0,0,참고,부족 투표소가 해당 선거구에 속하는지는 투표소명 또는 읍면동이 공개된 경우에만 별도 확인 필요,https://info.nec.go.kr/main/showDocument.xhtml?electionId=0020260603&topMenuId=VC&secondMenuId=VCCP08
경기도,의왕시,기초의원,6412401,의왕시가선거구,3,박혜숙,8820,김동구,7095,1725,0,0,0,검토,부족 투표소가 해당 선거구에 속하는지는 투표소명 또는 읍면동이 공개된 경우에만 별도 확인 필요,https://info.nec.go.kr/main/showDocument.xhtml?electionId=0020260603&topMenuId=VC&secondMenuId=VCCP08
경기도,의왕시,기초의원,6412402,의왕시나선거구,3,이랑이,9332,노선희,8253,1079,0,0,0,검토,부족 투표소가 해당 선거구에 속하는지는 투표소명 또는 읍면동이 공개된 경우에만 별도 확인 필요,https://info.nec.go.kr/main/showDocument.xhtml?electionId=0020260603&topMenuId=VC&secondMenuId=VCCP08
경기도,의정부시,광역의원,5410801,의정부시제1선거구,1,유수연,25243,김정영,19330,5913,0,0,0,참고,부족 투표소가 해당 선거구에 속하는지는 투표소명 또는 읍면동이 공개된 경우에만 별도 확인 필요,https://info.nec.go.kr/main/showDocument.xhtml?electionId=0020260603&topMenuId=VC&secondMenuId=VCCP08
경기도,의정부시,광역의원,5410802,의정부시제2선거구,1,이영봉,26659,구구회,20950,5709,0,0,0,참고,부족 투표소가 해당 선거구에 속하는지는 투표소명 또는 읍면동이 공개된 경우에만 별도 확인 필요,https://info.nec.go.kr/main/showDocument.xhtml?electionId=0020260603&topMenuId=VC&secondMenuId=VCCP08
경기도,의정부시,광역의원,5410803,의정부시제3선거구,1,김지호,38166,이철호,27934,10232,0,0,0,참고,부족 투표소가 해당 선거구에 속하는지는 투표소명 또는 읍면동이 공개된 경우에만 별도 확인 필요,https://info.nec.go.kr/main/showDocument.xhtml?electionId=0020260603&topMenuId=VC&secondMenuId=VCCP08
경기도,의정부시,광역의원,5410804,의정부시제4선거구,1,조병진,38188,박웅비,25182,13006,0,0,0,참고,부족 투표소가 해당 선거구에 속하는지는 투표소명 또는 읍면동이 공개된 경우에만 별도 확인 필요,https://info.nec.go.kr/main/showDocument.xhtml?electionId=0020260603&topMenuId=VC&secondMenuId=VCCP08
경기도,의정부시,기초의원,6410801,의정부시가선거구,2,최선자,15238,박지은,8412,6826,0,0,0,참고,부족 투표소가 해당 선거구에 속하는지는 투표소명 또는 읍면동이 공개된 경우에만 별도 확인 필요,https://info.nec.go.kr/main/showDocument.xhtml?electionId=0020260603&topMenuId=VC&secondMenuId=VCCP08
경기도,의정부시,기초의원,6410802,의정부시나선거구,3,이광수,8221,전은영,5582,2639,0,0,0,참고,부족 투표소가 해당 선거구에 속하는지는 투표소명 또는 읍면동이 공개된 경우에만 별도 확인 필요,https://info.nec.go.kr/main/showDocument.xhtml?electionId=0020260603&topMenuId=VC&secondMenuId=VCCP08
경기도,의정부시,기초의원,6410803,의정부시다선거구,3,권영선,13067,김현채,6833,6234,0,0,0,참고,부족 투표소가 해당 선거구에 속하는지는 투표소명 또는 읍면동이 공개된 경우에만 별도 확인 필요,https://info.nec.go.kr/main/showDocument.xhtml?electionId=0020260603&topMenuId=VC&secondMenuId=VCCP08
경기도,의정부시,기초의원,6410804,의정부시라선거구,3,조세일,10884,장준휘,2816,8068,0,0,0,참고,부족 투표소가 해당 선거구에 속하는지는 투표소명 또는 읍면동이 공개된 경우에만 별도 확인 필요,https://info.nec.go.kr/main/showDocument.xhtml?electionId=0020260603&topMenuId=VC&secondMenuId=VCCP08
경기도,이천시,광역의원,5413401,이천시제1선거구,1,김일중,34407,이상목,32405,2002,0,0,0,참고,부족 투표소가 해당 선거구에 속하는지는 투표소명 또는 읍면동이 공개된 경우에만 별도 확인 필요,https://info.nec.go.kr/main/showDocument.xhtml?electionId=0020260603&topMenuId=VC&secondMenuId=VCCP08
경기도,이천시,광역의원,5413402,이천시제2선거구,1,김인영,19824,허원,19321,503,0,0,0,검토,부족 투표소가 해당 선거구에 속하는지는 투표소명 또는 읍면동이 공개된 경우에만 별도 확인 필요,https://info.nec.go.kr/main/showDocument.xhtml?electionId=0020260603&topMenuId=VC&secondMenuId=VCCP08
경기도,이천시,기초의원,6413401,이천시가선거구,3,정신화,7383,박명서,6855,528,0,0,0,검토,부족 투표소가 해당 선거구에 속하는지는 투표소명 또는 읍면동이 공개된 경우에만 별도 확인 필요,https://info.nec.go.kr/main/showDocument.xhtml?electionId=0020260603&topMenuId=VC&secondMenuId=VCCP08
경기도,이천시,기초의원,6413402,이천시나선거구,2,송옥란,8174,박선진,2987,5187,0,0,0,참고,부족 투표소가 해당 선거구에 속하는지는 투표소명 또는 읍면동이 공개된 경우에만 별도 확인 필요,https://info.nec.go.kr/main/showDocument.xhtml?electionId=0020260603&topMenuId=VC&secondMenuId=VCCP08
경기도,이천시,기초의원,6413403,이천시다선거구,2,김하식,14999,임진모,5620,9379,0,0,0,참고,부족 투표소가 해당 선거구에 속하는지는 투표소명 또는 읍면동이 공개된 경우에만 별도 확인 필요,https://info.nec.go.kr/main/showDocument.xhtml?electionId=0020260603&topMenuId=VC&secondMenuId=VCCP08
경기도,파주시,광역의원,5413202,파주시제2선거구,1,손희정,37694,김광선,19048,18646,0,0,0,참고,부족 투표소가 해당 선거구에 속하는지는 투표소명 또는 읍면동이 공개된 경우에만 별도 확인 필요,https://info.nec.go.kr/main/showDocument.xhtml?electionId=0020260603&topMenuId=VC&secondMenuId=VCCP08
경기도,파주시,광역의원,5413203,파주시제3선거구,1,손성익,29631,정국진,16835,12796,0,0,0,참고,부족 투표소가 해당 선거구에 속하는지는 투표소명 또는 읍면동이 공개된 경우에만 별도 확인 필요,https://info.nec.go.kr/main/showDocument.xhtml?electionId=0020260603&topMenuId=VC&secondMenuId=VCCP08
경기도,파주시,광역의원,5413204,파주시제4선거구,1,김순현,19365,이한국,17248,2117,0,0,0,참고,부족 투표소가 해당 선거구에 속하는지는 투표소명 또는 읍면동이 공개된 경우에만 별도 확인 필요,https://info.nec.go.kr/main/showDocument.xhtml?electionId=0020260603&topMenuId=VC&secondMenuId=VCCP08
경기도,파주시,광역의원,5413205,파주시제5선거구,1,이종춘,34114,한규민,28153,5961,0,0,0,참고,부족 투표소가 해당 선거구에 속하는지는 투표소명 또는 읍면동이 공개된 경우에만 별도 확인 필요,https://info.nec.go.kr/main/showDocument.xhtml?electionId=0020260603&topMenuId=VC&secondMenuId=VCCP08
경기도,파주시,기초의원,6413201,파주시가선거구,2,정경민,11415,윤석일,5898,5517,0,0,0,참고,부족 투표소가 해당 선거구에 속하는지는 투표소명 또는 읍면동이 공개된 경우에만 별도 확인 필요,https://info.nec.go.kr/main/showDocument.xhtml?electionId=0020260603&topMenuId=VC&secondMenuId=VCCP08
경기도,파주시,기초의원,6413202,파주시나선거구,3,옥승철,11700,최창호,5932,5768,0,0,0,참고,부족 투표소가 해당 선거구에 속하는지는 투표소명 또는 읍면동이 공개된 경우에만 별도 확인 필요,https://info.nec.go.kr/main/showDocument.xhtml?electionId=0020260603&topMenuId=VC&secondMenuId=VCCP08
경기도,파주시,기초의원,6413203,파주시다선거구,3,김환중,6843,안소희,5367,1476,0,0,0,검토,부족 투표소가 해당 선거구에 속하는지는 투표소명 또는 읍면동이 공개된 경우에만 별도 확인 필요,https://info.nec.go.kr/main/showDocument.xhtml?electionId=0020260603&topMenuId=VC&secondMenuId=VCCP08
경기도,파주시,기초의원,6413204,파주시라선거구,3,최유각,6207,홍윤기,1476,4731,0,0,0,참고,부족 투표소가 해당 선거구에 속하는지는 투표소명 또는 읍면동이 공개된 경우에만 별도 확인 필요,https://info.nec.go.kr/main/showDocument.xhtml?electionId=0020260603&topMenuId=VC&secondMenuId=VCCP08
경기도,파주시,기초의원,6413205,파주시마선거구,3,이혜정,12187,김일철,5164,7023,0,0,0,참고,부족 투표소가 해당 선거구에 속하는지는 투표소명 또는 읍면동이 공개된 경우에만 별도 확인 필요,https://info.nec.go.kr/main/showDocument.xhtml?electionId=0020260603&topMenuId=VC&secondMenuId=VCCP08
경기도,평택시,광역의원,5411501,평택시제1선거구,1,양경석,13262,김상곤,11699,1563,0,0,0,검토,부족 투표소가 해당 선거구에 속하는지는 투표소명 또는 읍면동이 공개된 경우에만 별도 확인 필요,https://info.nec.go.kr/main/showDocument.xhtml?electionId=0020260603&topMenuId=VC&secondMenuId=VCCP08
경기도,평택시,광역의원,5411502,평택시제2선거구,1,김명숙,33152,백정일,27131,6021,0,0,0,참고,부족 투표소가 해당 선거구에 속하는지는 투표소명 또는 읍면동이 공개된 경우에만 별도 확인 필요,https://info.nec.go.kr/main/showDocument.xhtml?electionId=0020260603&topMenuId=VC&secondMenuId=VCCP08
경기도,평택시,광역의원,5411503,평택시제3선거구,1,김경옥,23035,이동화,16601,6434,0,0,0,참고,부족 투표소가 해당 선거구에 속하는지는 투표소명 또는 읍면동이 공개된 경우에만 별도 확인 필요,https://info.nec.go.kr/main/showDocument.xhtml?electionId=0020260603&topMenuId=VC&secondMenuId=VCCP08
경기도,평택시,광역의원,5411504,평택시제4선거구,1,한규찬,27938,윤성근,22276,5662,0,0,0,참고,부족 투표소가 해당 선거구에 속하는지는 투표소명 또는 읍면동이 공개된 경우에만 별도 확인 필요,https://info.nec.go.kr/main/showDocument.xhtml?electionId=0020260603&topMenuId=VC&secondMenuId=VCCP08
경기도,평택시,광역의원,5411505,평택시제5선거구,1,안계명,27825,이학수,22708,5117,0,0,0,참고,부족 투표소가 해당 선거구에 속하는지는 투표소명 또는 읍면동이 공개된 경우에만 별도 확인 필요,https://info.nec.go.kr/main/showDocument.xhtml?electionId=0020260603&topMenuId=VC&secondMenuId=VCCP08
경기도,평택시,광역의원,5411506,평택시제6선거구,1,한승훈,23849,김근용,20129,3720,0,0,0,참고,부족 투표소가 해당 선거구에 속하는지는 투표소명 또는 읍면동이 공개된 경우에만 별도 확인 필요,https://info.nec.go.kr/main/showDocument.xhtml?electionId=0020260603&topMenuId=VC&secondMenuId=VCCP08
경기도,평택시,기초의원,6411501,평택시가선거구,2,이종원,9847,백성권,2751,7096,0,0,0,참고,부족 투표소가 해당 선거구에 속하는지는 투표소명 또는 읍면동이 공개된 경우에만 별도 확인 필요,https://info.nec.go.kr/main/showDocument.xhtml?electionId=0020260603&topMenuId=VC&secondMenuId=VCCP08
경기도,평택시,기초의원,6411502,평택시나선거구,2,최두성,12352,이원희,4300,8052,0,0,0,참고,부족 투표소가 해당 선거구에 속하는지는 투표소명 또는 읍면동이 공개된 경우에만 별도 확인 필요,https://info.nec.go.kr/main/showDocument.xhtml?electionId=0020260603&topMenuId=VC&secondMenuId=VCCP08
경기도,평택시,기초의원,6411504,평택시라선거구,3,김태선,7916,김혜영,3943,3973,0,0,0,참고,부족 투표소가 해당 선거구에 속하는지는 투표소명 또는 읍면동이 공개된 경우에만 별도 확인 필요,https://info.nec.go.kr/main/showDocument.xhtml?electionId=0020260603&topMenuId=VC&secondMenuId=VCCP08
경기도,평택시,기초의원,6411505,평택시마선거구,3,김산수,9861,김순이,5612,4249,0,0,0,참고,부족 투표소가 해당 선거구에 속하는지는 투표소명 또는 읍면동이 공개된 경우에만 별도 확인 필요,https://info.nec.go.kr/main/showDocument.xhtml?electionId=0020260603&topMenuId=VC&secondMenuId=VCCP08
경기도,평택시,기초의원,6411506,평택시바선거구,3,이학섭,8999,정윤서,5982,3017,0,0,0,참고,부족 투표소가 해당 선거구에 속하는지는 투표소명 또는 읍면동이 공개된 경우에만 별도 확인 필요,https://info.nec.go.kr/main/showDocument.xhtml?electionId=0020260603&topMenuId=VC&secondMenuId=VCCP08
경기도,평택시,기초의원,6411507,평택시사선거구,3,정일구,7043,이기형,6202,841,0,0,0,검토,부족 투표소가 해당 선거구에 속하는지는 투표소명 또는 읍면동이 공개된 경우에만 별도 확인 필요,https://info.nec.go.kr/main/showDocument.xhtml?electionId=0020260603&topMenuId=VC&secondMenuId=VCCP08
경기도,포천시,광역의원,5414101,포천시제1선거구,1,윤충식,20738,박혜옥,16307,4431,0,0,0,참고,부족 투표소가 해당 선거구에 속하는지는 투표소명 또는 읍면동이 공개된 경우에만 별도 확인 필요,https://info.nec.go.kr/main/showDocument.xhtml?electionId=0020260603&topMenuId=VC&secondMenuId=VCCP08
경기도,포천시,광역의원,5414102,포천시제2선거구,1,김성남,18012,이원웅,17768,244,0,0,0,우선검토,부족 투표소가 해당 선거구에 속하는지는 투표소명 또는 읍면동이 공개된 경우에만 별도 확인 필요,https://info.nec.go.kr/main/showDocument.xhtml?electionId=0020260603&topMenuId=VC&secondMenuId=VCCP08
경기도,포천시,기초의원,6414101,포천시가선거구,3,서과석,5659,임종훈,5016,643,0,0,0,검토,부족 투표소가 해당 선거구에 속하는지는 투표소명 또는 읍면동이 공개된 경우에만 별도 확인 필요,https://info.nec.go.kr/main/showDocument.xhtml?electionId=0020260603&topMenuId=VC&secondMenuId=VCCP08
경기도,포천시,기초의원,6414102,포천시나선거구,3,김현규,6712,윤상훈,5581,1131,0,0,0,검토,부족 투표소가 해당 선거구에 속하는지는 투표소명 또는 읍면동이 공개된 경우에만 별도 확인 필요,https://info.nec.go.kr/main/showDocument.xhtml?electionId=0020260603&topMenuId=VC&secondMenuId=VCCP08
경기도,하남시,광역의원,5413101,하남시제1선거구,1,오민용,21504,이상원,17569,3935,0,0,0,참고,부족 투표소가 해당 선거구에 속하는지는 투표소명 또는 읍면동이 공개된 경우에만 별도 확인 필요,https://info.nec.go.kr/main/showDocument.xhtml?electionId=0020260603&topMenuId=VC&secondMenuId=VCCP08
경기도,하남시,광역의원,5413102,하남시제2선거구,1,강성삼,25003,김성수,24003,1000,0,0,0,검토,부족 투표소가 해당 선거구에 속하는지는 투표소명 또는 읍면동이 공개된 경우에만 별도 확인 필요,https://info.nec.go.kr/main/showDocument.xhtml?electionId=0020260603&topMenuId=VC&secondMenuId=VCCP08
경기도,하남시,광역의원,5413103,하남시제3선거구,1,오지훈,29975,최용근,20189,9786,0,0,0,참고,부족 투표소가 해당 선거구에 속하는지는 투표소명 또는 읍면동이 공개된 경우에만 별도 확인 필요,https://info.nec.go.kr/main/showDocument.xhtml?electionId=0020260603&topMenuId=VC&secondMenuId=VCCP08
경기도,하남시,광역의원,5413104,하남시제4선거구,1,방미숙,16705,윤태길,13034,3671,0,0,0,참고,부족 투표소가 해당 선거구에 속하는지는 투표소명 또는 읍면동이 공개된 경우에만 별도 확인 필요,https://info.nec.go.kr/main/showDocument.xhtml?electionId=0020260603&topMenuId=VC&secondMenuId=VCCP08
경기도,하남시,기초의원,6413102,하남시나선거구,2,오지연,12488,이영준,9089,3399,0,0,0,참고,부족 투표소가 해당 선거구에 속하는지는 투표소명 또는 읍면동이 공개된 경우에만 별도 확인 필요,https://info.nec.go.kr/main/showDocument.xhtml?electionId=0020260603&topMenuId=VC&secondMenuId=VCCP08
경기도,하남시,기초의원,6413103,하남시다선거구,3,정병용,12990,김희중,4989,8001,0,0,0,참고,부족 투표소가 해당 선거구에 속하는지는 투표소명 또는 읍면동이 공개된 경우에만 별도 확인 필요,https://info.nec.go.kr/main/showDocument.xhtml?electionId=0020260603&topMenuId=VC&secondMenuId=VCCP08
경기도,화성시동탄구,광역의원,5415601,화성시제3선거구,1,김영훈,37096,김형남,24898,12198,0,0,0,참고,부족 투표소가 해당 선거구에 속하는지는 투표소명 또는 읍면동이 공개된 경우에만 별도 확인 필요,https://info.nec.go.kr/main/showDocument.xhtml?electionId=0020260603&topMenuId=VC&secondMenuId=VCCP08
경기도,화성시동탄구,광역의원,5415602,화성시제4선거구,1,신미숙,37335,이은희,25315,12020,0,0,0,참고,부족 투표소가 해당 선거구에 속하는지는 투표소명 또는 읍면동이 공개된 경우에만 별도 확인 필요,https://info.nec.go.kr/main/showDocument.xhtml?electionId=0020260603&topMenuId=VC&secondMenuId=VCCP08
경기도,화성시동탄구,광역의원,5415603,화성시제5선거구,1,김태형,29032,배춘봉,14147,14885,0,0,0,참고,부족 투표소가 해당 선거구에 속하는지는 투표소명 또는 읍면동이 공개된 경우에만 별도 확인 필요,https://info.nec.go.kr/main/showDocument.xhtml?electionId=0020260603&topMenuId=VC&secondMenuId=VCCP08
경기도,화성시동탄구,기초의원,6415601,화성시다선거구,3,이은진,14279,김성욱,6055,8224,0,0,0,참고,부족 투표소가 해당 선거구에 속하는지는 투표소명 또는 읍면동이 공개된 경우에만 별도 확인 필요,https://info.nec.go.kr/main/showDocument.xhtml?electionId=0020260603&topMenuId=VC&secondMenuId=VCCP08
경기도,화성시동탄구,기초의원,6415602,화성시라선거구,4,김기현,7880,김종복,3918,3962,0,0,0,참고,부족 투표소가 해당 선거구에 속하는지는 투표소명 또는 읍면동이 공개된 경우에만 별도 확인 필요,https://info.nec.go.kr/main/showDocument.xhtml?electionId=0020260603&topMenuId=VC&secondMenuId=VCCP08
경기도,화성시동탄구,기초의원,6415603,화성시마선거구,3,김상균,11054,이우주,8838,2216,0,0,0,참고,부족 투표소가 해당 선거구에 속하는지는 투표소명 또는 읍면동이 공개된 경우에만 별도 확인 필요,https://info.nec.go.kr/main/showDocument.xhtml?electionId=0020260603&topMenuId=VC&secondMenuId=VCCP08
경기도,화성시만세구,광역의원,5415301,화성시제1선거구,1,이홍근,26233,박연숙,15808,10425,0,0,0,참고,부족 투표소가 해당 선거구에 속하는지는 투표소명 또는 읍면동이 공개된 경우에만 별도 확인 필요,https://info.nec.go.kr/main/showDocument.xhtml?electionId=0020260603&topMenuId=VC&secondMenuId=VCCP08
경기도,화성시만세구,광역의원,5415302,화성시제2선거구,1,오현정,14943,심용진,13465,1478,0,0,0,검토,부족 투표소가 해당 선거구에 속하는지는 투표소명 또는 읍면동이 공개된 경우에만 별도 확인 필요,https://info.nec.go.kr/main/showDocument.xhtml?electionId=0020260603&topMenuId=VC&secondMenuId=VCCP08
경기도,화성시만세구,광역의원,5415303,화성시제9선거구,1,오진택,28193,정흥범,21205,6988,0,0,0,참고,부족 투표소가 해당 선거구에 속하는지는 투표소명 또는 읍면동이 공개된 경우에만 별도 확인 필요,https://info.nec.go.kr/main/showDocument.xhtml?electionId=0020260603&topMenuId=VC&secondMenuId=VCCP08
경기도,화성시만세구,기초의원,6415301,화성시가선거구,3,이계철,6218,송선영,5921,297,0,0,0,우선검토,부족 투표소가 해당 선거구에 속하는지는 투표소명 또는 읍면동이 공개된 경우에만 별도 확인 필요,https://info.nec.go.kr/main/showDocument.xhtml?electionId=0020260603&topMenuId=VC&secondMenuId=VCCP08
경기도,화성시만세구,기초의원,6415302,화성시나선거구,2,김정주,9554,조오순,4214,5340,0,0,0,참고,부족 투표소가 해당 선거구에 속하는지는 투표소명 또는 읍면동이 공개된 경우에만 별도 확인 필요,https://info.nec.go.kr/main/showDocument.xhtml?electionId=0020260603&topMenuId=VC&secondMenuId=VCCP08
경기도,화성시만세구,기초의원,6415303,화성시자선거구,3,이민희,8521,정덕범,5483,3038,0,0,0,참고,부족 투표소가 해당 선거구에 속하는지는 투표소명 또는 읍면동이 공개된 경우에만 별도 확인 필요,https://info.nec.go.kr/main/showDocument.xhtml?electionId=0020260603&topMenuId=VC&secondMenuId=VCCP08
경기도,화성시병점구,광역의원,5415501,화성시제7선거구,1,이진형,37675,박상현,24464,13211,0,0,0,참고,부족 투표소가 해당 선거구에 속하는지는 투표소명 또는 읍면동이 공개된 경우에만 별도 확인 필요,https://info.nec.go.kr/main/showDocument.xhtml?electionId=0020260603&topMenuId=VC&secondMenuId=VCCP08
경기도,화성시병점구,기초의원,6415502,화성시아선거구,2,오문섭,12369,이세원,2447,9922,0,0,0,참고,부족 투표소가 해당 선거구에 속하는지는 투표소명 또는 읍면동이 공개된 경우에만 별도 확인 필요,https://info.nec.go.kr/main/showDocument.xhtml?electionId=0020260603&topMenuId=VC&secondMenuId=VCCP08
경기도,화성시효행구,기초의원,6415401,화성시바선거구,5,위영란,6534,권정숙,2437,4097,0,0,0,참고,부족 투표소가 해당 선거구에 속하는지는 투표소명 또는 읍면동이 공개된 경우에만 별도 확인 필요,https://info.nec.go.kr/main/showDocument.xhtml?electionId=0020260603&topMenuId=VC&secondMenuId=VCCP08
경상남도,거제시,광역의원,5481001,거제시제1선거구,1,박명옥,22454,전형기,18322,4132,0,0,0,참고,부족 투표소가 해당 선거구에 속하는지는 투표소명 또는 읍면동이 공개된 경우에만 별도 확인 필요,https://info.nec.go.kr/main/showDocument.xhtml?electionId=0020260603&topMenuId=VC&secondMenuId=VCCP08
경상남도,거제시,광역의원,5481002,거제시제2선거구,1,박봉휘,18952,전기풍,16036,2916,0,0,0,참고,부족 투표소가 해당 선거구에 속하는지는 투표소명 또는 읍면동이 공개된 경우에만 별도 확인 필요,https://info.nec.go.kr/main/showDocument.xhtml?electionId=0020260603&topMenuId=VC&secondMenuId=VCCP08
경상남도,거제시,광역의원,5481003,거제시제3선거구,1,김성갑,21617,양정연,15373,6244,0,0,0,참고,부족 투표소가 해당 선거구에 속하는지는 투표소명 또는 읍면동이 공개된 경우에만 별도 확인 필요,https://info.nec.go.kr/main/showDocument.xhtml?electionId=0020260603&topMenuId=VC&secondMenuId=VCCP08
경상남도,거제시,기초의원,6481001,거제시가선거구,3,김동수,4477,이영선,3886,591,0,0,0,검토,부족 투표소가 해당 선거구에 속하는지는 투표소명 또는 읍면동이 공개된 경우에만 별도 확인 필요,https://info.nec.go.kr/main/showDocument.xhtml?electionId=0020260603&topMenuId=VC&secondMenuId=VCCP08
경상남도,거제시,기초의원,6481002,거제시나선거구,2,추인호,5668,권순옥,3389,2279,0,0,0,참고,부족 투표소가 해당 선거구에 속하는지는 투표소명 또는 읍면동이 공개된 경우에만 별도 확인 필요,https://info.nec.go.kr/main/showDocument.xhtml?electionId=0020260603&topMenuId=VC&secondMenuId=VCCP08
경상남도,거제시,기초의원,6481003,거제시다선거구,3,안석봉,4561,정명희,4217,344,0,0,0,우선검토,부족 투표소가 해당 선거구에 속하는지는 투표소명 또는 읍면동이 공개된 경우에만 별도 확인 필요,https://info.nec.go.kr/main/showDocument.xhtml?electionId=0020260603&topMenuId=VC&secondMenuId=VCCP08
경상남도,거제시,기초의원,6481004,거제시라선거구,2,최양희,3243,조대용,2691,552,0,0,0,검토,부족 투표소가 해당 선거구에 속하는지는 투표소명 또는 읍면동이 공개된 경우에만 별도 확인 필요,https://info.nec.go.kr/main/showDocument.xhtml?electionId=0020260603&topMenuId=VC&secondMenuId=VCCP08
경상남도,거제시,기초의원,6481005,거제시마선거구,4,김경습,4584,신유현,3619,965,0,0,0,검토,부족 투표소가 해당 선거구에 속하는지는 투표소명 또는 읍면동이 공개된 경우에만 별도 확인 필요,https://info.nec.go.kr/main/showDocument.xhtml?electionId=0020260603&topMenuId=VC&secondMenuId=VCCP08
경상남도,거창군,광역의원,5481901,거창군제1선거구,1,박주언,10651,김태경,7371,3280,0,0,0,참고,부족 투표소가 해당 선거구에 속하는지는 투표소명 또는 읍면동이 공개된 경우에만 별도 확인 필요,https://info.nec.go.kr/main/showDocument.xhtml?electionId=0020260603&topMenuId=VC&secondMenuId=VCCP08
경상남도,거창군,광역의원,5481902,거창군제2선거구,1,공재권,9797,김위성,4816,4981,0,0,0,참고,부족 투표소가 해당 선거구에 속하는지는 투표소명 또는 읍면동이 공개된 경우에만 별도 확인 필요,https://info.nec.go.kr/main/showDocument.xhtml?electionId=0020260603&topMenuId=VC&secondMenuId=VCCP08
경상남도,거창군,기초의원,6481901,거창군가선거구,4,신중양,2757,신미정,2377,380,0,0,0,우선검토,부족 투표소가 해당 선거구에 속하는지는 투표소명 또는 읍면동이 공개된 경우에만 별도 확인 필요,https://info.nec.go.kr/main/showDocument.xhtml?electionId=0020260603&topMenuId=VC&secondMenuId=VCCP08
경상남도,거창군,기초의원,6481902,거창군나선거구,3,하병오,2197,김봉석,1713,484,0,0,0,우선검토,부족 투표소가 해당 선거구에 속하는지는 투표소명 또는 읍면동이 공개된 경우에만 별도 확인 필요,https://info.nec.go.kr/main/showDocument.xhtml?electionId=0020260603&topMenuId=VC&secondMenuId=VCCP08
경상남도,거창군,기초의원,6481903,거창군다선거구,2,구교천,1679,김외향,1454,225,0,0,0,우선검토,부족 투표소가 해당 선거구에 속하는지는 투표소명 또는 읍면동이 공개된 경우에만 별도 확인 필요,https://info.nec.go.kr/main/showDocument.xhtml?electionId=0020260603&topMenuId=VC&secondMenuId=VCCP08
경상남도,고성군,광역의원,5480601,고성군제1선거구,1,임왕건,8136,박예진,5532,2604,0,0,0,참고,부족 투표소가 해당 선거구에 속하는지는 투표소명 또는 읍면동이 공개된 경우에만 별도 확인 필요,https://info.nec.go.kr/main/showDocument.xhtml?electionId=0020260603&topMenuId=VC&secondMenuId=VCCP08
경상남도,고성군,광역의원,5480602,고성군제2선거구,1,허동원,8474,허옥희,7892,582,0,0,0,검토,부족 투표소가 해당 선거구에 속하는지는 투표소명 또는 읍면동이 공개된 경우에만 별도 확인 필요,https://info.nec.go.kr/main/showDocument.xhtml?electionId=0020260603&topMenuId=VC&secondMenuId=VCCP08
경상남도,고성군,기초의원,6480601,고성군가선거구,3,이우영,2077,김향숙,2077,0,0,0,0,우선검토,부족 투표소가 해당 선거구에 속하는지는 투표소명 또는 읍면동이 공개된 경우에만 별도 확인 필요,https://info.nec.go.kr/main/showDocument.xhtml?electionId=0020260603&topMenuId=VC&secondMenuId=VCCP08
경상남도,고성군,기초의원,6480602,고성군나선거구,2,정영환,2064,오태호,1880,184,0,0,0,우선검토,부족 투표소가 해당 선거구에 속하는지는 투표소명 또는 읍면동이 공개된 경우에만 별도 확인 필요,https://info.nec.go.kr/main/showDocument.xhtml?electionId=0020260603&topMenuId=VC&secondMenuId=VCCP08
경상남도,고성군,기초의원,6480603,고성군다선거구,2,최상림,1367,김희태,1316,51,0,0,0,우선검토,부족 투표소가 해당 선거구에 속하는지는 투표소명 또는 읍면동이 공개된 경우에만 별도 확인 필요,https://info.nec.go.kr/main/showDocument.xhtml?electionId=0020260603&topMenuId=VC&secondMenuId=VCCP08
경상남도,고성군,기초의원,6480604,고성군라선거구,2,손상재,1453,최두임,1445,8,0,0,0,우선검토,부족 투표소가 해당 선거구에 속하는지는 투표소명 또는 읍면동이 공개된 경우에만 별도 확인 필요,https://info.nec.go.kr/main/showDocument.xhtml?electionId=0020260603&topMenuId=VC&secondMenuId=VCCP08
경상남도,김해시,광역의원,5480801,김해시제1선거구,1,신영욱,22621,엄정,18107,4514,0,0,0,참고,부족 투표소가 해당 선거구에 속하는지는 투표소명 또는 읍면동이 공개된 경우에만 별도 확인 필요,https://info.nec.go.kr/main/showDocument.xhtml?electionId=0020260603&topMenuId=VC&secondMenuId=VCCP08
경상남도,김해시,광역의원,5480802,김해시제2선거구,1,이종호,13319,서희봉,12824,495,0,0,0,우선검토,부족 투표소가 해당 선거구에 속하는지는 투표소명 또는 읍면동이 공개된 경우에만 별도 확인 필요,https://info.nec.go.kr/main/showDocument.xhtml?electionId=0020260603&topMenuId=VC&secondMenuId=VCCP08
경상남도,김해시,광역의원,5480803,김해시제3선거구,1,김진기,15624,최동원,15220,404,0,0,0,우선검토,부족 투표소가 해당 선거구에 속하는지는 투표소명 또는 읍면동이 공개된 경우에만 별도 확인 필요,https://info.nec.go.kr/main/showDocument.xhtml?electionId=0020260603&topMenuId=VC&secondMenuId=VCCP08
경상남도,김해시,광역의원,5480804,김해시제4선거구,1,김호대,17742,류명열,13614,4128,0,0,0,참고,부족 투표소가 해당 선거구에 속하는지는 투표소명 또는 읍면동이 공개된 경우에만 별도 확인 필요,https://info.nec.go.kr/main/showDocument.xhtml?electionId=0020260603&topMenuId=VC&secondMenuId=VCCP08
경상남도,김해시,광역의원,5480805,김해시제5선거구,1,하선영,18675,주봉한,13201,5474,0,0,0,참고,부족 투표소가 해당 선거구에 속하는지는 투표소명 또는 읍면동이 공개된 경우에만 별도 확인 필요,https://info.nec.go.kr/main/showDocument.xhtml?electionId=0020260603&topMenuId=VC&secondMenuId=VCCP08
경상남도,김해시,광역의원,5480806,김해시제6선거구,1,김경수,23079,박병영,16420,6659,0,0,0,참고,부족 투표소가 해당 선거구에 속하는지는 투표소명 또는 읍면동이 공개된 경우에만 별도 확인 필요,https://info.nec.go.kr/main/showDocument.xhtml?electionId=0020260603&topMenuId=VC&secondMenuId=VCCP08
경상남도,김해시,광역의원,5480807,김해시제7선거구,1,박준호,18575,이시영,15633,2942,0,0,0,참고,부족 투표소가 해당 선거구에 속하는지는 투표소명 또는 읍면동이 공개된 경우에만 별도 확인 필요,https://info.nec.go.kr/main/showDocument.xhtml?electionId=0020260603&topMenuId=VC&secondMenuId=VCCP08
경상남도,김해시,광역의원,5480808,김해시제8선거구,1,손덕상,20404,진영호,11971,8433,0,0,0,참고,부족 투표소가 해당 선거구에 속하는지는 투표소명 또는 읍면동이 공개된 경우에만 별도 확인 필요,https://info.nec.go.kr/main/showDocument.xhtml?electionId=0020260603&topMenuId=VC&secondMenuId=VCCP08
경상남도,김해시,기초의원,6480801,김해시가선거구,3,박은희,8723,박좌규,5620,3103,0,0,0,참고,부족 투표소가 해당 선거구에 속하는지는 투표소명 또는 읍면동이 공개된 경우에만 별도 확인 필요,https://info.nec.go.kr/main/showDocument.xhtml?electionId=0020260603&topMenuId=VC&secondMenuId=VCCP08
경상남도,김해시,기초의원,6480802,김해시나선거구,2,이철훈,6418,조팔도,5841,577,0,0,0,검토,부족 투표소가 해당 선거구에 속하는지는 투표소명 또는 읍면동이 공개된 경우에만 별도 확인 필요,https://info.nec.go.kr/main/showDocument.xhtml?electionId=0020260603&topMenuId=VC&secondMenuId=VCCP08
경상남도,김해시,기초의원,6480803,김해시다선거구,3,조종현,5266,김유상,4561,705,0,0,0,검토,부족 투표소가 해당 선거구에 속하는지는 투표소명 또는 읍면동이 공개된 경우에만 별도 확인 필요,https://info.nec.go.kr/main/showDocument.xhtml?electionId=0020260603&topMenuId=VC&secondMenuId=VCCP08
경상남도,김해시,기초의원,6480804,김해시라선거구,3,최정헌,7963,이미애,3289,4674,0,0,0,참고,부족 투표소가 해당 선거구에 속하는지는 투표소명 또는 읍면동이 공개된 경우에만 별도 확인 필요,https://info.nec.go.kr/main/showDocument.xhtml?electionId=0020260603&topMenuId=VC&secondMenuId=VCCP08
경상남도,김해시,기초의원,6480805,김해시마선거구,2,허윤옥,7731,정희열,7044,687,0,0,0,검토,부족 투표소가 해당 선거구에 속하는지는 투표소명 또는 읍면동이 공개된 경우에만 별도 확인 필요,https://info.nec.go.kr/main/showDocument.xhtml?electionId=0020260603&topMenuId=VC&secondMenuId=VCCP08
경상남도,김해시,기초의원,6480806,김해시바선거구,3,주정영,8359,안선환,3532,4827,0,0,0,참고,부족 투표소가 해당 선거구에 속하는지는 투표소명 또는 읍면동이 공개된 경우에만 별도 확인 필요,https://info.nec.go.kr/main/showDocument.xhtml?electionId=0020260603&topMenuId=VC&secondMenuId=VCCP08
경상남도,김해시,기초의원,6480807,김해시사선거구,3,송재석,6037,황현재,3906,2131,0,0,0,참고,부족 투표소가 해당 선거구에 속하는지는 투표소명 또는 읍면동이 공개된 경우에만 별도 확인 필요,https://info.nec.go.kr/main/showDocument.xhtml?electionId=0020260603&topMenuId=VC&secondMenuId=VCCP08
경상남도,김해시,기초의원,6480808,김해시아선거구,3,정혜정,7180,강민수,3050,4130,0,0,0,참고,부족 투표소가 해당 선거구에 속하는지는 투표소명 또는 읍면동이 공개된 경우에만 별도 확인 필요,https://info.nec.go.kr/main/showDocument.xhtml?electionId=0020260603&topMenuId=VC&secondMenuId=VCCP08
경상남도,남해군,광역의원,5481601,남해군선거구,1,김창우,15013,정현옥,12092,2921,0,0,0,참고,부족 투표소가 해당 선거구에 속하는지는 투표소명 또는 읍면동이 공개된 경우에만 별도 확인 필요,https://info.nec.go.kr/main/showDocument.xhtml?electionId=0020260603&topMenuId=VC&secondMenuId=VCCP08
경상남도,남해군,기초의원,6481601,남해군가선거구,3,여동찬,1872,장행복,1867,5,0,0,0,우선검토,부족 투표소가 해당 선거구에 속하는지는 투표소명 또는 읍면동이 공개된 경우에만 별도 확인 필요,https://info.nec.go.kr/main/showDocument.xhtml?electionId=0020260603&topMenuId=VC&secondMenuId=VCCP08
경상남도,남해군,기초의원,6481602,남해군나선거구,2,박삼준,1536,정영란,949,587,0,0,0,검토,부족 투표소가 해당 선거구에 속하는지는 투표소명 또는 읍면동이 공개된 경우에만 별도 확인 필요,https://info.nec.go.kr/main/showDocument.xhtml?electionId=0020260603&topMenuId=VC&secondMenuId=VCCP08
경상남도,남해군,기초의원,6481603,남해군다선거구,2,박종식,1821,박종길,1254,567,0,0,0,검토,부족 투표소가 해당 선거구에 속하는지는 투표소명 또는 읍면동이 공개된 경우에만 별도 확인 필요,https://info.nec.go.kr/main/showDocument.xhtml?electionId=0020260603&topMenuId=VC&secondMenuId=VCCP08
경상남도,남해군,기초의원,6481604,남해군라선거구,2,김진실,2591,임태식,1968,623,0,0,0,검토,부족 투표소가 해당 선거구에 속하는지는 투표소명 또는 읍면동이 공개된 경우에만 별도 확인 필요,https://info.nec.go.kr/main/showDocument.xhtml?electionId=0020260603&topMenuId=VC&secondMenuId=VCCP08
경상남도,밀양시,광역의원,5480901,밀양시제1선거구,1,장병국,21406,정무권,13257,8149,0,0,0,참고,부족 투표소가 해당 선거구에 속하는지는 투표소명 또는 읍면동이 공개된 경우에만 별도 확인 필요,https://info.nec.go.kr/main/showDocument.xhtml?electionId=0020260603&topMenuId=VC&secondMenuId=VCCP08
경상남도,밀양시,광역의원,5480902,밀양시제2선거구,1,민경우,13915,배심교,7842,6073,0,0,0,참고,부족 투표소가 해당 선거구에 속하는지는 투표소명 또는 읍면동이 공개된 경우에만 별도 확인 필요,https://info.nec.go.kr/main/showDocument.xhtml?electionId=0020260603&topMenuId=VC&secondMenuId=VCCP08
경상남도,밀양시,기초의원,6480901,밀양시가선거구,2,손문규,3111,김상득,1596,1515,0,0,0,검토,부족 투표소가 해당 선거구에 속하는지는 투표소명 또는 읍면동이 공개된 경우에만 별도 확인 필요,https://info.nec.go.kr/main/showDocument.xhtml?electionId=0020260603&topMenuId=VC&secondMenuId=VCCP08
경상남도,밀양시,기초의원,6480902,밀양시나선거구,2,정희정,3110,손제란,2174,936,0,0,0,검토,부족 투표소가 해당 선거구에 속하는지는 투표소명 또는 읍면동이 공개된 경우에만 별도 확인 필요,https://info.nec.go.kr/main/showDocument.xhtml?electionId=0020260603&topMenuId=VC&secondMenuId=VCCP08
경상남도,밀양시,기초의원,6480903,밀양시다선거구,2,강창오,3078,이준우,2665,413,0,0,0,우선검토,부족 투표소가 해당 선거구에 속하는지는 투표소명 또는 읍면동이 공개된 경우에만 별도 확인 필요,https://info.nec.go.kr/main/showDocument.xhtml?electionId=0020260603&topMenuId=VC&secondMenuId=VCCP08
경상남도,밀양시,기초의원,6480904,밀양시라선거구,3,김성백,1543,김민철,1428,115,0,0,0,우선검토,부족 투표소가 해당 선거구에 속하는지는 투표소명 또는 읍면동이 공개된 경우에만 별도 확인 필요,https://info.nec.go.kr/main/showDocument.xhtml?electionId=0020260603&topMenuId=VC&secondMenuId=VCCP08
경상남도,밀양시,기초의원,6480905,밀양시마선거구,2,김태석,3163,김정필,1689,1474,0,0,0,검토,부족 투표소가 해당 선거구에 속하는지는 투표소명 또는 읍면동이 공개된 경우에만 별도 확인 필요,https://info.nec.go.kr/main/showDocument.xhtml?electionId=0020260603&topMenuId=VC&secondMenuId=VCCP08
경상남도,사천시,광역의원,5480701,사천시제1선거구,1,김규헌,17526,황재은,16670,856,0,0,0,검토,부족 투표소가 해당 선거구에 속하는지는 투표소명 또는 읍면동이 공개된 경우에만 별도 확인 필요,https://info.nec.go.kr/main/showDocument.xhtml?electionId=0020260603&topMenuId=VC&secondMenuId=VCCP08
경상남도,사천시,광역의원,5480702,사천시제2선거구,1,최갑현,17929,이상헌,6188,11741,0,0,0,참고,부족 투표소가 해당 선거구에 속하는지는 투표소명 또는 읍면동이 공개된 경우에만 별도 확인 필요,https://info.nec.go.kr/main/showDocument.xhtml?electionId=0020260603&topMenuId=VC&secondMenuId=VCCP08
경상남도,사천시,기초의원,6480701,사천시가선거구,3,진배근,2367,김민규,2135,232,0,0,0,우선검토,부족 투표소가 해당 선거구에 속하는지는 투표소명 또는 읍면동이 공개된 경우에만 별도 확인 필요,https://info.nec.go.kr/main/showDocument.xhtml?electionId=0020260603&topMenuId=VC&secondMenuId=VCCP08
경상남도,사천시,기초의원,6480702,사천시나선거구,3,김영애,3153,강명수,2627,526,0,0,0,검토,부족 투표소가 해당 선거구에 속하는지는 투표소명 또는 읍면동이 공개된 경우에만 별도 확인 필요,https://info.nec.go.kr/main/showDocument.xhtml?electionId=0020260603&topMenuId=VC&secondMenuId=VCCP08
경상남도,사천시,기초의원,6480703,사천시다선거구,2,최동환,4178,윤형근,3036,1142,0,0,0,검토,부족 투표소가 해당 선거구에 속하는지는 투표소명 또는 읍면동이 공개된 경우에만 별도 확인 필요,https://info.nec.go.kr/main/showDocument.xhtml?electionId=0020260603&topMenuId=VC&secondMenuId=VCCP08
경상남도,사천시,기초의원,6480704,사천시라선거구,2,여지훈,2881,김경민,2736,145,0,0,0,우선검토,부족 투표소가 해당 선거구에 속하는지는 투표소명 또는 읍면동이 공개된 경우에만 별도 확인 필요,https://info.nec.go.kr/main/showDocument.xhtml?electionId=0020260603&topMenuId=VC&secondMenuId=VCCP08
경상남도,산청군,광역의원,5481801,산청군선거구,1,신종철,15198,김진범,7509,7689,0,0,0,참고,부족 투표소가 해당 선거구에 속하는지는 투표소명 또는 읍면동이 공개된 경우에만 별도 확인 필요,https://info.nec.go.kr/main/showDocument.xhtml?electionId=0020260603&topMenuId=VC&secondMenuId=VCCP08
경상남도,산청군,기초의원,6481801,산청군가선거구,2,이종상,1620,조병식,1610,10,0,0,0,우선검토,부족 투표소가 해당 선거구에 속하는지는 투표소명 또는 읍면동이 공개된 경우에만 별도 확인 필요,https://info.nec.go.kr/main/showDocument.xhtml?electionId=0020260603&topMenuId=VC&secondMenuId=VCCP08
경상남도,산청군,기초의원,6481802,산청군나선거구,2,신동복,773,이명환,677,96,0,0,0,우선검토,부족 투표소가 해당 선거구에 속하는지는 투표소명 또는 읍면동이 공개된 경우에만 별도 확인 필요,https://info.nec.go.kr/main/showDocument.xhtml?electionId=0020260603&topMenuId=VC&secondMenuId=VCCP08
경상남도,산청군,기초의원,6481803,산청군다선거구,3,김성수,1460,홍명기,1335,125,0,0,0,우선검토,부족 투표소가 해당 선거구에 속하는지는 투표소명 또는 읍면동이 공개된 경우에만 별도 확인 필요,https://info.nec.go.kr/main/showDocument.xhtml?electionId=0020260603&topMenuId=VC&secondMenuId=VCCP08
경상남도,산청군,기초의원,6481804,산청군라선거구,2,권순경,1367,문선영,1340,27,0,0,0,우선검토,부족 투표소가 해당 선거구에 속하는지는 투표소명 또는 읍면동이 공개된 경우에만 별도 확인 필요,https://info.nec.go.kr/main/showDocument.xhtml?electionId=0020260603&topMenuId=VC&secondMenuId=VCCP08
경상남도,양산시,광역의원,5481401,양산시제1선거구,1,이상열,15243,문백청,11345,3898,0,0,0,참고,부족 투표소가 해당 선거구에 속하는지는 투표소명 또는 읍면동이 공개된 경우에만 별도 확인 필요,https://info.nec.go.kr/main/showDocument.xhtml?electionId=0020260603&topMenuId=VC&secondMenuId=VCCP08
경상남도,양산시,광역의원,5481402,양산시제2선거구,1,김혜림,15508,이영수,14138,1370,0,0,0,검토,부족 투표소가 해당 선거구에 속하는지는 투표소명 또는 읍면동이 공개된 경우에만 별도 확인 필요,https://info.nec.go.kr/main/showDocument.xhtml?electionId=0020260603&topMenuId=VC&secondMenuId=VCCP08
경상남도,양산시,광역의원,5481403,양산시제3선거구,1,최영호,17908,강명구,13147,4761,0,0,0,참고,부족 투표소가 해당 선거구에 속하는지는 투표소명 또는 읍면동이 공개된 경우에만 별도 확인 필요,https://info.nec.go.kr/main/showDocument.xhtml?electionId=0020260603&topMenuId=VC&secondMenuId=VCCP08
경상남도,양산시,광역의원,5481404,양산시제4선거구,1,이윤구,7213,신경진,7122,91,0,0,0,우선검토,부족 투표소가 해당 선거구에 속하는지는 투표소명 또는 읍면동이 공개된 경우에만 별도 확인 필요,https://info.nec.go.kr/main/showDocument.xhtml?electionId=0020260603&topMenuId=VC&secondMenuId=VCCP08
경상남도,양산시,광역의원,5481405,양산시제5선거구,1,박인,12055,성낙평,10443,1612,0,0,0,검토,부족 투표소가 해당 선거구에 속하는지는 투표소명 또는 읍면동이 공개된 경우에만 별도 확인 필요,https://info.nec.go.kr/main/showDocument.xhtml?electionId=0020260603&topMenuId=VC&secondMenuId=VCCP08
경상남도,양산시,광역의원,5481406,양산시제6선거구,1,성동은,13554,허용복,10957,2597,0,0,0,참고,부족 투표소가 해당 선거구에 속하는지는 투표소명 또는 읍면동이 공개된 경우에만 별도 확인 필요,https://info.nec.go.kr/main/showDocument.xhtml?electionId=0020260603&topMenuId=VC&secondMenuId=VCCP08
경상남도,양산시,광역의원,5481407,양산시제7선거구,1,표병호,15868,권혁준,13165,2703,0,0,0,참고,부족 투표소가 해당 선거구에 속하는지는 투표소명 또는 읍면동이 공개된 경우에만 별도 확인 필요,https://info.nec.go.kr/main/showDocument.xhtml?electionId=0020260603&topMenuId=VC&secondMenuId=VCCP08
경상남도,양산시,기초의원,6481401,양산시가선거구,2,정성훈,8217,김효진,5694,2523,0,0,0,참고,부족 투표소가 해당 선거구에 속하는지는 투표소명 또는 읍면동이 공개된 경우에만 별도 확인 필요,https://info.nec.go.kr/main/showDocument.xhtml?electionId=0020260603&topMenuId=VC&secondMenuId=VCCP08
경상남도,양산시,기초의원,6481402,양산시나선거구,3,곽종포,6059,임정섭,4330,1729,0,0,0,검토,부족 투표소가 해당 선거구에 속하는지는 투표소명 또는 읍면동이 공개된 경우에만 별도 확인 필요,https://info.nec.go.kr/main/showDocument.xhtml?electionId=0020260603&topMenuId=VC&secondMenuId=VCCP08
경상남도,양산시,기초의원,6481403,양산시다선거구,2,이종희,4554,김교민,3528,1026,0,0,0,검토,부족 투표소가 해당 선거구에 속하는지는 투표소명 또는 읍면동이 공개된 경우에만 별도 확인 필요,https://info.nec.go.kr/main/showDocument.xhtml?electionId=0020260603&topMenuId=VC&secondMenuId=VCCP08
경상남도,양산시,기초의원,6481404,양산시라선거구,2,신재향,4460,문신우,2424,2036,0,0,0,참고,부족 투표소가 해당 선거구에 속하는지는 투표소명 또는 읍면동이 공개된 경우에만 별도 확인 필요,https://info.nec.go.kr/main/showDocument.xhtml?electionId=0020260603&topMenuId=VC&secondMenuId=VCCP08
경상남도,양산시,기초의원,6481406,양산시바선거구,2,성용근,5563,이장호,5453,110,0,0,0,우선검토,부족 투표소가 해당 선거구에 속하는지는 투표소명 또는 읍면동이 공개된 경우에만 별도 확인 필요,https://info.nec.go.kr/main/showDocument.xhtml?electionId=0020260603&topMenuId=VC&secondMenuId=VCCP08
경상남도,양산시,기초의원,6481407,양산시사선거구,3,박일배,3718,김은점,2937,781,0,0,0,검토,부족 투표소가 해당 선거구에 속하는지는 투표소명 또는 읍면동이 공개된 경우에만 별도 확인 필요,https://info.nec.go.kr/main/showDocument.xhtml?electionId=0020260603&topMenuId=VC&secondMenuId=VCCP08
경상남도,양산시,기초의원,6481408,양산시아선거구,2,최복춘,10046,이상걸,3645,6401,0,0,0,참고,부족 투표소가 해당 선거구에 속하는지는 투표소명 또는 읍면동이 공개된 경우에만 별도 확인 필요,https://info.nec.go.kr/main/showDocument.xhtml?electionId=0020260603&topMenuId=VC&secondMenuId=VCCP08
경상남도,의령군,기초의원,6481101,의령군가선거구,3,김판곤,1310,조순종,1185,125,0,0,0,우선검토,부족 투표소가 해당 선거구에 속하는지는 투표소명 또는 읍면동이 공개된 경우에만 별도 확인 필요,https://info.nec.go.kr/main/showDocument.xhtml?electionId=0020260603&topMenuId=VC&secondMenuId=VCCP08
경상남도,의령군,기초의원,6481102,의령군나선거구,2,오민자,1314,손우기,853,461,0,0,0,우선검토,부족 투표소가 해당 선거구에 속하는지는 투표소명 또는 읍면동이 공개된 경우에만 별도 확인 필요,https://info.nec.go.kr/main/showDocument.xhtml?electionId=0020260603&topMenuId=VC&secondMenuId=VCCP08
경상남도,의령군,기초의원,6481104,의령군라선거구,2,김규찬,986,김창호,741,245,0,0,0,우선검토,부족 투표소가 해당 선거구에 속하는지는 투표소명 또는 읍면동이 공개된 경우에만 별도 확인 필요,https://info.nec.go.kr/main/showDocument.xhtml?electionId=0020260603&topMenuId=VC&secondMenuId=VCCP08
경상남도,진주시,광역의원,5480301,진주시제1선거구,1,정재욱,16432,이동섭,13717,2715,0,0,0,참고,부족 투표소가 해당 선거구에 속하는지는 투표소명 또는 읍면동이 공개된 경우에만 별도 확인 필요,https://info.nec.go.kr/main/showDocument.xhtml?electionId=0020260603&topMenuId=VC&secondMenuId=VCCP08
경상남도,진주시,광역의원,5480302,진주시제2선거구,1,양해영,20258,강정봉,15258,5000,0,0,0,참고,부족 투표소가 해당 선거구에 속하는지는 투표소명 또는 읍면동이 공개된 경우에만 별도 확인 필요,https://info.nec.go.kr/main/showDocument.xhtml?electionId=0020260603&topMenuId=VC&secondMenuId=VCCP08
경상남도,진주시,광역의원,5480303,진주시제3선거구,1,조현신,21461,류재수,11859,9602,0,0,0,참고,부족 투표소가 해당 선거구에 속하는지는 투표소명 또는 읍면동이 공개된 경우에만 별도 확인 필요,https://info.nec.go.kr/main/showDocument.xhtml?electionId=0020260603&topMenuId=VC&secondMenuId=VCCP08
경상남도,진주시,광역의원,5480304,진주시제4선거구,1,유계현,26450,천진수,17001,9449,0,0,0,참고,부족 투표소가 해당 선거구에 속하는지는 투표소명 또는 읍면동이 공개된 경우에만 별도 확인 필요,https://info.nec.go.kr/main/showDocument.xhtml?electionId=0020260603&topMenuId=VC&secondMenuId=VCCP08
경상남도,진주시,광역의원,5480305,진주시제5선거구,1,강민승,18300,정현미,6885,11415,0,0,0,참고,부족 투표소가 해당 선거구에 속하는지는 투표소명 또는 읍면동이 공개된 경우에만 별도 확인 필요,https://info.nec.go.kr/main/showDocument.xhtml?electionId=0020260603&topMenuId=VC&secondMenuId=VCCP08
경상남도,진주시,기초의원,6480301,진주시가선거구,3,안성황,4749,박재식,4661,88,0,0,0,우선검토,부족 투표소가 해당 선거구에 속하는지는 투표소명 또는 읍면동이 공개된 경우에만 별도 확인 필요,https://info.nec.go.kr/main/showDocument.xhtml?electionId=0020260603&topMenuId=VC&secondMenuId=VCCP08
경상남도,진주시,기초의원,6480302,진주시나선거구,2,전종현,5808,허정림,3400,2408,0,0,0,참고,부족 투표소가 해당 선거구에 속하는지는 투표소명 또는 읍면동이 공개된 경우에만 별도 확인 필요,https://info.nec.go.kr/main/showDocument.xhtml?electionId=0020260603&topMenuId=VC&secondMenuId=VCCP08
경상남도,진주시,기초의원,6480303,진주시다선거구,2,이영훈,6200,이규섭,3383,2817,0,0,0,참고,부족 투표소가 해당 선거구에 속하는지는 투표소명 또는 읍면동이 공개된 경우에만 별도 확인 필요,https://info.nec.go.kr/main/showDocument.xhtml?electionId=0020260603&topMenuId=VC&secondMenuId=VCCP08
경상남도,진주시,기초의원,6480304,진주시라선거구,3,박미경,8621,조금제,4707,3914,0,0,0,참고,부족 투표소가 해당 선거구에 속하는지는 투표소명 또는 읍면동이 공개된 경우에만 별도 확인 필요,https://info.nec.go.kr/main/showDocument.xhtml?electionId=0020260603&topMenuId=VC&secondMenuId=VCCP08
경상남도,진주시,기초의원,6480305,진주시마선거구,2,정대원,4879,정용학,4525,354,0,0,0,우선검토,부족 투표소가 해당 선거구에 속하는지는 투표소명 또는 읍면동이 공개된 경우에만 별도 확인 필요,https://info.nec.go.kr/main/showDocument.xhtml?electionId=0020260603&topMenuId=VC&secondMenuId=VCCP08
경상남도,진주시,기초의원,6480306,진주시바선거구,3,임기향,3483,윤갑수,3343,140,0,0,0,우선검토,부족 투표소가 해당 선거구에 속하는지는 투표소명 또는 읍면동이 공개된 경우에만 별도 확인 필요,https://info.nec.go.kr/main/showDocument.xhtml?electionId=0020260603&topMenuId=VC&secondMenuId=VCCP08
경상남도,진주시,기초의원,6480307,진주시사선거구,2,이태진,7625,전병웅,3118,4507,0,0,0,참고,부족 투표소가 해당 선거구에 속하는지는 투표소명 또는 읍면동이 공개된 경우에만 별도 확인 필요,https://info.nec.go.kr/main/showDocument.xhtml?electionId=0020260603&topMenuId=VC&secondMenuId=VCCP08
경상남도,진주시,기초의원,6480308,진주시아선거구,2,강진철,3692,양도근,3334,358,0,0,0,우선검토,부족 투표소가 해당 선거구에 속하는지는 투표소명 또는 읍면동이 공개된 경우에만 별도 확인 필요,https://info.nec.go.kr/main/showDocument.xhtml?electionId=0020260603&topMenuId=VC&secondMenuId=VCCP08
경상남도,창녕군,광역의원,5481301,창녕군제1선거구,1,이경재,12460,한현기,3398,9062,0,0,0,참고,부족 투표소가 해당 선거구에 속하는지는 투표소명 또는 읍면동이 공개된 경우에만 별도 확인 필요,https://info.nec.go.kr/main/showDocument.xhtml?electionId=0020260603&topMenuId=VC&secondMenuId=VCCP08
경상남도,창녕군,광역의원,5481302,창녕군제2선거구,1,이상주,9712,조미련,5431,4281,0,0,0,참고,부족 투표소가 해당 선거구에 속하는지는 투표소명 또는 읍면동이 공개된 경우에만 별도 확인 필요,https://info.nec.go.kr/main/showDocument.xhtml?electionId=0020260603&topMenuId=VC&secondMenuId=VCCP08
경상남도,창녕군,기초의원,6481301,창녕군가선거구,3,홍성두,2108,하종혜,1966,142,0,0,0,우선검토,부족 투표소가 해당 선거구에 속하는지는 투표소명 또는 읍면동이 공개된 경우에만 별도 확인 필요,https://info.nec.go.kr/main/showDocument.xhtml?electionId=0020260603&topMenuId=VC&secondMenuId=VCCP08
경상남도,창녕군,기초의원,6481302,창녕군나선거구,2,노영도,1168,박종수,1124,44,0,0,0,우선검토,부족 투표소가 해당 선거구에 속하는지는 투표소명 또는 읍면동이 공개된 경우에만 별도 확인 필요,https://info.nec.go.kr/main/showDocument.xhtml?electionId=0020260603&topMenuId=VC&secondMenuId=VCCP08
경상남도,창녕군,기초의원,6481303,창녕군다선거구,2,김미정,2569,이동훈,2153,416,0,0,0,우선검토,부족 투표소가 해당 선거구에 속하는지는 투표소명 또는 읍면동이 공개된 경우에만 별도 확인 필요,https://info.nec.go.kr/main/showDocument.xhtml?electionId=0020260603&topMenuId=VC&secondMenuId=VCCP08
경상남도,창녕군,기초의원,6481304,창녕군라선거구,2,박차홍,2245,박상재,1603,642,0,0,0,검토,부족 투표소가 해당 선거구에 속하는지는 투표소명 또는 읍면동이 공개된 경우에만 별도 확인 필요,https://info.nec.go.kr/main/showDocument.xhtml?electionId=0020260603&topMenuId=VC&secondMenuId=VCCP08
경상남도,창원시마산합포구,광역의원,5482301,창원시제8선거구,1,김이근,13993,손민식,9533,4460,0,0,0,참고,부족 투표소가 해당 선거구에 속하는지는 투표소명 또는 읍면동이 공개된 경우에만 별도 확인 필요,https://info.nec.go.kr/main/showDocument.xhtml?electionId=0020260603&topMenuId=VC&secondMenuId=VCCP08
경상남도,창원시마산합포구,광역의원,5482302,창원시제9선거구,1,정규헌,21257,구자찬,12740,8517,0,0,0,참고,부족 투표소가 해당 선거구에 속하는지는 투표소명 또는 읍면동이 공개된 경우에만 별도 확인 필요,https://info.nec.go.kr/main/showDocument.xhtml?electionId=0020260603&topMenuId=VC&secondMenuId=VCCP08
경상남도,창원시마산합포구,광역의원,5482303,창원시제10선거구,1,정쌍학,23495,김강,15990,7505,0,0,0,참고,부족 투표소가 해당 선거구에 속하는지는 투표소명 또는 읍면동이 공개된 경우에만 별도 확인 필요,https://info.nec.go.kr/main/showDocument.xhtml?electionId=0020260603&topMenuId=VC&secondMenuId=VCCP08
경상남도,창원시마산합포구,기초의원,6482301,창원시아선거구,2,전태완,8148,이천수,5051,3097,0,0,0,참고,부족 투표소가 해당 선거구에 속하는지는 투표소명 또는 읍면동이 공개된 경우에만 별도 확인 필요,https://info.nec.go.kr/main/showDocument.xhtml?electionId=0020260603&topMenuId=VC&secondMenuId=VCCP08
경상남도,창원시마산합포구,기초의원,6482302,창원시자선거구,3,홍용채,6370,전병호,3395,2975,0,0,0,참고,부족 투표소가 해당 선거구에 속하는지는 투표소명 또는 읍면동이 공개된 경우에만 별도 확인 필요,https://info.nec.go.kr/main/showDocument.xhtml?electionId=0020260603&topMenuId=VC&secondMenuId=VCCP08
경상남도,창원시마산합포구,기초의원,6482303,창원시차선거구,3,조은우,6199,노정현,5668,531,0,0,0,검토,부족 투표소가 해당 선거구에 속하는지는 투표소명 또는 읍면동이 공개된 경우에만 별도 확인 필요,https://info.nec.go.kr/main/showDocument.xhtml?electionId=0020260603&topMenuId=VC&secondMenuId=VCCP08
경상남도,창원시마산회원구,광역의원,5482401,창원시제11선거구,1,진상락,17570,강정중,15102,2468,0,0,0,참고,부족 투표소가 해당 선거구에 속하는지는 투표소명 또는 읍면동이 공개된 경우에만 별도 확인 필요,https://info.nec.go.kr/main/showDocument.xhtml?electionId=0020260603&topMenuId=VC&secondMenuId=VCCP08
경상남도,창원시마산회원구,광역의원,5482402,창원시제12선거구,1,정희성,16995,김용훈,9925,7070,0,0,0,참고,부족 투표소가 해당 선거구에 속하는지는 투표소명 또는 읍면동이 공개된 경우에만 별도 확인 필요,https://info.nec.go.kr/main/showDocument.xhtml?electionId=0020260603&topMenuId=VC&secondMenuId=VCCP08
경상남도,창원시마산회원구,광역의원,5482403,창원시제13선거구,1,박승엽,23105,박태준,16816,6289,0,0,0,참고,부족 투표소가 해당 선거구에 속하는지는 투표소명 또는 읍면동이 공개된 경우에만 별도 확인 필요,https://info.nec.go.kr/main/showDocument.xhtml?electionId=0020260603&topMenuId=VC&secondMenuId=VCCP08
경상남도,창원시마산회원구,기초의원,6482401,창원시카선거구,2,남재욱,11921,안관호,4730,7191,0,0,0,참고,부족 투표소가 해당 선거구에 속하는지는 투표소명 또는 읍면동이 공개된 경우에만 별도 확인 필요,https://info.nec.go.kr/main/showDocument.xhtml?electionId=0020260603&topMenuId=VC&secondMenuId=VCCP08
경상남도,창원시마산회원구,기초의원,6482403,창원시파선거구,3,문순규,9202,김정한,6388,2814,0,0,0,참고,부족 투표소가 해당 선거구에 속하는지는 투표소명 또는 읍면동이 공개된 경우에만 별도 확인 필요,https://info.nec.go.kr/main/showDocument.xhtml?electionId=0020260603&topMenuId=VC&secondMenuId=VCCP08
경상남도,창원시성산구,광역의원,5482201,창원시제4선거구,1,박준,18613,김경영,17137,1476,0,0,0,검토,부족 투표소가 해당 선거구에 속하는지는 투표소명 또는 읍면동이 공개된 경우에만 별도 확인 필요,https://info.nec.go.kr/main/showDocument.xhtml?electionId=0020260603&topMenuId=VC&secondMenuId=VCCP08
경상남도,창원시성산구,광역의원,5482202,창원시제5선거구,1,이찬호,13188,이성배,12350,838,0,0,0,검토,부족 투표소가 해당 선거구에 속하는지는 투표소명 또는 읍면동이 공개된 경우에만 별도 확인 필요,https://info.nec.go.kr/main/showDocument.xhtml?electionId=0020260603&topMenuId=VC&secondMenuId=VCCP08
경상남도,창원시성산구,광역의원,5482203,창원시제6선거구,1,원성일,18986,이재두,17729,1257,0,0,0,검토,부족 투표소가 해당 선거구에 속하는지는 투표소명 또는 읍면동이 공개된 경우에만 별도 확인 필요,https://info.nec.go.kr/main/showDocument.xhtml?electionId=0020260603&topMenuId=VC&secondMenuId=VCCP08
경상남도,창원시성산구,광역의원,5482204,창원시제7선거구,1,문병선,20171,박남용,17194,2977,0,0,0,참고,부족 투표소가 해당 선거구에 속하는지는 투표소명 또는 읍면동이 공개된 경우에만 별도 확인 필요,https://info.nec.go.kr/main/showDocument.xhtml?electionId=0020260603&topMenuId=VC&secondMenuId=VCCP08
경상남도,창원시성산구,기초의원,6482201,창원시라선거구,2,박해정,13896,오은옥,5034,8862,0,0,0,참고,부족 투표소가 해당 선거구에 속하는지는 투표소명 또는 읍면동이 공개된 경우에만 별도 확인 필요,https://info.nec.go.kr/main/showDocument.xhtml?electionId=0020260603&topMenuId=VC&secondMenuId=VCCP08
경상남도,창원시성산구,기초의원,6482202,창원시마선거구,2,박현재,9534,김경희,3973,5561,0,0,0,참고,부족 투표소가 해당 선거구에 속하는지는 투표소명 또는 읍면동이 공개된 경우에만 별도 확인 필요,https://info.nec.go.kr/main/showDocument.xhtml?electionId=0020260603&topMenuId=VC&secondMenuId=VCCP08
경상남도,창원시성산구,기초의원,6482203,창원시바선거구,3,김원일,5469,조재후,4799,670,0,0,0,검토,부족 투표소가 해당 선거구에 속하는지는 투표소명 또는 읍면동이 공개된 경우에만 별도 확인 필요,https://info.nec.go.kr/main/showDocument.xhtml?electionId=0020260603&topMenuId=VC&secondMenuId=VCCP08
경상남도,창원시의창구,광역의원,5482101,창원시제1선거구,1,권성현,18126,김석규,15781,2345,0,0,0,참고,부족 투표소가 해당 선거구에 속하는지는 투표소명 또는 읍면동이 공개된 경우에만 별도 확인 필요,https://info.nec.go.kr/main/showDocument.xhtml?electionId=0020260603&topMenuId=VC&secondMenuId=VCCP08
경상남도,창원시의창구,광역의원,5482102,창원시제2선거구,1,박진현,21656,김장하,15656,6000,0,0,0,참고,부족 투표소가 해당 선거구에 속하는지는 투표소명 또는 읍면동이 공개된 경우에만 별도 확인 필요,https://info.nec.go.kr/main/showDocument.xhtml?electionId=0020260603&topMenuId=VC&secondMenuId=VCCP08
경상남도,창원시의창구,광역의원,5482103,창원시제3선거구,1,박해영,19124,승장권,14389,4735,0,0,0,참고,부족 투표소가 해당 선거구에 속하는지는 투표소명 또는 읍면동이 공개된 경우에만 별도 확인 필요,https://info.nec.go.kr/main/showDocument.xhtml?electionId=0020260603&topMenuId=VC&secondMenuId=VCCP08
경상남도,창원시의창구,기초의원,6482101,창원시가선거구,3,이무식,5341,장소영,5121,220,0,0,0,우선검토,부족 투표소가 해당 선거구에 속하는지는 투표소명 또는 읍면동이 공개된 경우에만 별도 확인 필요,https://info.nec.go.kr/main/showDocument.xhtml?electionId=0020260603&topMenuId=VC&secondMenuId=VCCP08
경상남도,창원시의창구,기초의원,6482102,창원시나선거구,3,김인애,5919,김혜란,5487,432,0,0,0,우선검토,부족 투표소가 해당 선거구에 속하는지는 투표소명 또는 읍면동이 공개된 경우에만 별도 확인 필요,https://info.nec.go.kr/main/showDocument.xhtml?electionId=0020260603&topMenuId=VC&secondMenuId=VCCP08
경상남도,창원시의창구,기초의원,6482103,창원시다선거구,2,류성국,10301,김남수,5642,4659,0,0,0,참고,부족 투표소가 해당 선거구에 속하는지는 투표소명 또는 읍면동이 공개된 경우에만 별도 확인 필요,https://info.nec.go.kr/main/showDocument.xhtml?electionId=0020260603&topMenuId=VC&secondMenuId=VCCP08
경상남도,창원시진해구,광역의원,5482501,창원시제14선거구,1,박동철,17843,김묘정,12483,5360,0,0,0,참고,부족 투표소가 해당 선거구에 속하는지는 투표소명 또는 읍면동이 공개된 경우에만 별도 확인 필요,https://info.nec.go.kr/main/showDocument.xhtml?electionId=0020260603&topMenuId=VC&secondMenuId=VCCP08
경상남도,창원시진해구,광역의원,5482502,창원시제15선거구,1,김순택,16805,조광호,14931,1874,0,0,0,검토,부족 투표소가 해당 선거구에 속하는지는 투표소명 또는 읍면동이 공개된 경우에만 별도 확인 필요,https://info.nec.go.kr/main/showDocument.xhtml?electionId=0020260603&topMenuId=VC&secondMenuId=VCCP08
경상남도,창원시진해구,광역의원,5482503,창원시제16선거구,1,심영석,16126,김화영,12104,4022,0,0,0,참고,부족 투표소가 해당 선거구에 속하는지는 투표소명 또는 읍면동이 공개된 경우에만 별도 확인 필요,https://info.nec.go.kr/main/showDocument.xhtml?electionId=0020260603&topMenuId=VC&secondMenuId=VCCP08
경상남도,창원시진해구,기초의원,6482501,창원시하선거구,2,이해련,3372,강미식,3363,9,0,0,0,우선검토,부족 투표소가 해당 선거구에 속하는지는 투표소명 또는 읍면동이 공개된 경우에만 별도 확인 필요,https://info.nec.go.kr/main/showDocument.xhtml?electionId=0020260603&topMenuId=VC&secondMenuId=VCCP08
경상남도,창원시진해구,기초의원,6482502,창원시거선거구,2,김동엽,5162,김헌일,3640,1522,0,0,0,검토,부족 투표소가 해당 선거구에 속하는지는 투표소명 또는 읍면동이 공개된 경우에만 별도 확인 필요,https://info.nec.go.kr/main/showDocument.xhtml?electionId=0020260603&topMenuId=VC&secondMenuId=VCCP08
경상남도,창원시진해구,기초의원,6482503,창원시너선거구,2,강길순,8923,김수혜,5783,3140,0,0,0,참고,부족 투표소가 해당 선거구에 속하는지는 투표소명 또는 읍면동이 공개된 경우에만 별도 확인 필요,https://info.nec.go.kr/main/showDocument.xhtml?electionId=0020260603&topMenuId=VC&secondMenuId=VCCP08
경상남도,창원시진해구,기초의원,6482504,창원시더선거구,2,장병운,9967,오상문,2790,7177,0,0,0,참고,부족 투표소가 해당 선거구에 속하는지는 투표소명 또는 읍면동이 공개된 경우에만 별도 확인 필요,https://info.nec.go.kr/main/showDocument.xhtml?electionId=0020260603&topMenuId=VC&secondMenuId=VCCP08
경상남도,통영시,광역의원,5480501,통영시제1선거구,1,강성중,21487,정동영,20660,827,0,0,0,검토,부족 투표소가 해당 선거구에 속하는지는 투표소명 또는 읍면동이 공개된 경우에만 별도 확인 필요,https://info.nec.go.kr/main/showDocument.xhtml?electionId=0020260603&topMenuId=VC&secondMenuId=VCCP08
경상남도,통영시,광역의원,5480502,통영시제2선거구,1,김태종,14937,황수배,10834,4103,0,0,0,참고,부족 투표소가 해당 선거구에 속하는지는 투표소명 또는 읍면동이 공개된 경우에만 별도 확인 필요,https://info.nec.go.kr/main/showDocument.xhtml?electionId=0020260603&topMenuId=VC&secondMenuId=VCCP08
경상남도,통영시,기초의원,6480501,통영시가선거구,4,박용수,4356,박상준,3579,777,0,0,0,검토,부족 투표소가 해당 선거구에 속하는지는 투표소명 또는 읍면동이 공개된 경우에만 별도 확인 필요,https://info.nec.go.kr/main/showDocument.xhtml?electionId=0020260603&topMenuId=VC&secondMenuId=VCCP08
경상남도,통영시,기초의원,6480502,통영시나선거구,3,신익화,3671,노성진,3209,462,0,0,0,우선검토,부족 투표소가 해당 선거구에 속하는지는 투표소명 또는 읍면동이 공개된 경우에만 별도 확인 필요,https://info.nec.go.kr/main/showDocument.xhtml?electionId=0020260603&topMenuId=VC&secondMenuId=VCCP08
경상남도,통영시,기초의원,6480503,통영시다선거구,2,김순덕,2655,신철기,2072,583,0,0,0,검토,부족 투표소가 해당 선거구에 속하는지는 투표소명 또는 읍면동이 공개된 경우에만 별도 확인 필요,https://info.nec.go.kr/main/showDocument.xhtml?electionId=0020260603&topMenuId=VC&secondMenuId=VCCP08
경상남도,통영시,기초의원,6480504,통영시라선거구,3,김용안,4233,정승욱,2438,1795,0,0,0,검토,부족 투표소가 해당 선거구에 속하는지는 투표소명 또는 읍면동이 공개된 경우에만 별도 확인 필요,https://info.nec.go.kr/main/showDocument.xhtml?electionId=0020260603&topMenuId=VC&secondMenuId=VCCP08
경상남도,하동군,광역의원,5481501,하동군선거구,1,김구연,14943,정영섭,9373,5570,0,0,0,참고,부족 투표소가 해당 선거구에 속하는지는 투표소명 또는 읍면동이 공개된 경우에만 별도 확인 필요,https://info.nec.go.kr/main/showDocument.xhtml?electionId=0020260603&topMenuId=VC&secondMenuId=VCCP08
경상남도,하동군,기초의원,6481501,하동군가선거구,2,김태종,1552,이하옥,933,619,0,0,0,검토,부족 투표소가 해당 선거구에 속하는지는 투표소명 또는 읍면동이 공개된 경우에만 별도 확인 필요,https://info.nec.go.kr/main/showDocument.xhtml?electionId=0020260603&topMenuId=VC&secondMenuId=VCCP08
경상남도,하동군,기초의원,6481502,하동군나선거구,3,김영림,1533,김형동,1443,90,0,0,0,우선검토,부족 투표소가 해당 선거구에 속하는지는 투표소명 또는 읍면동이 공개된 경우에만 별도 확인 필요,https://info.nec.go.kr/main/showDocument.xhtml?electionId=0020260603&topMenuId=VC&secondMenuId=VCCP08
경상남도,하동군,기초의원,6481503,하동군다선거구,2,서민호,1806,오영숙,1688,118,0,0,0,우선검토,부족 투표소가 해당 선거구에 속하는지는 투표소명 또는 읍면동이 공개된 경우에만 별도 확인 필요,https://info.nec.go.kr/main/showDocument.xhtml?electionId=0020260603&topMenuId=VC&secondMenuId=VCCP08
경상남도,하동군,기초의원,6481504,하동군라선거구,2,박정우,1691,신재범,1391,300,0,0,0,우선검토,부족 투표소가 해당 선거구에 속하는지는 투표소명 또는 읍면동이 공개된 경우에만 별도 확인 필요,https://info.nec.go.kr/main/showDocument.xhtml?electionId=0020260603&topMenuId=VC&secondMenuId=VCCP08
경상남도,함안군,광역의원,5481201,함안군제1선거구,1,이관맹,9091,김주석,7670,1421,0,0,0,검토,부족 투표소가 해당 선거구에 속하는지는 투표소명 또는 읍면동이 공개된 경우에만 별도 확인 필요,https://info.nec.go.kr/main/showDocument.xhtml?electionId=0020260603&topMenuId=VC&secondMenuId=VCCP08
경상남도,함안군,광역의원,5481202,함안군제2선거구,1,김수봉,9081,윤상철,8121,960,0,0,0,검토,부족 투표소가 해당 선거구에 속하는지는 투표소명 또는 읍면동이 공개된 경우에만 별도 확인 필요,https://info.nec.go.kr/main/showDocument.xhtml?electionId=0020260603&topMenuId=VC&secondMenuId=VCCP08
경상남도,함안군,기초의원,6481201,함안군가선거구,3,안말남,2121,조용국,1194,927,0,0,0,검토,부족 투표소가 해당 선거구에 속하는지는 투표소명 또는 읍면동이 공개된 경우에만 별도 확인 필요,https://info.nec.go.kr/main/showDocument.xhtml?electionId=0020260603&topMenuId=VC&secondMenuId=VCCP08
경상남도,함안군,기초의원,6481202,함안군나선거구,2,조만제,1363,정유돈,806,557,0,0,0,검토,부족 투표소가 해당 선거구에 속하는지는 투표소명 또는 읍면동이 공개된 경우에만 별도 확인 필요,https://info.nec.go.kr/main/showDocument.xhtml?electionId=0020260603&topMenuId=VC&secondMenuId=VCCP08
경상남도,함안군,기초의원,6481203,함안군다선거구,4,곽세훈,2552,배재성,2517,35,0,0,0,우선검토,부족 투표소가 해당 선거구에 속하는지는 투표소명 또는 읍면동이 공개된 경우에만 별도 확인 필요,https://info.nec.go.kr/main/showDocument.xhtml?electionId=0020260603&topMenuId=VC&secondMenuId=VCCP08
경상남도,함양군,광역의원,5481701,함양군선거구,1,권대근,13756,한상현,9970,3786,0,0,0,참고,부족 투표소가 해당 선거구에 속하는지는 투표소명 또는 읍면동이 공개된 경우에만 별도 확인 필요,https://info.nec.go.kr/main/showDocument.xhtml?electionId=0020260603&topMenuId=VC&secondMenuId=VCCP08
경상남도,함양군,기초의원,6481701,함양군가선거구,4,박해철,1820,정현철,1569,251,0,0,0,우선검토,부족 투표소가 해당 선거구에 속하는지는 투표소명 또는 읍면동이 공개된 경우에만 별도 확인 필요,https://info.nec.go.kr/main/showDocument.xhtml?electionId=0020260603&topMenuId=VC&secondMenuId=VCCP08
경상남도,함양군,기초의원,6481702,함양군나선거구,2,조용수,1394,박용운,1254,140,0,0,0,우선검토,부족 투표소가 해당 선거구에 속하는지는 투표소명 또는 읍면동이 공개된 경우에만 별도 확인 필요,https://info.nec.go.kr/main/showDocument.xhtml?electionId=0020260603&topMenuId=VC&secondMenuId=VCCP08
경상남도,함양군,기초의원,6481703,함양군다선거구,3,정광석,898,이진우,853,45,0,0,0,우선검토,부족 투표소가 해당 선거구에 속하는지는 투표소명 또는 읍면동이 공개된 경우에만 별도 확인 필요,https://info.nec.go.kr/main/showDocument.xhtml?electionId=0020260603&topMenuId=VC&secondMenuId=VCCP08
경상남도,합천군,광역의원,5482001,합천군선거구,1,이필호,17106,이만우,8808,8298,0,0,0,참고,부족 투표소가 해당 선거구에 속하는지는 투표소명 또는 읍면동이 공개된 경우에만 별도 확인 필요,https://info.nec.go.kr/main/showDocument.xhtml?electionId=0020260603&topMenuId=VC&secondMenuId=VCCP08
경상남도,합천군,기초의원,6482001,합천군가선거구,3,이한신,1676,박종규,1476,200,0,0,0,우선검토,부족 투표소가 해당 선거구에 속하는지는 투표소명 또는 읍면동이 공개된 경우에만 별도 확인 필요,https://info.nec.go.kr/main/showDocument.xhtml?electionId=0020260603&topMenuId=VC&secondMenuId=VCCP08
경상남도,합천군,기초의원,6482002,합천군나선거구,2,하만용,1020,조삼술,985,35,0,0,0,우선검토,부족 투표소가 해당 선거구에 속하는지는 투표소명 또는 읍면동이 공개된 경우에만 별도 확인 필요,https://info.nec.go.kr/main/showDocument.xhtml?electionId=0020260603&topMenuId=VC&secondMenuId=VCCP08
경상남도,합천군,기초의원,6482003,합천군다선거구,2,이태련,1586,이종철,1254,332,0,0,0,우선검토,부족 투표소가 해당 선거구에 속하는지는 투표소명 또는 읍면동이 공개된 경우에만 별도 확인 필요,https://info.nec.go.kr/main/showDocument.xhtml?electionId=0020260603&topMenuId=VC&secondMenuId=VCCP08
경상남도,합천군,기초의원,6482004,합천군라선거구,2,임재진,1690,성종태,1639,51,0,0,0,우선검토,부족 투표소가 해당 선거구에 속하는지는 투표소명 또는 읍면동이 공개된 경우에만 별도 확인 필요,https://info.nec.go.kr/main/showDocument.xhtml?electionId=0020260603&topMenuId=VC&secondMenuId=VCCP08
경상북도,경산시,광역의원,5471301,경산시제1선거구,1,백운성,13089,전봉근,7536,5553,0,0,0,참고,부족 투표소가 해당 선거구에 속하는지는 투표소명 또는 읍면동이 공개된 경우에만 별도 확인 필요,https://info.nec.go.kr/main/showDocument.xhtml?electionId=0020260603&topMenuId=VC&secondMenuId=VCCP08
경상북도,경산시,광역의원,5471302,경산시제2선거구,1,윤기현,14537,황동희,4365,10172,0,0,0,참고,부족 투표소가 해당 선거구에 속하는지는 투표소명 또는 읍면동이 공개된 경우에만 별도 확인 필요,https://info.nec.go.kr/main/showDocument.xhtml?electionId=0020260603&topMenuId=VC&secondMenuId=VCCP08
경상북도,경산시,광역의원,5471303,경산시제3선거구,1,우영봉,17617,윤중호,9593,8024,0,0,0,참고,부족 투표소가 해당 선거구에 속하는지는 투표소명 또는 읍면동이 공개된 경우에만 별도 확인 필요,https://info.nec.go.kr/main/showDocument.xhtml?electionId=0020260603&topMenuId=VC&secondMenuId=VCCP08
경상북도,경산시,광역의원,5471304,경산시제4선거구,1,박채아,17713,장말선,9148,8565,0,0,0,참고,부족 투표소가 해당 선거구에 속하는지는 투표소명 또는 읍면동이 공개된 경우에만 별도 확인 필요,https://info.nec.go.kr/main/showDocument.xhtml?electionId=0020260603&topMenuId=VC&secondMenuId=VCCP08
경상북도,경산시,광역의원,5471305,경산시제5선거구,1,이철식,15887,배향선,7864,8023,0,0,0,참고,부족 투표소가 해당 선거구에 속하는지는 투표소명 또는 읍면동이 공개된 경우에만 별도 확인 필요,https://info.nec.go.kr/main/showDocument.xhtml?electionId=0020260603&topMenuId=VC&secondMenuId=VCCP08
경상북도,경산시,기초의원,6471301,경산시가선거구,3,최경목,6203,김화선,3692,2511,0,0,0,참고,부족 투표소가 해당 선거구에 속하는지는 투표소명 또는 읍면동이 공개된 경우에만 별도 확인 필요,https://info.nec.go.kr/main/showDocument.xhtml?electionId=0020260603&topMenuId=VC&secondMenuId=VCCP08
경상북도,경산시,기초의원,6471302,경산시나선거구,2,채태수,4651,김현락,3982,669,0,0,0,검토,부족 투표소가 해당 선거구에 속하는지는 투표소명 또는 읍면동이 공개된 경우에만 별도 확인 필요,https://info.nec.go.kr/main/showDocument.xhtml?electionId=0020260603&topMenuId=VC&secondMenuId=VCCP08
경상북도,경산시,기초의원,6471303,경산시다선거구,3,강수명,3794,박순득,3771,23,0,0,0,우선검토,부족 투표소가 해당 선거구에 속하는지는 투표소명 또는 읍면동이 공개된 경우에만 별도 확인 필요,https://info.nec.go.kr/main/showDocument.xhtml?electionId=0020260603&topMenuId=VC&secondMenuId=VCCP08
경상북도,경산시,기초의원,6471304,경산시라선거구,3,서정창,5030,권중석,4326,704,0,0,0,검토,부족 투표소가 해당 선거구에 속하는지는 투표소명 또는 읍면동이 공개된 경우에만 별도 확인 필요,https://info.nec.go.kr/main/showDocument.xhtml?electionId=0020260603&topMenuId=VC&secondMenuId=VCCP08
경상북도,경산시,기초의원,6471305,경산시마선거구,3,김인수,4638,손병숙,3457,1181,0,0,0,검토,부족 투표소가 해당 선거구에 속하는지는 투표소명 또는 읍면동이 공개된 경우에만 별도 확인 필요,https://info.nec.go.kr/main/showDocument.xhtml?electionId=0020260603&topMenuId=VC&secondMenuId=VCCP08
경상북도,경주시,기초의원,6470401,경주시가선거구,3,이경희,3839,정희택,3582,257,0,0,0,우선검토,부족 투표소가 해당 선거구에 속하는지는 투표소명 또는 읍면동이 공개된 경우에만 별도 확인 필요,https://info.nec.go.kr/main/showDocument.xhtml?electionId=0020260603&topMenuId=VC&secondMenuId=VCCP08
경상북도,경주시,기초의원,6470402,경주시나선거구,2,김용관,3997,박용준,2442,1555,0,0,0,검토,부족 투표소가 해당 선거구에 속하는지는 투표소명 또는 읍면동이 공개된 경우에만 별도 확인 필요,https://info.nec.go.kr/main/showDocument.xhtml?electionId=0020260603&topMenuId=VC&secondMenuId=VCCP08
경상북도,경주시,기초의원,6470404,경주시라선거구,2,김경주,3859,최영기,3404,455,0,0,0,우선검토,부족 투표소가 해당 선거구에 속하는지는 투표소명 또는 읍면동이 공개된 경우에만 별도 확인 필요,https://info.nec.go.kr/main/showDocument.xhtml?electionId=0020260603&topMenuId=VC&secondMenuId=VCCP08
경상북도,경주시,기초의원,6470405,경주시마선거구,2,이강희,4319,정성룡,3974,345,0,0,0,우선검토,부족 투표소가 해당 선거구에 속하는지는 투표소명 또는 읍면동이 공개된 경우에만 별도 확인 필요,https://info.nec.go.kr/main/showDocument.xhtml?electionId=0020260603&topMenuId=VC&secondMenuId=VCCP08
경상북도,경주시,기초의원,6470406,경주시바선거구,2,방현우,3920,이락우,3654,266,0,0,0,우선검토,부족 투표소가 해당 선거구에 속하는지는 투표소명 또는 읍면동이 공개된 경우에만 별도 확인 필요,https://info.nec.go.kr/main/showDocument.xhtml?electionId=0020260603&topMenuId=VC&secondMenuId=VCCP08
경상북도,경주시,기초의원,6470407,경주시사선거구,2,임활,3986,한영태,3346,640,0,0,0,검토,부족 투표소가 해당 선거구에 속하는지는 투표소명 또는 읍면동이 공개된 경우에만 별도 확인 필요,https://info.nec.go.kr/main/showDocument.xhtml?electionId=0020260603&topMenuId=VC&secondMenuId=VCCP08
경상북도,경주시,기초의원,6470408,경주시아선거구,2,손윤희,2737,최규학,2249,488,0,0,0,우선검토,부족 투표소가 해당 선거구에 속하는지는 투표소명 또는 읍면동이 공개된 경우에만 별도 확인 필요,https://info.nec.go.kr/main/showDocument.xhtml?electionId=0020260603&topMenuId=VC&secondMenuId=VCCP08
경상북도,경주시,기초의원,6470409,경주시자선거구,2,박광호,3779,이종일,2945,834,0,0,0,검토,부족 투표소가 해당 선거구에 속하는지는 투표소명 또는 읍면동이 공개된 경우에만 별도 확인 필요,https://info.nec.go.kr/main/showDocument.xhtml?electionId=0020260603&topMenuId=VC&secondMenuId=VCCP08
경상북도,고령군,기초의원,6471501,고령군가선거구,2,성원환,2476,김기창,2329,147,0,0,0,우선검토,부족 투표소가 해당 선거구에 속하는지는 투표소명 또는 읍면동이 공개된 경우에만 별도 확인 필요,https://info.nec.go.kr/main/showDocument.xhtml?electionId=0020260603&topMenuId=VC&secondMenuId=VCCP08
경상북도,고령군,기초의원,6471502,고령군나선거구,2,나영완,1991,성낙철,1808,183,0,0,0,우선검토,부족 투표소가 해당 선거구에 속하는지는 투표소명 또는 읍면동이 공개된 경우에만 별도 확인 필요,https://info.nec.go.kr/main/showDocument.xhtml?electionId=0020260603&topMenuId=VC&secondMenuId=VCCP08
경상북도,구미시,광역의원,5470701,구미시제1선거구,1,김용현,20790,김경훈,8054,12736,0,0,0,참고,부족 투표소가 해당 선거구에 속하는지는 투표소명 또는 읍면동이 공개된 경우에만 별도 확인 필요,https://info.nec.go.kr/main/showDocument.xhtml?electionId=0020260603&topMenuId=VC&secondMenuId=VCCP08
경상북도,구미시,광역의원,5470702,구미시제2선거구,1,정세현,16692,권성철,8139,8553,0,0,0,참고,부족 투표소가 해당 선거구에 속하는지는 투표소명 또는 읍면동이 공개된 경우에만 별도 확인 필요,https://info.nec.go.kr/main/showDocument.xhtml?electionId=0020260603&topMenuId=VC&secondMenuId=VCCP08
경상북도,구미시,광역의원,5470703,구미시제3선거구,1,허복,9316,이준모,4998,4318,0,0,0,참고,부족 투표소가 해당 선거구에 속하는지는 투표소명 또는 읍면동이 공개된 경우에만 별도 확인 필요,https://info.nec.go.kr/main/showDocument.xhtml?electionId=0020260603&topMenuId=VC&secondMenuId=VCCP08
경상북도,구미시,광역의원,5470704,구미시제4선거구,1,김일수,12451,채한성,7423,5028,0,0,0,참고,부족 투표소가 해당 선거구에 속하는지는 투표소명 또는 읍면동이 공개된 경우에만 별도 확인 필요,https://info.nec.go.kr/main/showDocument.xhtml?electionId=0020260603&topMenuId=VC&secondMenuId=VCCP08
경상북도,구미시,광역의원,5470705,구미시제5선거구,1,이명희,21945,이정태,8486,13459,0,0,0,참고,부족 투표소가 해당 선거구에 속하는지는 투표소명 또는 읍면동이 공개된 경우에만 별도 확인 필요,https://info.nec.go.kr/main/showDocument.xhtml?electionId=0020260603&topMenuId=VC&secondMenuId=VCCP08
경상북도,구미시,광역의원,5470706,구미시제6선거구,1,윤종호,10340,김득환,5236,5104,0,0,0,참고,부족 투표소가 해당 선거구에 속하는지는 투표소명 또는 읍면동이 공개된 경우에만 별도 확인 필요,https://info.nec.go.kr/main/showDocument.xhtml?electionId=0020260603&topMenuId=VC&secondMenuId=VCCP08
경상북도,구미시,광역의원,5470707,구미시제7선거구,1,김창혁,13675,문창균,7921,5754,0,0,0,참고,부족 투표소가 해당 선거구에 속하는지는 투표소명 또는 읍면동이 공개된 경우에만 별도 확인 필요,https://info.nec.go.kr/main/showDocument.xhtml?electionId=0020260603&topMenuId=VC&secondMenuId=VCCP08
경상북도,구미시,광역의원,5470708,구미시제8선거구,1,백순창,10144,이지연,8613,1531,0,0,0,검토,부족 투표소가 해당 선거구에 속하는지는 투표소명 또는 읍면동이 공개된 경우에만 별도 확인 필요,https://info.nec.go.kr/main/showDocument.xhtml?electionId=0020260603&topMenuId=VC&secondMenuId=VCCP08
경상북도,구미시,기초의원,6470701,구미시가선거구,3,이정희,6384,김민성,3525,2859,0,0,0,참고,부족 투표소가 해당 선거구에 속하는지는 투표소명 또는 읍면동이 공개된 경우에만 별도 확인 필요,https://info.nec.go.kr/main/showDocument.xhtml?electionId=0020260603&topMenuId=VC&secondMenuId=VCCP08
경상북도,구미시,기초의원,6470702,구미시나선거구,2,김정미,5540,박세채,4495,1045,0,0,0,검토,부족 투표소가 해당 선거구에 속하는지는 투표소명 또는 읍면동이 공개된 경우에만 별도 확인 필요,https://info.nec.go.kr/main/showDocument.xhtml?electionId=0020260603&topMenuId=VC&secondMenuId=VCCP08
경상북도,구미시,기초의원,6470703,구미시다선거구,2,김원섭,4233,김창수,3665,568,0,0,0,검토,부족 투표소가 해당 선거구에 속하는지는 투표소명 또는 읍면동이 공개된 경우에만 별도 확인 필요,https://info.nec.go.kr/main/showDocument.xhtml?electionId=0020260603&topMenuId=VC&secondMenuId=VCCP08
경상북도,구미시,기초의원,6470704,구미시라선거구,2,김정도,5182,이영규,3616,1566,0,0,0,검토,부족 투표소가 해당 선거구에 속하는지는 투표소명 또는 읍면동이 공개된 경우에만 별도 확인 필요,https://info.nec.go.kr/main/showDocument.xhtml?electionId=0020260603&topMenuId=VC&secondMenuId=VCCP08
경상북도,구미시,기초의원,6470705,구미시마선거구,2,김지식,7016,허민근,4246,2770,0,0,0,참고,부족 투표소가 해당 선거구에 속하는지는 투표소명 또는 읍면동이 공개된 경우에만 별도 확인 필요,https://info.nec.go.kr/main/showDocument.xhtml?electionId=0020260603&topMenuId=VC&secondMenuId=VCCP08
경상북도,구미시,기초의원,6470706,구미시바선거구,2,장미경,3098,이정임,1613,1485,0,0,0,검토,부족 투표소가 해당 선거구에 속하는지는 투표소명 또는 읍면동이 공개된 경우에만 별도 확인 필요,https://info.nec.go.kr/main/showDocument.xhtml?electionId=0020260603&topMenuId=VC&secondMenuId=VCCP08
경상북도,구미시,기초의원,6470707,구미시사선거구,2,김종화,7076,추은희,5393,1683,0,0,0,검토,부족 투표소가 해당 선거구에 속하는지는 투표소명 또는 읍면동이 공개된 경우에만 별도 확인 필요,https://info.nec.go.kr/main/showDocument.xhtml?electionId=0020260603&topMenuId=VC&secondMenuId=VCCP08
경상북도,구미시,기초의원,6470708,구미시아선거구,2,이탕모,5580,신용주,2529,3051,0,0,0,참고,부족 투표소가 해당 선거구에 속하는지는 투표소명 또는 읍면동이 공개된 경우에만 별도 확인 필요,https://info.nec.go.kr/main/showDocument.xhtml?electionId=0020260603&topMenuId=VC&secondMenuId=VCCP08
경상북도,구미시,기초의원,6470709,구미시자선거구,3,소진혁,4378,김근한,1888,2490,0,0,0,참고,부족 투표소가 해당 선거구에 속하는지는 투표소명 또는 읍면동이 공개된 경우에만 별도 확인 필요,https://info.nec.go.kr/main/showDocument.xhtml?electionId=0020260603&topMenuId=VC&secondMenuId=VCCP08
경상북도,구미시,기초의원,6470710,구미시차선거구,2,김현경,6544,정지원,4522,2022,0,0,0,참고,부족 투표소가 해당 선거구에 속하는지는 투표소명 또는 읍면동이 공개된 경우에만 별도 확인 필요,https://info.nec.go.kr/main/showDocument.xhtml?electionId=0020260603&topMenuId=VC&secondMenuId=VCCP08
경상북도,김천시,광역의원,5470503,김천시제3선거구,1,조용진,16359,박성현,7647,8712,0,0,0,참고,부족 투표소가 해당 선거구에 속하는지는 투표소명 또는 읍면동이 공개된 경우에만 별도 확인 필요,https://info.nec.go.kr/main/showDocument.xhtml?electionId=0020260603&topMenuId=VC&secondMenuId=VCCP08
경상북도,김천시,기초의원,6470501,김천시가선거구,2,권용덕,1861,박복순,1847,14,0,0,0,우선검토,부족 투표소가 해당 선거구에 속하는지는 투표소명 또는 읍면동이 공개된 경우에만 별도 확인 필요,https://info.nec.go.kr/main/showDocument.xhtml?electionId=0020260603&topMenuId=VC&secondMenuId=VCCP08
경상북도,김천시,기초의원,6470502,김천시나선거구,3,송치종,1855,이명기,1802,53,0,0,0,우선검토,부족 투표소가 해당 선거구에 속하는지는 투표소명 또는 읍면동이 공개된 경우에만 별도 확인 필요,https://info.nec.go.kr/main/showDocument.xhtml?electionId=0020260603&topMenuId=VC&secondMenuId=VCCP08
경상북도,김천시,기초의원,6470503,김천시다선거구,2,이승우,2706,정재정,2238,468,0,0,0,우선검토,부족 투표소가 해당 선거구에 속하는지는 투표소명 또는 읍면동이 공개된 경우에만 별도 확인 필요,https://info.nec.go.kr/main/showDocument.xhtml?electionId=0020260603&topMenuId=VC&secondMenuId=VCCP08
경상북도,김천시,기초의원,6470504,김천시라선거구,2,최완열,2830,배형태,2398,432,0,0,0,우선검토,부족 투표소가 해당 선거구에 속하는지는 투표소명 또는 읍면동이 공개된 경우에만 별도 확인 필요,https://info.nec.go.kr/main/showDocument.xhtml?electionId=0020260603&topMenuId=VC&secondMenuId=VCCP08
경상북도,김천시,기초의원,6470506,김천시바선거구,2,박근혜,3324,노하룡,2135,1189,0,0,0,검토,부족 투표소가 해당 선거구에 속하는지는 투표소명 또는 읍면동이 공개된 경우에만 별도 확인 필요,https://info.nec.go.kr/main/showDocument.xhtml?electionId=0020260603&topMenuId=VC&secondMenuId=VCCP08
경상북도,김천시,기초의원,6470507,김천시사선거구,3,임동규,1887,윤영수,1796,91,0,0,0,우선검토,부족 투표소가 해당 선거구에 속하는지는 투표소명 또는 읍면동이 공개된 경우에만 별도 확인 필요,https://info.nec.go.kr/main/showDocument.xhtml?electionId=0020260603&topMenuId=VC&secondMenuId=VCCP08
경상북도,문경시,광역의원,5471101,문경시제1선거구,1,박영서,17464,신봉식,6320,11144,0,0,0,참고,부족 투표소가 해당 선거구에 속하는지는 투표소명 또는 읍면동이 공개된 경우에만 별도 확인 필요,https://info.nec.go.kr/main/showDocument.xhtml?electionId=0020260603&topMenuId=VC&secondMenuId=VCCP08
경상북도,문경시,기초의원,6471101,문경시가선거구,2,김남희,2877,채남식,1618,1259,0,0,0,검토,부족 투표소가 해당 선거구에 속하는지는 투표소명 또는 읍면동이 공개된 경우에만 별도 확인 필요,https://info.nec.go.kr/main/showDocument.xhtml?electionId=0020260603&topMenuId=VC&secondMenuId=VCCP08
경상북도,문경시,기초의원,6471102,문경시나선거구,3,임휘철,2292,김경숙,1985,307,0,0,0,우선검토,부족 투표소가 해당 선거구에 속하는지는 투표소명 또는 읍면동이 공개된 경우에만 별도 확인 필요,https://info.nec.go.kr/main/showDocument.xhtml?electionId=0020260603&topMenuId=VC&secondMenuId=VCCP08
경상북도,문경시,기초의원,6471103,문경시다선거구,2,김대순,2293,고상범,1742,551,0,0,0,검토,부족 투표소가 해당 선거구에 속하는지는 투표소명 또는 읍면동이 공개된 경우에만 별도 확인 필요,https://info.nec.go.kr/main/showDocument.xhtml?electionId=0020260603&topMenuId=VC&secondMenuId=VCCP08
경상북도,문경시,기초의원,6471104,문경시라선거구,2,장봉춘,1818,김영숙,1756,62,0,0,0,우선검토,부족 투표소가 해당 선거구에 속하는지는 투표소명 또는 읍면동이 공개된 경우에만 별도 확인 필요,https://info.nec.go.kr/main/showDocument.xhtml?electionId=0020260603&topMenuId=VC&secondMenuId=VCCP08
경상북도,봉화군,광역의원,5472301,봉화군선거구,1,김상희,10868,권영만,8017,2851,0,0,0,참고,부족 투표소가 해당 선거구에 속하는지는 투표소명 또는 읍면동이 공개된 경우에만 별도 확인 필요,https://info.nec.go.kr/main/showDocument.xhtml?electionId=0020260603&topMenuId=VC&secondMenuId=VCCP08
경상북도,봉화군,기초의원,6472301,봉화군가선거구,2,한재욱,1786,조병두,1612,174,0,0,0,우선검토,부족 투표소가 해당 선거구에 속하는지는 투표소명 또는 읍면동이 공개된 경우에만 별도 확인 필요,https://info.nec.go.kr/main/showDocument.xhtml?electionId=0020260603&topMenuId=VC&secondMenuId=VCCP08
경상북도,봉화군,기초의원,6472303,봉화군다선거구,3,김민호,961,김태수,819,142,0,0,0,우선검토,부족 투표소가 해당 선거구에 속하는지는 투표소명 또는 읍면동이 공개된 경우에만 별도 확인 필요,https://info.nec.go.kr/main/showDocument.xhtml?electionId=0020260603&topMenuId=VC&secondMenuId=VCCP08
경상북도,상주시,광역의원,5471001,상주시제1선거구,1,송병길,15267,이정원,7459,7808,0,0,0,참고,부족 투표소가 해당 선거구에 속하는지는 투표소명 또는 읍면동이 공개된 경우에만 별도 확인 필요,https://info.nec.go.kr/main/showDocument.xhtml?electionId=0020260603&topMenuId=VC&secondMenuId=VCCP08
경상북도,상주시,광역의원,5471002,상주시제2선거구,1,김진욱,15069,김홍구,10057,5012,0,0,0,참고,부족 투표소가 해당 선거구에 속하는지는 투표소명 또는 읍면동이 공개된 경우에만 별도 확인 필요,https://info.nec.go.kr/main/showDocument.xhtml?electionId=0020260603&topMenuId=VC&secondMenuId=VCCP08
경상북도,상주시,기초의원,6471001,상주시가선거구,2,박광덕,1470,조희제,1385,85,0,0,0,우선검토,부족 투표소가 해당 선거구에 속하는지는 투표소명 또는 읍면동이 공개된 경우에만 별도 확인 필요,https://info.nec.go.kr/main/showDocument.xhtml?electionId=0020260603&topMenuId=VC&secondMenuId=VCCP08
경상북도,상주시,기초의원,6471002,상주시나선거구,2,김영근,2067,성성호,1853,214,0,0,0,우선검토,부족 투표소가 해당 선거구에 속하는지는 투표소명 또는 읍면동이 공개된 경우에만 별도 확인 필요,https://info.nec.go.kr/main/showDocument.xhtml?electionId=0020260603&topMenuId=VC&secondMenuId=VCCP08
경상북도,상주시,기초의원,6471003,상주시다선거구,3,김익상,2260,이경옥,2060,200,0,0,0,우선검토,부족 투표소가 해당 선거구에 속하는지는 투표소명 또는 읍면동이 공개된 경우에만 별도 확인 필요,https://info.nec.go.kr/main/showDocument.xhtml?electionId=0020260603&topMenuId=VC&secondMenuId=VCCP08
경상북도,상주시,기초의원,6471004,상주시라선거구,2,최재응,1681,정석용,1666,15,0,0,0,우선검토,부족 투표소가 해당 선거구에 속하는지는 투표소명 또는 읍면동이 공개된 경우에만 별도 확인 필요,https://info.nec.go.kr/main/showDocument.xhtml?electionId=0020260603&topMenuId=VC&secondMenuId=VCCP08
경상북도,상주시,기초의원,6471005,상주시마선거구,3,신영대,2548,남성구,2325,223,0,0,0,우선검토,부족 투표소가 해당 선거구에 속하는지는 투표소명 또는 읍면동이 공개된 경우에만 별도 확인 필요,https://info.nec.go.kr/main/showDocument.xhtml?electionId=0020260603&topMenuId=VC&secondMenuId=VCCP08
경상북도,상주시,기초의원,6471006,상주시바선거구,3,성동현,1933,강효구,1448,485,0,0,0,우선검토,부족 투표소가 해당 선거구에 속하는지는 투표소명 또는 읍면동이 공개된 경우에만 별도 확인 필요,https://info.nec.go.kr/main/showDocument.xhtml?electionId=0020260603&topMenuId=VC&secondMenuId=VCCP08
경상북도,성주군,기초의원,6471601,성주군가선거구,3,이강태,3250,김경호,2709,541,0,0,0,검토,부족 투표소가 해당 선거구에 속하는지는 투표소명 또는 읍면동이 공개된 경우에만 별도 확인 필요,https://info.nec.go.kr/main/showDocument.xhtml?electionId=0020260603&topMenuId=VC&secondMenuId=VCCP08
경상북도,성주군,기초의원,6471602,성주군나선거구,2,장익봉,1694,배재욱,1485,209,0,0,0,우선검토,부족 투표소가 해당 선거구에 속하는지는 투표소명 또는 읍면동이 공개된 경우에만 별도 확인 필요,https://info.nec.go.kr/main/showDocument.xhtml?electionId=0020260603&topMenuId=VC&secondMenuId=VCCP08
경상북도,성주군,기초의원,6471603,성주군다선거구,2,여노연,1698,여청환,1646,52,0,0,0,우선검토,부족 투표소가 해당 선거구에 속하는지는 투표소명 또는 읍면동이 공개된 경우에만 별도 확인 필요,https://info.nec.go.kr/main/showDocument.xhtml?electionId=0020260603&topMenuId=VC&secondMenuId=VCCP08
경상북도,안동시,광역의원,5470602,안동시제2선거구,1,권백신,14474,최미연,9049,5425,0,0,0,참고,부족 투표소가 해당 선거구에 속하는지는 투표소명 또는 읍면동이 공개된 경우에만 별도 확인 필요,https://info.nec.go.kr/main/showDocument.xhtml?electionId=0020260603&topMenuId=VC&secondMenuId=VCCP08
경상북도,안동시,광역의원,5470603,안동시제3선거구,1,김정대,9196,김대일,8021,1175,0,0,0,검토,부족 투표소가 해당 선거구에 속하는지는 투표소명 또는 읍면동이 공개된 경우에만 별도 확인 필요,https://info.nec.go.kr/main/showDocument.xhtml?electionId=0020260603&topMenuId=VC&secondMenuId=VCCP08
경상북도,안동시,기초의원,6470601,안동시가선거구,2,여주희,4175,우창하,2921,1254,0,0,0,검토,부족 투표소가 해당 선거구에 속하는지는 투표소명 또는 읍면동이 공개된 경우에만 별도 확인 필요,https://info.nec.go.kr/main/showDocument.xhtml?electionId=0020260603&topMenuId=VC&secondMenuId=VCCP08
경상북도,안동시,기초의원,6470603,안동시다선거구,2,김순중,3869,강석주,2890,979,0,0,0,검토,부족 투표소가 해당 선거구에 속하는지는 투표소명 또는 읍면동이 공개된 경우에만 별도 확인 필요,https://info.nec.go.kr/main/showDocument.xhtml?electionId=0020260603&topMenuId=VC&secondMenuId=VCCP08
경상북도,안동시,기초의원,6470604,안동시라선거구,2,이재갑,2621,안병일,2082,539,0,0,0,검토,부족 투표소가 해당 선거구에 속하는지는 투표소명 또는 읍면동이 공개된 경우에만 별도 확인 필요,https://info.nec.go.kr/main/showDocument.xhtml?electionId=0020260603&topMenuId=VC&secondMenuId=VCCP08
경상북도,안동시,기초의원,6470605,안동시마선거구,2,김창현,2134,심재한,1859,275,0,0,0,우선검토,부족 투표소가 해당 선거구에 속하는지는 투표소명 또는 읍면동이 공개된 경우에만 별도 확인 필요,https://info.nec.go.kr/main/showDocument.xhtml?electionId=0020260603&topMenuId=VC&secondMenuId=VCCP08
경상북도,안동시,기초의원,6470606,안동시바선거구,2,박치선,3635,손경식,2635,1000,0,0,0,검토,부족 투표소가 해당 선거구에 속하는지는 투표소명 또는 읍면동이 공개된 경우에만 별도 확인 필요,https://info.nec.go.kr/main/showDocument.xhtml?electionId=0020260603&topMenuId=VC&secondMenuId=VCCP08
경상북도,안동시,기초의원,6470607,안동시사선거구,2,손광영,3490,안유안,3210,280,0,0,0,우선검토,부족 투표소가 해당 선거구에 속하는지는 투표소명 또는 읍면동이 공개된 경우에만 별도 확인 필요,https://info.nec.go.kr/main/showDocument.xhtml?electionId=0020260603&topMenuId=VC&secondMenuId=VCCP08
경상북도,안동시,기초의원,6470608,안동시아선거구,2,김경도,2177,김상진,2161,16,0,0,0,우선검토,부족 투표소가 해당 선거구에 속하는지는 투표소명 또는 읍면동이 공개된 경우에만 별도 확인 필요,https://info.nec.go.kr/main/showDocument.xhtml?electionId=0020260603&topMenuId=VC&secondMenuId=VCCP08
경상북도,영덕군,광역의원,5472201,영덕군선거구,1,황재철,16275,임민혁,4785,11490,0,0,0,참고,부족 투표소가 해당 선거구에 속하는지는 투표소명 또는 읍면동이 공개된 경우에만 별도 확인 필요,https://info.nec.go.kr/main/showDocument.xhtml?electionId=0020260603&topMenuId=VC&secondMenuId=VCCP08
경상북도,영덕군,기초의원,6472201,영덕군가선거구,3,김미애,2748,배재현,2613,135,0,0,0,우선검토,부족 투표소가 해당 선거구에 속하는지는 투표소명 또는 읍면동이 공개된 경우에만 별도 확인 필요,https://info.nec.go.kr/main/showDocument.xhtml?electionId=0020260603&topMenuId=VC&secondMenuId=VCCP08
경상북도,영덕군,기초의원,6472202,영덕군나선거구,3,김성호,2112,신명종,1962,150,0,0,0,우선검토,부족 투표소가 해당 선거구에 속하는지는 투표소명 또는 읍면동이 공개된 경우에만 별도 확인 필요,https://info.nec.go.kr/main/showDocument.xhtml?electionId=0020260603&topMenuId=VC&secondMenuId=VCCP08
경상북도,영양군,광역의원,5472101,영양군선거구,1,윤철남,6396,이종열,5180,1216,0,0,0,검토,부족 투표소가 해당 선거구에 속하는지는 투표소명 또는 읍면동이 공개된 경우에만 별도 확인 필요,https://info.nec.go.kr/main/showDocument.xhtml?electionId=0020260603&topMenuId=VC&secondMenuId=VCCP08
경상북도,영양군,기초의원,6472101,영양군가선거구,3,신승배,1124,우승원,1069,55,0,0,0,우선검토,부족 투표소가 해당 선거구에 속하는지는 투표소명 또는 읍면동이 공개된 경우에만 별도 확인 필요,https://info.nec.go.kr/main/showDocument.xhtml?electionId=0020260603&topMenuId=VC&secondMenuId=VCCP08
경상북도,영양군,기초의원,6472102,영양군나선거구,3,홍점표,897,장수상,632,265,0,0,0,우선검토,부족 투표소가 해당 선거구에 속하는지는 투표소명 또는 읍면동이 공개된 경우에만 별도 확인 필요,https://info.nec.go.kr/main/showDocument.xhtml?electionId=0020260603&topMenuId=VC&secondMenuId=VCCP08
경상북도,영주시,광역의원,5470801,영주시제1선거구,1,우충무,18339,조중열,9754,8585,0,0,0,참고,부족 투표소가 해당 선거구에 속하는지는 투표소명 또는 읍면동이 공개된 경우에만 별도 확인 필요,https://info.nec.go.kr/main/showDocument.xhtml?electionId=0020260603&topMenuId=VC&secondMenuId=VCCP08
경상북도,영주시,광역의원,5470802,영주시제2선거구,1,임무석,11636,최인식,5774,5862,0,0,0,참고,부족 투표소가 해당 선거구에 속하는지는 투표소명 또는 읍면동이 공개된 경우에만 별도 확인 필요,https://info.nec.go.kr/main/showDocument.xhtml?electionId=0020260603&topMenuId=VC&secondMenuId=VCCP08
경상북도,영주시,기초의원,6470801,영주시가선거구,2,이정석,1679,김기훈,1552,127,0,0,0,우선검토,부족 투표소가 해당 선거구에 속하는지는 투표소명 또는 읍면동이 공개된 경우에만 별도 확인 필요,https://info.nec.go.kr/main/showDocument.xhtml?electionId=0020260603&topMenuId=VC&secondMenuId=VCCP08
경상북도,영주시,기초의원,6470802,영주시나선거구,2,석혜순,2598,최락선,2502,96,0,0,0,우선검토,부족 투표소가 해당 선거구에 속하는지는 투표소명 또는 읍면동이 공개된 경우에만 별도 확인 필요,https://info.nec.go.kr/main/showDocument.xhtml?electionId=0020260603&topMenuId=VC&secondMenuId=VCCP08
경상북도,영주시,기초의원,6470803,영주시다선거구,2,권오기,3022,김병창,2051,971,0,0,0,검토,부족 투표소가 해당 선거구에 속하는지는 투표소명 또는 읍면동이 공개된 경우에만 별도 확인 필요,https://info.nec.go.kr/main/showDocument.xhtml?electionId=0020260603&topMenuId=VC&secondMenuId=VCCP08
경상북도,영주시,기초의원,6470804,영주시라선거구,2,손성호,2635,장영희,1997,638,0,0,0,검토,부족 투표소가 해당 선거구에 속하는지는 투표소명 또는 읍면동이 공개된 경우에만 별도 확인 필요,https://info.nec.go.kr/main/showDocument.xhtml?electionId=0020260603&topMenuId=VC&secondMenuId=VCCP08
경상북도,영주시,기초의원,6470805,영주시마선거구,2,김삼재,2868,목승균,2673,195,0,0,0,우선검토,부족 투표소가 해당 선거구에 속하는지는 투표소명 또는 읍면동이 공개된 경우에만 별도 확인 필요,https://info.nec.go.kr/main/showDocument.xhtml?electionId=0020260603&topMenuId=VC&secondMenuId=VCCP08
경상북도,영주시,기초의원,6470806,영주시바선거구,2,최종찬,1849,전영탁,1539,310,0,0,0,우선검토,부족 투표소가 해당 선거구에 속하는지는 투표소명 또는 읍면동이 공개된 경우에만 별도 확인 필요,https://info.nec.go.kr/main/showDocument.xhtml?electionId=0020260603&topMenuId=VC&secondMenuId=VCCP08
경상북도,영천시,기초의원,6470901,영천시가선거구,2,최순례,3062,조현우,1949,1113,0,0,0,검토,부족 투표소가 해당 선거구에 속하는지는 투표소명 또는 읍면동이 공개된 경우에만 별도 확인 필요,https://info.nec.go.kr/main/showDocument.xhtml?electionId=0020260603&topMenuId=VC&secondMenuId=VCCP08
경상북도,영천시,기초의원,6470902,영천시나선거구,3,이영우,2325,서만율,2257,68,0,0,0,우선검토,부족 투표소가 해당 선거구에 속하는지는 투표소명 또는 읍면동이 공개된 경우에만 별도 확인 필요,https://info.nec.go.kr/main/showDocument.xhtml?electionId=0020260603&topMenuId=VC&secondMenuId=VCCP08
경상북도,영천시,기초의원,6470903,영천시다선거구,3,조창호,3932,김용문,3823,109,0,0,0,우선검토,부족 투표소가 해당 선거구에 속하는지는 투표소명 또는 읍면동이 공개된 경우에만 별도 확인 필요,https://info.nec.go.kr/main/showDocument.xhtml?electionId=0020260603&topMenuId=VC&secondMenuId=VCCP08
경상북도,영천시,기초의원,6470904,영천시라선거구,2,이갑균,3320,김수환,2571,749,0,0,0,검토,부족 투표소가 해당 선거구에 속하는지는 투표소명 또는 읍면동이 공개된 경우에만 별도 확인 필요,https://info.nec.go.kr/main/showDocument.xhtml?electionId=0020260603&topMenuId=VC&secondMenuId=VCCP08
경상북도,예천군,광역의원,5471201,예천군제1선거구,1,김재환,10793,조동광,4302,6491,0,0,0,참고,부족 투표소가 해당 선거구에 속하는지는 투표소명 또는 읍면동이 공개된 경우에만 별도 확인 필요,https://info.nec.go.kr/main/showDocument.xhtml?electionId=0020260603&topMenuId=VC&secondMenuId=VCCP08
경상북도,예천군,광역의원,5471202,예천군제2선거구,1,최병욱,9289,정광주,6161,3128,0,0,0,참고,부족 투표소가 해당 선거구에 속하는지는 투표소명 또는 읍면동이 공개된 경우에만 별도 확인 필요,https://info.nec.go.kr/main/showDocument.xhtml?electionId=0020260603&topMenuId=VC&secondMenuId=VCCP08
경상북도,예천군,기초의원,6471201,예천군가선거구,2,장삼규,2465,신향순,2239,226,0,0,0,우선검토,부족 투표소가 해당 선거구에 속하는지는 투표소명 또는 읍면동이 공개된 경우에만 별도 확인 필요,https://info.nec.go.kr/main/showDocument.xhtml?electionId=0020260603&topMenuId=VC&secondMenuId=VCCP08
경상북도,예천군,기초의원,6471202,예천군나선거구,2,강영구,2263,박종철,1673,590,0,0,0,검토,부족 투표소가 해당 선거구에 속하는지는 투표소명 또는 읍면동이 공개된 경우에만 별도 확인 필요,https://info.nec.go.kr/main/showDocument.xhtml?electionId=0020260603&topMenuId=VC&secondMenuId=VCCP08
경상북도,예천군,기초의원,6471203,예천군다선거구,4,권동우,1594,강경탁,1528,66,0,0,0,우선검토,부족 투표소가 해당 선거구에 속하는지는 투표소명 또는 읍면동이 공개된 경우에만 별도 확인 필요,https://info.nec.go.kr/main/showDocument.xhtml?electionId=0020260603&topMenuId=VC&secondMenuId=VCCP08
경상북도,울릉군,기초의원,6470301,울릉군가선거구,4,장재태,703,공경식,622,81,0,0,0,우선검토,부족 투표소가 해당 선거구에 속하는지는 투표소명 또는 읍면동이 공개된 경우에만 별도 확인 필요,https://info.nec.go.kr/main/showDocument.xhtml?electionId=0020260603&topMenuId=VC&secondMenuId=VCCP08
경상북도,울릉군,기초의원,6470302,울릉군나선거구,2,이상식,657,최병호,603,54,0,0,0,우선검토,부족 투표소가 해당 선거구에 속하는지는 투표소명 또는 읍면동이 공개된 경우에만 별도 확인 필요,https://info.nec.go.kr/main/showDocument.xhtml?electionId=0020260603&topMenuId=VC&secondMenuId=VCCP08
경상북도,울진군,기초의원,6472401,울진군가선거구,2,김도엽,2032,박영길,1859,173,0,0,0,우선검토,부족 투표소가 해당 선거구에 속하는지는 투표소명 또는 읍면동이 공개된 경우에만 별도 확인 필요,https://info.nec.go.kr/main/showDocument.xhtml?electionId=0020260603&topMenuId=VC&secondMenuId=VCCP08
경상북도,울진군,기초의원,6472402,울진군나선거구,2,장유덕,1962,임동인,1860,102,0,0,0,우선검토,부족 투표소가 해당 선거구에 속하는지는 투표소명 또는 읍면동이 공개된 경우에만 별도 확인 필요,https://info.nec.go.kr/main/showDocument.xhtml?electionId=0020260603&topMenuId=VC&secondMenuId=VCCP08
경상북도,울진군,기초의원,6472403,울진군다선거구,3,김정희,2327,안순자,1721,606,0,0,0,검토,부족 투표소가 해당 선거구에 속하는지는 투표소명 또는 읍면동이 공개된 경우에만 별도 확인 필요,https://info.nec.go.kr/main/showDocument.xhtml?electionId=0020260603&topMenuId=VC&secondMenuId=VCCP08
경상북도,의성군,광역의원,5471901,의성군제1선거구,1,최태림,7930,박지혁,7162,768,0,0,0,검토,부족 투표소가 해당 선거구에 속하는지는 투표소명 또는 읍면동이 공개된 경우에만 별도 확인 필요,https://info.nec.go.kr/main/showDocument.xhtml?electionId=0020260603&topMenuId=VC&secondMenuId=VCCP08
경상북도,의성군,기초의원,6471901,의성군가선거구,3,이상국,2317,김현찬,2056,261,0,0,0,우선검토,부족 투표소가 해당 선거구에 속하는지는 투표소명 또는 읍면동이 공개된 경우에만 별도 확인 필요,https://info.nec.go.kr/main/showDocument.xhtml?electionId=0020260603&topMenuId=VC&secondMenuId=VCCP08
경상북도,의성군,기초의원,6471902,의성군나선거구,2,신태수,1541,신광진,1467,74,0,0,0,우선검토,부족 투표소가 해당 선거구에 속하는지는 투표소명 또는 읍면동이 공개된 경우에만 별도 확인 필요,https://info.nec.go.kr/main/showDocument.xhtml?electionId=0020260603&topMenuId=VC&secondMenuId=VCCP08
경상북도,의성군,기초의원,6471903,의성군다선거구,2,오호열,1788,김원석,1753,35,0,0,0,우선검토,부족 투표소가 해당 선거구에 속하는지는 투표소명 또는 읍면동이 공개된 경우에만 별도 확인 필요,https://info.nec.go.kr/main/showDocument.xhtml?electionId=0020260603&topMenuId=VC&secondMenuId=VCCP08
경상북도,의성군,기초의원,6471904,의성군라선거구,2,박화자,1774,최정영,1141,633,0,0,0,검토,부족 투표소가 해당 선거구에 속하는지는 투표소명 또는 읍면동이 공개된 경우에만 별도 확인 필요,https://info.nec.go.kr/main/showDocument.xhtml?electionId=0020260603&topMenuId=VC&secondMenuId=VCCP08
경상북도,의성군,기초의원,6471905,의성군마선거구,2,우칠윤,1645,송승목,1340,305,0,0,0,우선검토,부족 투표소가 해당 선거구에 속하는지는 투표소명 또는 읍면동이 공개된 경우에만 별도 확인 필요,https://info.nec.go.kr/main/showDocument.xhtml?electionId=0020260603&topMenuId=VC&secondMenuId=VCCP08
경상북도,청도군,기초의원,6471401,청도군가선거구,3,박호석,2384,전종율,1672,712,0,0,0,검토,부족 투표소가 해당 선거구에 속하는지는 투표소명 또는 읍면동이 공개된 경우에만 별도 확인 필요,https://info.nec.go.kr/main/showDocument.xhtml?electionId=0020260603&topMenuId=VC&secondMenuId=VCCP08
경상북도,청도군,기초의원,6471402,청도군나선거구,3,김종명,2620,이수연,2504,116,0,0,0,우선검토,부족 투표소가 해당 선거구에 속하는지는 투표소명 또는 읍면동이 공개된 경우에만 별도 확인 필요,https://info.nec.go.kr/main/showDocument.xhtml?electionId=0020260603&topMenuId=VC&secondMenuId=VCCP08
경상북도,청송군,기초의원,6472001,청송군가선거구,3,박신영,2053,권광기,1731,322,0,0,0,우선검토,부족 투표소가 해당 선거구에 속하는지는 투표소명 또는 읍면동이 공개된 경우에만 별도 확인 필요,https://info.nec.go.kr/main/showDocument.xhtml?electionId=0020260603&topMenuId=VC&secondMenuId=VCCP08
경상북도,청송군,기초의원,6472002,청송군나선거구,3,김무섭,1565,정미진,1257,308,0,0,0,우선검토,부족 투표소가 해당 선거구에 속하는지는 투표소명 또는 읍면동이 공개된 경우에만 별도 확인 필요,https://info.nec.go.kr/main/showDocument.xhtml?electionId=0020260603&topMenuId=VC&secondMenuId=VCCP08
경상북도,칠곡군,기초의원,6471701,칠곡군가선거구,3,장현주,3401,배성현,2744,657,0,0,0,검토,부족 투표소가 해당 선거구에 속하는지는 투표소명 또는 읍면동이 공개된 경우에만 별도 확인 필요,https://info.nec.go.kr/main/showDocument.xhtml?electionId=0020260603&topMenuId=VC&secondMenuId=VCCP08
경상북도,칠곡군,기초의원,6471703,칠곡군다선거구,3,김태희,3774,이기훈,1437,2337,0,0,0,참고,부족 투표소가 해당 선거구에 속하는지는 투표소명 또는 읍면동이 공개된 경우에만 별도 확인 필요,https://info.nec.go.kr/main/showDocument.xhtml?electionId=0020260603&topMenuId=VC&secondMenuId=VCCP08
경상북도,칠곡군,기초의원,6471704,칠곡군라선거구,2,조동석,2923,박정익,2279,644,0,0,0,검토,부족 투표소가 해당 선거구에 속하는지는 투표소명 또는 읍면동이 공개된 경우에만 별도 확인 필요,https://info.nec.go.kr/main/showDocument.xhtml?electionId=0020260603&topMenuId=VC&secondMenuId=VCCP08
경상북도,포항시남구,광역의원,5470202,포항시제7선거구,1,이동업,17101,주해남,7667,9434,0,0,0,참고,부족 투표소가 해당 선거구에 속하는지는 투표소명 또는 읍면동이 공개된 경우에만 별도 확인 필요,https://info.nec.go.kr/main/showDocument.xhtml?electionId=0020260603&topMenuId=VC&secondMenuId=VCCP08
경상북도,포항시남구,광역의원,5470203,포항시제8선거구,1,박정호,10399,박성필,7297,3102,0,0,0,참고,부족 투표소가 해당 선거구에 속하는지는 투표소명 또는 읍면동이 공개된 경우에만 별도 확인 필요,https://info.nec.go.kr/main/showDocument.xhtml?electionId=0020260603&topMenuId=VC&secondMenuId=VCCP08
경상북도,포항시남구,광역의원,5470204,포항시제9선거구,1,손희권,13938,김상헌,10877,3061,0,0,0,참고,부족 투표소가 해당 선거구에 속하는지는 투표소명 또는 읍면동이 공개된 경우에만 별도 확인 필요,https://info.nec.go.kr/main/showDocument.xhtml?electionId=0020260603&topMenuId=VC&secondMenuId=VCCP08
경상북도,포항시남구,기초의원,6470201,포항시아선거구,2,김영헌,2563,이준영,2074,489,0,0,0,우선검토,부족 투표소가 해당 선거구에 속하는지는 투표소명 또는 읍면동이 공개된 경우에만 별도 확인 필요,https://info.nec.go.kr/main/showDocument.xhtml?electionId=0020260603&topMenuId=VC&secondMenuId=VCCP08
경상북도,포항시남구,기초의원,6470202,포항시자선거구,3,이민규,3444,양윤제,2549,895,0,0,0,검토,부족 투표소가 해당 선거구에 속하는지는 투표소명 또는 읍면동이 공개된 경우에만 별도 확인 필요,https://info.nec.go.kr/main/showDocument.xhtml?electionId=0020260603&topMenuId=VC&secondMenuId=VCCP08
경상북도,포항시남구,기초의원,6470203,포항시차선거구,3,김홍열,3763,최해곤,3251,512,0,0,0,검토,부족 투표소가 해당 선거구에 속하는지는 투표소명 또는 읍면동이 공개된 경우에만 별도 확인 필요,https://info.nec.go.kr/main/showDocument.xhtml?electionId=0020260603&topMenuId=VC&secondMenuId=VCCP08
경상북도,포항시남구,기초의원,6470204,포항시카선거구,3,임주희,4132,함정호,3188,944,0,0,0,검토,부족 투표소가 해당 선거구에 속하는지는 투표소명 또는 읍면동이 공개된 경우에만 별도 확인 필요,https://info.nec.go.kr/main/showDocument.xhtml?electionId=0020260603&topMenuId=VC&secondMenuId=VCCP08
경상북도,포항시남구,기초의원,6470205,포항시타선거구,3,이재진,4436,김형철,3535,901,0,0,0,검토,부족 투표소가 해당 선거구에 속하는지는 투표소명 또는 읍면동이 공개된 경우에만 별도 확인 필요,https://info.nec.go.kr/main/showDocument.xhtml?electionId=0020260603&topMenuId=VC&secondMenuId=VCCP08
경상북도,포항시북구,광역의원,5470101,포항시제1선거구,1,김상백,11687,한창화,7724,3963,0,0,0,참고,부족 투표소가 해당 선거구에 속하는지는 투표소명 또는 읍면동이 공개된 경우에만 별도 확인 필요,https://info.nec.go.kr/main/showDocument.xhtml?electionId=0020260603&topMenuId=VC&secondMenuId=VCCP08
경상북도,포항시북구,광역의원,5470102,포항시제2선거구,1,장명수,11191,이성일,8495,2696,0,0,0,참고,부족 투표소가 해당 선거구에 속하는지는 투표소명 또는 읍면동이 공개된 경우에만 별도 확인 필요,https://info.nec.go.kr/main/showDocument.xhtml?electionId=0020260603&topMenuId=VC&secondMenuId=VCCP08
경상북도,포항시북구,광역의원,5470103,포항시제3선거구,1,김상일,20620,정승곤,11313,9307,0,0,0,참고,부족 투표소가 해당 선거구에 속하는지는 투표소명 또는 읍면동이 공개된 경우에만 별도 확인 필요,https://info.nec.go.kr/main/showDocument.xhtml?electionId=0020260603&topMenuId=VC&secondMenuId=VCCP08
경상북도,포항시북구,기초의원,6470101,포항시가선거구,2,유흥근,5503,백강훈,5021,482,0,0,0,우선검토,부족 투표소가 해당 선거구에 속하는지는 투표소명 또는 읍면동이 공개된 경우에만 별도 확인 필요,https://info.nec.go.kr/main/showDocument.xhtml?electionId=0020260603&topMenuId=VC&secondMenuId=VCCP08
경상북도,포항시북구,기초의원,6470102,포항시나선거구,2,김종익,6752,김도준,5627,1125,0,0,0,검토,부족 투표소가 해당 선거구에 속하는지는 투표소명 또는 읍면동이 공개된 경우에만 별도 확인 필요,https://info.nec.go.kr/main/showDocument.xhtml?electionId=0020260603&topMenuId=VC&secondMenuId=VCCP08
경상북도,포항시북구,기초의원,6470103,포항시다선거구,2,김현옥,4727,전주형,4721,6,0,0,0,우선검토,부족 투표소가 해당 선거구에 속하는지는 투표소명 또는 읍면동이 공개된 경우에만 별도 확인 필요,https://info.nec.go.kr/main/showDocument.xhtml?electionId=0020260603&topMenuId=VC&secondMenuId=VCCP08
경상북도,포항시북구,기초의원,6470104,포항시라선거구,2,정종식,4957,오호영,3882,1075,0,0,0,검토,부족 투표소가 해당 선거구에 속하는지는 투표소명 또는 읍면동이 공개된 경우에만 별도 확인 필요,https://info.nec.go.kr/main/showDocument.xhtml?electionId=0020260603&topMenuId=VC&secondMenuId=VCCP08
경상북도,포항시북구,기초의원,6470106,포항시바선거구,2,양아영,4559,안은희,4045,514,0,0,0,검토,부족 투표소가 해당 선거구에 속하는지는 투표소명 또는 읍면동이 공개된 경우에만 별도 확인 필요,https://info.nec.go.kr/main/showDocument.xhtml?electionId=0020260603&topMenuId=VC&secondMenuId=VCCP08
경상북도,포항시북구,기초의원,6470107,포항시사선거구,2,김만호,4350,김정희,2322,2028,0,0,0,참고,부족 투표소가 해당 선거구에 속하는지는 투표소명 또는 읍면동이 공개된 경우에만 별도 확인 필요,https://info.nec.go.kr/main/showDocument.xhtml?electionId=0020260603&topMenuId=VC&secondMenuId=VCCP08
광주광역시,광산구,광역의원,5290501,광산구제1선거구,1,한귀례,19480,국강현,14846,4634,0,0,0,참고,부족 투표소가 해당 선거구에 속하는지는 투표소명 또는 읍면동이 공개된 경우에만 별도 확인 필요,https://info.nec.go.kr/main/showDocument.xhtml?electionId=0020260603&topMenuId=VC&secondMenuId=VCCP08
광주광역시,광산구,광역의원,5290502,광산구제2선거구,1,이영순,24963,김선미,12234,12729,0,0,0,참고,부족 투표소가 해당 선거구에 속하는지는 투표소명 또는 읍면동이 공개된 경우에만 별도 확인 필요,https://info.nec.go.kr/main/showDocument.xhtml?electionId=0020260603&topMenuId=VC&secondMenuId=VCCP08
광주광역시,광산구,광역의원,5290503,광산구제3선거구,3,최경미,9990,김광란,8364,1626,0,0,0,검토,부족 투표소가 해당 선거구에 속하는지는 투표소명 또는 읍면동이 공개된 경우에만 별도 확인 필요,https://info.nec.go.kr/main/showDocument.xhtml?electionId=0020260603&topMenuId=VC&secondMenuId=VCCP08
광주광역시,광산구,기초의원,6290501,광산구가선거구,4,유영종,4126,정진태,3436,690,0,0,0,검토,부족 투표소가 해당 선거구에 속하는지는 투표소명 또는 읍면동이 공개된 경우에만 별도 확인 필요,https://info.nec.go.kr/main/showDocument.xhtml?electionId=0020260603&topMenuId=VC&secondMenuId=VCCP08
광주광역시,광산구,기초의원,6290502,광산구나선거구,4,박미옥,4285,강대호,4115,170,0,0,0,우선검토,부족 투표소가 해당 선거구에 속하는지는 투표소명 또는 읍면동이 공개된 경우에만 별도 확인 필요,https://info.nec.go.kr/main/showDocument.xhtml?electionId=0020260603&topMenuId=VC&secondMenuId=VCCP08
광주광역시,광산구,기초의원,6290503,광산구다선거구,3,김은정,5929,조영임,3389,2540,0,0,0,참고,부족 투표소가 해당 선거구에 속하는지는 투표소명 또는 읍면동이 공개된 경우에만 별도 확인 필요,https://info.nec.go.kr/main/showDocument.xhtml?electionId=0020260603&topMenuId=VC&secondMenuId=VCCP08
광주광역시,광산구,기초의원,6290505,광산구마선거구,3,김영선,6129,박철웅,5736,393,0,0,0,우선검토,부족 투표소가 해당 선거구에 속하는지는 투표소명 또는 읍면동이 공개된 경우에만 별도 확인 필요,https://info.nec.go.kr/main/showDocument.xhtml?electionId=0020260603&topMenuId=VC&secondMenuId=VCCP08
광주광역시,남구,광역의원,5290301,남구제1선거구,3,임미란,12844,김혜란,11886,958,0,0,0,검토,부족 투표소가 해당 선거구에 속하는지는 투표소명 또는 읍면동이 공개된 경우에만 별도 확인 필요,https://info.nec.go.kr/main/showDocument.xhtml?electionId=0020260603&topMenuId=VC&secondMenuId=VCCP08
광주광역시,남구,기초의원,6290301,남구가선거구,3,김경묵,4768,김춘구,3685,1083,0,0,0,검토,부족 투표소가 해당 선거구에 속하는지는 투표소명 또는 읍면동이 공개된 경우에만 별도 확인 필요,https://info.nec.go.kr/main/showDocument.xhtml?electionId=0020260603&topMenuId=VC&secondMenuId=VCCP08
광주광역시,남구,기초의원,6290302,남구나선거구,4,고우람,5368,신종혁,4735,633,0,0,0,검토,부족 투표소가 해당 선거구에 속하는지는 투표소명 또는 읍면동이 공개된 경우에만 별도 확인 필요,https://info.nec.go.kr/main/showDocument.xhtml?electionId=0020260603&topMenuId=VC&secondMenuId=VCCP08
광주광역시,남구,기초의원,6290303,남구다선거구,3,서상기,3773,박용화,3699,74,0,0,0,우선검토,부족 투표소가 해당 선거구에 속하는지는 투표소명 또는 읍면동이 공개된 경우에만 별도 확인 필요,https://info.nec.go.kr/main/showDocument.xhtml?electionId=0020260603&topMenuId=VC&secondMenuId=VCCP08
광주광역시,동구,광역의원,5290101,동구제1선거구,1,홍기월,18360,문정호,5761,12599,0,0,0,참고,부족 투표소가 해당 선거구에 속하는지는 투표소명 또는 읍면동이 공개된 경우에만 별도 확인 필요,https://info.nec.go.kr/main/showDocument.xhtml?electionId=0020260603&topMenuId=VC&secondMenuId=VCCP08
광주광역시,동구,기초의원,6290101,동구가선거구,3,홍두석,3595,문선화,3460,135,0,0,0,우선검토,부족 투표소가 해당 선거구에 속하는지는 투표소명 또는 읍면동이 공개된 경우에만 별도 확인 필요,https://info.nec.go.kr/main/showDocument.xhtml?electionId=0020260603&topMenuId=VC&secondMenuId=VCCP08
광주광역시,동구,기초의원,6290102,동구나선거구,3,박종균,5773,허성용,3977,1796,0,0,0,검토,부족 투표소가 해당 선거구에 속하는지는 투표소명 또는 읍면동이 공개된 경우에만 별도 확인 필요,https://info.nec.go.kr/main/showDocument.xhtml?electionId=0020260603&topMenuId=VC&secondMenuId=VCCP08
광주광역시,북구,광역의원,5290401,북구제1선거구,4,안평환,7479,김상훈,6951,528,0,0,0,검토,부족 투표소가 해당 선거구에 속하는지는 투표소명 또는 읍면동이 공개된 경우에만 별도 확인 필요,https://info.nec.go.kr/main/showDocument.xhtml?electionId=0020260603&topMenuId=VC&secondMenuId=VCCP08
광주광역시,북구,광역의원,5290402,북구제2선거구,3,임종국,10096,주순일,9808,288,0,0,0,우선검토,부족 투표소가 해당 선거구에 속하는지는 투표소명 또는 읍면동이 공개된 경우에만 별도 확인 필요,https://info.nec.go.kr/main/showDocument.xhtml?electionId=0020260603&topMenuId=VC&secondMenuId=VCCP08
광주광역시,북구,광역의원,5290403,북구제3선거구,1,조석호,22595,소재섭,17852,4743,0,0,0,참고,부족 투표소가 해당 선거구에 속하는지는 투표소명 또는 읍면동이 공개된 경우에만 별도 확인 필요,https://info.nec.go.kr/main/showDocument.xhtml?electionId=0020260603&topMenuId=VC&secondMenuId=VCCP08
광주광역시,북구,기초의원,6290401,북구가선거구,3,기대서,3458,고점례,3054,404,0,0,0,우선검토,부족 투표소가 해당 선거구에 속하는지는 투표소명 또는 읍면동이 공개된 경우에만 별도 확인 필요,https://info.nec.go.kr/main/showDocument.xhtml?electionId=0020260603&topMenuId=VC&secondMenuId=VCCP08
광주광역시,북구,기초의원,6290402,북구나선거구,3,신정훈,5674,김재덕,5320,354,0,0,0,우선검토,부족 투표소가 해당 선거구에 속하는지는 투표소명 또는 읍면동이 공개된 경우에만 별도 확인 필요,https://info.nec.go.kr/main/showDocument.xhtml?electionId=0020260603&topMenuId=VC&secondMenuId=VCCP08
광주광역시,북구,기초의원,6290404,북구라선거구,3,배미선,5145,노한종,5026,119,0,0,0,우선검토,부족 투표소가 해당 선거구에 속하는지는 투표소명 또는 읍면동이 공개된 경우에만 별도 확인 필요,https://info.nec.go.kr/main/showDocument.xhtml?electionId=0020260603&topMenuId=VC&secondMenuId=VCCP08
광주광역시,북구,기초의원,6290405,북구마선거구,3,한양임,5657,최연용,5186,471,0,0,0,우선검토,부족 투표소가 해당 선거구에 속하는지는 투표소명 또는 읍면동이 공개된 경우에만 별도 확인 필요,https://info.nec.go.kr/main/showDocument.xhtml?electionId=0020260603&topMenuId=VC&secondMenuId=VCCP08
광주광역시,북구,기초의원,6290406,북구바선거구,3,서은하,7312,주수영,5866,1446,0,0,0,검토,부족 투표소가 해당 선거구에 속하는지는 투표소명 또는 읍면동이 공개된 경우에만 별도 확인 필요,https://info.nec.go.kr/main/showDocument.xhtml?electionId=0020260603&topMenuId=VC&secondMenuId=VCCP08
광주광역시,서구,광역의원,5290202,서구제2선거구,1,오미섭,22705,김태진,14381,8324,0,0,0,참고,부족 투표소가 해당 선거구에 속하는지는 투표소명 또는 읍면동이 공개된 경우에만 별도 확인 필요,https://info.nec.go.kr/main/showDocument.xhtml?electionId=0020260603&topMenuId=VC&secondMenuId=VCCP08
광주광역시,서구,광역의원,5290203,서구제3선거구,1,고경애,21930,김형남,5658,16272,0,0,0,참고,부족 투표소가 해당 선거구에 속하는지는 투표소명 또는 읍면동이 공개된 경우에만 별도 확인 필요,https://info.nec.go.kr/main/showDocument.xhtml?electionId=0020260603&topMenuId=VC&secondMenuId=VCCP08
대구광역시,군위군,광역의원,5270901,군위군선거구,1,박창석,12289,정유석,4199,8090,0,0,0,참고,부족 투표소가 해당 선거구에 속하는지는 투표소명 또는 읍면동이 공개된 경우에만 별도 확인 필요,https://info.nec.go.kr/main/showDocument.xhtml?electionId=0020260603&topMenuId=VC&secondMenuId=VCCP08
대구광역시,군위군,기초의원,6270901,군위군가선거구,3,김현주,1533,홍복순,1400,133,0,0,0,우선검토,부족 투표소가 해당 선거구에 속하는지는 투표소명 또는 읍면동이 공개된 경우에만 별도 확인 필요,https://info.nec.go.kr/main/showDocument.xhtml?electionId=0020260603&topMenuId=VC&secondMenuId=VCCP08
대구광역시,군위군,기초의원,6270902,군위군나선거구,3,이종무,1128,장철식,1102,26,0,0,0,우선검토,부족 투표소가 해당 선거구에 속하는지는 투표소명 또는 읍면동이 공개된 경우에만 별도 확인 필요,https://info.nec.go.kr/main/showDocument.xhtml?electionId=0020260603&topMenuId=VC&secondMenuId=VCCP08
대구광역시,남구,광역의원,5270401,남구제1선거구,1,권오섭,24285,이정현,15311,8974,0,0,0,참고,부족 투표소가 해당 선거구에 속하는지는 투표소명 또는 읍면동이 공개된 경우에만 별도 확인 필요,https://info.nec.go.kr/main/showDocument.xhtml?electionId=0020260603&topMenuId=VC&secondMenuId=VCCP08
대구광역시,남구,광역의원,5270402,남구제2선거구,1,고병수,24603,이도겸,11313,13290,0,0,0,참고,부족 투표소가 해당 선거구에 속하는지는 투표소명 또는 읍면동이 공개된 경우에만 별도 확인 필요,https://info.nec.go.kr/main/showDocument.xhtml?electionId=0020260603&topMenuId=VC&secondMenuId=VCCP08
대구광역시,남구,기초의원,6270401,남구가선거구,3,함광식,4435,전주현,4060,375,0,0,0,우선검토,부족 투표소가 해당 선거구에 속하는지는 투표소명 또는 읍면동이 공개된 경우에만 별도 확인 필요,https://info.nec.go.kr/main/showDocument.xhtml?electionId=0020260603&topMenuId=VC&secondMenuId=VCCP08
대구광역시,남구,기초의원,6270402,남구나선거구,2,주경민,5035,송민선,3888,1147,0,0,0,검토,부족 투표소가 해당 선거구에 속하는지는 투표소명 또는 읍면동이 공개된 경우에만 별도 확인 필요,https://info.nec.go.kr/main/showDocument.xhtml?electionId=0020260603&topMenuId=VC&secondMenuId=VCCP08
대구광역시,남구,기초의원,6270403,남구다선거구,2,강민욱,4934,배민철,2146,2788,0,0,0,참고,부족 투표소가 해당 선거구에 속하는지는 투표소명 또는 읍면동이 공개된 경우에만 별도 확인 필요,https://info.nec.go.kr/main/showDocument.xhtml?electionId=0020260603&topMenuId=VC&secondMenuId=VCCP08
대구광역시,달서구,광역의원,5270701,달서구제1선거구,1,이영애,29696,김민환,16656,13040,0,0,0,참고,부족 투표소가 해당 선거구에 속하는지는 투표소명 또는 읍면동이 공개된 경우에만 별도 확인 필요,https://info.nec.go.kr/main/showDocument.xhtml?electionId=0020260603&topMenuId=VC&secondMenuId=VCCP08
대구광역시,달서구,광역의원,5270702,달서구제2선거구,1,김기열,23049,장갑호,10829,12220,0,0,0,참고,부족 투표소가 해당 선거구에 속하는지는 투표소명 또는 읍면동이 공개된 경우에만 별도 확인 필요,https://info.nec.go.kr/main/showDocument.xhtml?electionId=0020260603&topMenuId=VC&secondMenuId=VCCP08
대구광역시,달서구,광역의원,5270703,달서구제3선거구,1,오명환,22393,차우미,14722,7671,0,0,0,참고,부족 투표소가 해당 선거구에 속하는지는 투표소명 또는 읍면동이 공개된 경우에만 별도 확인 필요,https://info.nec.go.kr/main/showDocument.xhtml?electionId=0020260603&topMenuId=VC&secondMenuId=VCCP08
대구광역시,달서구,광역의원,5270704,달서구제4선거구,1,이태손,24738,우영식,18558,6180,0,0,0,참고,부족 투표소가 해당 선거구에 속하는지는 투표소명 또는 읍면동이 공개된 경우에만 별도 확인 필요,https://info.nec.go.kr/main/showDocument.xhtml?electionId=0020260603&topMenuId=VC&secondMenuId=VCCP08
대구광역시,달서구,광역의원,5270705,달서구제5선거구,1,진미숙,23785,김태형,13181,10604,0,0,0,참고,부족 투표소가 해당 선거구에 속하는지는 투표소명 또는 읍면동이 공개된 경우에만 별도 확인 필요,https://info.nec.go.kr/main/showDocument.xhtml?electionId=0020260603&topMenuId=VC&secondMenuId=VCCP08
대구광역시,달서구,광역의원,5270706,달서구제6선거구,1,김주범,24417,김정희,12372,12045,0,0,0,참고,부족 투표소가 해당 선거구에 속하는지는 투표소명 또는 읍면동이 공개된 경우에만 별도 확인 필요,https://info.nec.go.kr/main/showDocument.xhtml?electionId=0020260603&topMenuId=VC&secondMenuId=VCCP08
대구광역시,달서구,광역의원,5270707,달서구제7선거구,1,김해철,19062,이진환,10165,8897,0,0,0,참고,부족 투표소가 해당 선거구에 속하는지는 투표소명 또는 읍면동이 공개된 경우에만 별도 확인 필요,https://info.nec.go.kr/main/showDocument.xhtml?electionId=0020260603&topMenuId=VC&secondMenuId=VCCP08
대구광역시,달서구,기초의원,6270703,달서구다선거구,3,도하석,5113,박종길,2125,2988,0,0,0,참고,부족 투표소가 해당 선거구에 속하는지는 투표소명 또는 읍면동이 공개된 경우에만 별도 확인 필요,https://info.nec.go.kr/main/showDocument.xhtml?electionId=0020260603&topMenuId=VC&secondMenuId=VCCP08
대구광역시,달서구,기초의원,6270704,달서구라선거구,2,남은경,11651,강한곤,4204,7447,0,0,0,참고,부족 투표소가 해당 선거구에 속하는지는 투표소명 또는 읍면동이 공개된 경우에만 별도 확인 필요,https://info.nec.go.kr/main/showDocument.xhtml?electionId=0020260603&topMenuId=VC&secondMenuId=VCCP08
대구광역시,달서구,기초의원,6270705,달서구마선거구,2,배지훈,6369,김광수,3678,2691,0,0,0,참고,부족 투표소가 해당 선거구에 속하는지는 투표소명 또는 읍면동이 공개된 경우에만 별도 확인 필요,https://info.nec.go.kr/main/showDocument.xhtml?electionId=0020260603&topMenuId=VC&secondMenuId=VCCP08
대구광역시,달서구,기초의원,6270706,달서구바선거구,3,곽병희,6131,김장관,5813,318,0,0,0,우선검토,부족 투표소가 해당 선거구에 속하는지는 투표소명 또는 읍면동이 공개된 경우에만 별도 확인 필요,https://info.nec.go.kr/main/showDocument.xhtml?electionId=0020260603&topMenuId=VC&secondMenuId=VCCP08
대구광역시,달서구,기초의원,6270707,달서구사선거구,3,손범구,6899,박선희,1928,4971,0,0,0,참고,부족 투표소가 해당 선거구에 속하는지는 투표소명 또는 읍면동이 공개된 경우에만 별도 확인 필요,https://info.nec.go.kr/main/showDocument.xhtml?electionId=0020260603&topMenuId=VC&secondMenuId=VCCP08
대구광역시,달서구,기초의원,6270708,달서구아선거구,3,고명욱,6295,원종진,1914,4381,0,0,0,참고,부족 투표소가 해당 선거구에 속하는지는 투표소명 또는 읍면동이 공개된 경우에만 별도 확인 필요,https://info.nec.go.kr/main/showDocument.xhtml?electionId=0020260603&topMenuId=VC&secondMenuId=VCCP08
대구광역시,달서구,기초의원,6270709,달서구자선거구,2,이성순,9544,장호섭,5232,4312,0,0,0,참고,부족 투표소가 해당 선거구에 속하는지는 투표소명 또는 읍면동이 공개된 경우에만 별도 확인 필요,https://info.nec.go.kr/main/showDocument.xhtml?electionId=0020260603&topMenuId=VC&secondMenuId=VCCP08
대구광역시,달성군,광역의원,5270801,달성군제1선거구,1,하중환,20793,김소형,10094,10699,0,0,0,참고,부족 투표소가 해당 선거구에 속하는지는 투표소명 또는 읍면동이 공개된 경우에만 별도 확인 필요,https://info.nec.go.kr/main/showDocument.xhtml?electionId=0020260603&topMenuId=VC&secondMenuId=VCCP08
대구광역시,달성군,광역의원,5270802,달성군제2선거구,1,최재규,33917,이대곤,20210,13707,0,0,0,참고,부족 투표소가 해당 선거구에 속하는지는 투표소명 또는 읍면동이 공개된 경우에만 별도 확인 필요,https://info.nec.go.kr/main/showDocument.xhtml?electionId=0020260603&topMenuId=VC&secondMenuId=VCCP08
대구광역시,달성군,광역의원,5270803,달성군제3선거구,1,배창규,27946,박영동,20183,7763,0,0,0,참고,부족 투표소가 해당 선거구에 속하는지는 투표소명 또는 읍면동이 공개된 경우에만 별도 확인 필요,https://info.nec.go.kr/main/showDocument.xhtml?electionId=0020260603&topMenuId=VC&secondMenuId=VCCP08
대구광역시,달성군,기초의원,6270801,달성군가선거구,2,배한곤,8567,신달호,6860,1707,0,0,0,검토,부족 투표소가 해당 선거구에 속하는지는 투표소명 또는 읍면동이 공개된 경우에만 별도 확인 필요,https://info.nec.go.kr/main/showDocument.xhtml?electionId=0020260603&topMenuId=VC&secondMenuId=VCCP08
대구광역시,달성군,기초의원,6270802,달성군나선거구,2,권주연,5787,서창석,3090,2697,0,0,0,참고,부족 투표소가 해당 선거구에 속하는지는 투표소명 또는 읍면동이 공개된 경우에만 별도 확인 필요,https://info.nec.go.kr/main/showDocument.xhtml?electionId=0020260603&topMenuId=VC&secondMenuId=VCCP08
대구광역시,달성군,기초의원,6270803,달성군다선거구,3,이상봉,5216,우성원,4521,695,0,0,0,검토,부족 투표소가 해당 선거구에 속하는지는 투표소명 또는 읍면동이 공개된 경우에만 별도 확인 필요,https://info.nec.go.kr/main/showDocument.xhtml?electionId=0020260603&topMenuId=VC&secondMenuId=VCCP08
대구광역시,달성군,기초의원,6270804,달성군라선거구,3,신동윤,7752,박주용,3160,4592,0,0,0,참고,부족 투표소가 해당 선거구에 속하는지는 투표소명 또는 읍면동이 공개된 경우에만 별도 확인 필요,https://info.nec.go.kr/main/showDocument.xhtml?electionId=0020260603&topMenuId=VC&secondMenuId=VCCP08
대구광역시,동구,광역의원,5270201,동구제1선거구,1,이원우,37027,도근환,20204,16823,0,0,0,참고,부족 투표소가 해당 선거구에 속하는지는 투표소명 또는 읍면동이 공개된 경우에만 별도 확인 필요,https://info.nec.go.kr/main/showDocument.xhtml?electionId=0020260603&topMenuId=VC&secondMenuId=VCCP08
대구광역시,동구,광역의원,5270203,동구제3선거구,1,김정민,26201,이종현,13881,12320,0,0,0,참고,부족 투표소가 해당 선거구에 속하는지는 투표소명 또는 읍면동이 공개된 경우에만 별도 확인 필요,https://info.nec.go.kr/main/showDocument.xhtml?electionId=0020260603&topMenuId=VC&secondMenuId=VCCP08
대구광역시,동구,광역의원,5270204,동구제4선거구,1,이재숙,30373,박동규,21059,9314,0,0,0,참고,부족 투표소가 해당 선거구에 속하는지는 투표소명 또는 읍면동이 공개된 경우에만 별도 확인 필요,https://info.nec.go.kr/main/showDocument.xhtml?electionId=0020260603&topMenuId=VC&secondMenuId=VCCP08
대구광역시,동구,기초의원,6270201,동구가선거구,3,주형숙,4125,박정심,3344,781,0,0,0,검토,부족 투표소가 해당 선거구에 속하는지는 투표소명 또는 읍면동이 공개된 경우에만 별도 확인 필요,https://info.nec.go.kr/main/showDocument.xhtml?electionId=0020260603&topMenuId=VC&secondMenuId=VCCP08
대구광역시,동구,기초의원,6270202,동구나선거구,3,김영화,3560,이동훈,3168,392,0,0,0,우선검토,부족 투표소가 해당 선거구에 속하는지는 투표소명 또는 읍면동이 공개된 경우에만 별도 확인 필요,https://info.nec.go.kr/main/showDocument.xhtml?electionId=0020260603&topMenuId=VC&secondMenuId=VCCP08
대구광역시,동구,기초의원,6270203,동구다선거구,3,이연미,5988,박철현,1457,4531,0,0,0,참고,부족 투표소가 해당 선거구에 속하는지는 투표소명 또는 읍면동이 공개된 경우에만 별도 확인 필요,https://info.nec.go.kr/main/showDocument.xhtml?electionId=0020260603&topMenuId=VC&secondMenuId=VCCP08
대구광역시,동구,기초의원,6270204,동구라선거구,3,김상호,6433,하중호,5479,954,0,0,0,검토,부족 투표소가 해당 선거구에 속하는지는 투표소명 또는 읍면동이 공개된 경우에만 별도 확인 필요,https://info.nec.go.kr/main/showDocument.xhtml?electionId=0020260603&topMenuId=VC&secondMenuId=VCCP08
대구광역시,동구,기초의원,6270205,동구마선거구,3,최건,4177,황순규,1592,2585,0,0,0,참고,부족 투표소가 해당 선거구에 속하는지는 투표소명 또는 읍면동이 공개된 경우에만 별도 확인 필요,https://info.nec.go.kr/main/showDocument.xhtml?electionId=0020260603&topMenuId=VC&secondMenuId=VCCP08
대구광역시,동구,기초의원,6270206,동구바선거구,2,김은옥,7538,최호영,3117,4421,0,0,0,참고,부족 투표소가 해당 선거구에 속하는지는 투표소명 또는 읍면동이 공개된 경우에만 별도 확인 필요,https://info.nec.go.kr/main/showDocument.xhtml?electionId=0020260603&topMenuId=VC&secondMenuId=VCCP08
대구광역시,북구,광역의원,5270501,북구제1선거구,1,류종우,30168,이명복,18242,11926,0,0,0,참고,부족 투표소가 해당 선거구에 속하는지는 투표소명 또는 읍면동이 공개된 경우에만 별도 확인 필요,https://info.nec.go.kr/main/showDocument.xhtml?electionId=0020260603&topMenuId=VC&secondMenuId=VCCP08
대구광역시,북구,광역의원,5270502,북구제2선거구,1,박현규,32948,임미연,16619,16329,0,0,0,참고,부족 투표소가 해당 선거구에 속하는지는 투표소명 또는 읍면동이 공개된 경우에만 별도 확인 필요,https://info.nec.go.kr/main/showDocument.xhtml?electionId=0020260603&topMenuId=VC&secondMenuId=VCCP08
대구광역시,북구,광역의원,5270503,북구제3선거구,1,최수열,28202,김태훈,17251,10951,0,0,0,참고,부족 투표소가 해당 선거구에 속하는지는 투표소명 또는 읍면동이 공개된 경우에만 별도 확인 필요,https://info.nec.go.kr/main/showDocument.xhtml?electionId=0020260603&topMenuId=VC&secondMenuId=VCCP08
대구광역시,북구,광역의원,5270504,북구제4선거구,1,허정수,26211,김지연,17664,8547,0,0,0,참고,부족 투표소가 해당 선거구에 속하는지는 투표소명 또는 읍면동이 공개된 경우에만 별도 확인 필요,https://info.nec.go.kr/main/showDocument.xhtml?electionId=0020260603&topMenuId=VC&secondMenuId=VCCP08
대구광역시,북구,광역의원,5270505,북구제5선거구,1,김재용,20611,김규학,12452,8159,0,0,0,참고,부족 투표소가 해당 선거구에 속하는지는 투표소명 또는 읍면동이 공개된 경우에만 별도 확인 필요,https://info.nec.go.kr/main/showDocument.xhtml?electionId=0020260603&topMenuId=VC&secondMenuId=VCCP08
대구광역시,북구,기초의원,6270502,북구나선거구,2,신창섭,7860,천민경,3460,4400,0,0,0,참고,부족 투표소가 해당 선거구에 속하는지는 투표소명 또는 읍면동이 공개된 경우에만 별도 확인 필요,https://info.nec.go.kr/main/showDocument.xhtml?electionId=0020260603&topMenuId=VC&secondMenuId=VCCP08
대구광역시,북구,기초의원,6270505,북구마선거구,3,오택근,7386,김종길,2813,4573,0,0,0,참고,부족 투표소가 해당 선거구에 속하는지는 투표소명 또는 읍면동이 공개된 경우에만 별도 확인 필요,https://info.nec.go.kr/main/showDocument.xhtml?electionId=0020260603&topMenuId=VC&secondMenuId=VCCP08
대구광역시,북구,기초의원,6270506,북구바선거구,3,김기조,7308,이상봉,5799,1509,0,0,0,검토,부족 투표소가 해당 선거구에 속하는지는 투표소명 또는 읍면동이 공개된 경우에만 별도 확인 필요,https://info.nec.go.kr/main/showDocument.xhtml?electionId=0020260603&topMenuId=VC&secondMenuId=VCCP08
대구광역시,북구,기초의원,6270507,북구사선거구,3,김상선,6348,김진우,1398,4950,0,0,0,참고,부족 투표소가 해당 선거구에 속하는지는 투표소명 또는 읍면동이 공개된 경우에만 별도 확인 필요,https://info.nec.go.kr/main/showDocument.xhtml?electionId=0020260603&topMenuId=VC&secondMenuId=VCCP08
대구광역시,서구,광역의원,5270301,서구제1선거구,1,이동운,33433,이주한,17158,16275,0,0,0,참고,부족 투표소가 해당 선거구에 속하는지는 투표소명 또는 읍면동이 공개된 경우에만 별도 확인 필요,https://info.nec.go.kr/main/showDocument.xhtml?electionId=0020260603&topMenuId=VC&secondMenuId=VCCP08
대구광역시,서구,광역의원,5270302,서구제2선거구,1,김준범,25380,노태룡,9984,15396,0,0,0,참고,부족 투표소가 해당 선거구에 속하는지는 투표소명 또는 읍면동이 공개된 경우에만 별도 확인 필요,https://info.nec.go.kr/main/showDocument.xhtml?electionId=0020260603&topMenuId=VC&secondMenuId=VCCP08
대구광역시,서구,기초의원,6270301,서구가선거구,2,손효원,6139,김진출,5226,913,0,0,0,검토,부족 투표소가 해당 선거구에 속하는지는 투표소명 또는 읍면동이 공개된 경우에만 별도 확인 필요,https://info.nec.go.kr/main/showDocument.xhtml?electionId=0020260603&topMenuId=VC&secondMenuId=VCCP08
대구광역시,서구,기초의원,6270302,서구나선거구,3,정영수,4830,김한태,1967,2863,0,0,0,참고,부족 투표소가 해당 선거구에 속하는지는 투표소명 또는 읍면동이 공개된 경우에만 별도 확인 필요,https://info.nec.go.kr/main/showDocument.xhtml?electionId=0020260603&topMenuId=VC&secondMenuId=VCCP08
대구광역시,서구,기초의원,6270303,서구다선거구,2,오연환,4424,김남일,3996,428,0,0,0,우선검토,부족 투표소가 해당 선거구에 속하는지는 투표소명 또는 읍면동이 공개된 경우에만 별도 확인 필요,https://info.nec.go.kr/main/showDocument.xhtml?electionId=0020260603&topMenuId=VC&secondMenuId=VCCP08
대구광역시,서구,기초의원,6270304,서구라선거구,2,노민석,6013,백일권,5006,1007,0,0,0,검토,부족 투표소가 해당 선거구에 속하는지는 투표소명 또는 읍면동이 공개된 경우에만 별도 확인 필요,https://info.nec.go.kr/main/showDocument.xhtml?electionId=0020260603&topMenuId=VC&secondMenuId=VCCP08
대구광역시,수성구,광역의원,5270601,수성구제1선거구,1,정일균,24192,이지은,14442,9750,0,0,0,참고,부족 투표소가 해당 선거구에 속하는지는 투표소명 또는 읍면동이 공개된 경우에만 별도 확인 필요,https://info.nec.go.kr/main/showDocument.xhtml?electionId=0020260603&topMenuId=VC&secondMenuId=VCCP08
대구광역시,수성구,광역의원,5270602,수성구제2선거구,1,김중군,26033,차현민,17346,8687,0,0,0,참고,부족 투표소가 해당 선거구에 속하는지는 투표소명 또는 읍면동이 공개된 경우에만 별도 확인 필요,https://info.nec.go.kr/main/showDocument.xhtml?electionId=0020260603&topMenuId=VC&secondMenuId=VCCP08
대구광역시,수성구,광역의원,5270603,수성구제3선거구,1,이성오,26455,황혜진,18090,8365,0,0,0,참고,부족 투표소가 해당 선거구에 속하는지는 투표소명 또는 읍면동이 공개된 경우에만 별도 확인 필요,https://info.nec.go.kr/main/showDocument.xhtml?electionId=0020260603&topMenuId=VC&secondMenuId=VCCP08
대구광역시,수성구,광역의원,5270604,수성구제4선거구,1,박종필,30443,김호희,14839,15604,0,0,0,참고,부족 투표소가 해당 선거구에 속하는지는 투표소명 또는 읍면동이 공개된 경우에만 별도 확인 필요,https://info.nec.go.kr/main/showDocument.xhtml?electionId=0020260603&topMenuId=VC&secondMenuId=VCCP08
대구광역시,수성구,광역의원,5270605,수성구제5선거구,1,김태우,31586,정애향,13935,17651,0,0,0,참고,부족 투표소가 해당 선거구에 속하는지는 투표소명 또는 읍면동이 공개된 경우에만 별도 확인 필요,https://info.nec.go.kr/main/showDocument.xhtml?electionId=0020260603&topMenuId=VC&secondMenuId=VCCP08
대구광역시,수성구,기초의원,6270601,수성구가선거구,3,전영태,6930,정대현,4902,2028,0,0,0,참고,부족 투표소가 해당 선거구에 속하는지는 투표소명 또는 읍면동이 공개된 경우에만 별도 확인 필요,https://info.nec.go.kr/main/showDocument.xhtml?electionId=0020260603&topMenuId=VC&secondMenuId=VCCP08
대구광역시,수성구,기초의원,6270602,수성구나선거구,2,지형일,8184,김희섭,4307,3877,0,0,0,참고,부족 투표소가 해당 선거구에 속하는지는 투표소명 또는 읍면동이 공개된 경우에만 별도 확인 필요,https://info.nec.go.kr/main/showDocument.xhtml?electionId=0020260603&topMenuId=VC&secondMenuId=VCCP08
대구광역시,수성구,기초의원,6270603,수성구다선거구,2,전학익,7204,최홍석,2586,4618,0,0,0,참고,부족 투표소가 해당 선거구에 속하는지는 투표소명 또는 읍면동이 공개된 경우에만 별도 확인 필요,https://info.nec.go.kr/main/showDocument.xhtml?electionId=0020260603&topMenuId=VC&secondMenuId=VCCP08
대구광역시,수성구,기초의원,6270604,수성구라선거구,3,황치모,8989,오태훈,4655,4334,0,0,0,참고,부족 투표소가 해당 선거구에 속하는지는 투표소명 또는 읍면동이 공개된 경우에만 별도 확인 필요,https://info.nec.go.kr/main/showDocument.xhtml?electionId=0020260603&topMenuId=VC&secondMenuId=VCCP08
대구광역시,수성구,기초의원,6270605,수성구마선거구,5,김희윤,3846,조규화,3106,740,0,0,0,검토,부족 투표소가 해당 선거구에 속하는지는 투표소명 또는 읍면동이 공개된 경우에만 별도 확인 필요,https://info.nec.go.kr/main/showDocument.xhtml?electionId=0020260603&topMenuId=VC&secondMenuId=VCCP08
대구광역시,수성구,기초의원,6270606,수성구바선거구,4,김재현,3543,김영이,918,2625,0,0,0,참고,부족 투표소가 해당 선거구에 속하는지는 투표소명 또는 읍면동이 공개된 경우에만 별도 확인 필요,https://info.nec.go.kr/main/showDocument.xhtml?electionId=0020260603&topMenuId=VC&secondMenuId=VCCP08
대구광역시,중구,광역의원,5270101,중구제1선거구,1,임인환,13927,석혜영,8555,5372,0,0,0,참고,부족 투표소가 해당 선거구에 속하는지는 투표소명 또는 읍면동이 공개된 경우에만 별도 확인 필요,https://info.nec.go.kr/main/showDocument.xhtml?electionId=0020260603&topMenuId=VC&secondMenuId=VCCP08
대구광역시,중구,광역의원,5270102,중구제2선거구,1,이형원,19220,김혜진,12832,6388,0,0,0,참고,부족 투표소가 해당 선거구에 속하는지는 투표소명 또는 읍면동이 공개된 경우에만 별도 확인 필요,https://info.nec.go.kr/main/showDocument.xhtml?electionId=0020260603&topMenuId=VC&secondMenuId=VCCP08
대구광역시,중구,기초의원,6270101,중구가선거구,3,임태훈,4057,박지용,2365,1692,0,0,0,검토,부족 투표소가 해당 선거구에 속하는지는 투표소명 또는 읍면동이 공개된 경우에만 별도 확인 필요,https://info.nec.go.kr/main/showDocument.xhtml?electionId=0020260603&topMenuId=VC&secondMenuId=VCCP08
대구광역시,중구,기초의원,6270102,중구나선거구,3,이나겸,4276,홍준연,3462,814,0,0,0,검토,부족 투표소가 해당 선거구에 속하는지는 투표소명 또는 읍면동이 공개된 경우에만 별도 확인 필요,https://info.nec.go.kr/main/showDocument.xhtml?electionId=0020260603&topMenuId=VC&secondMenuId=VCCP08
대전광역시,대덕구,광역의원,5300501,대덕구제1선거구,1,김기흥,12897,이효성,11275,1622,0,0,0,검토,부족 투표소가 해당 선거구에 속하는지는 투표소명 또는 읍면동이 공개된 경우에만 별도 확인 필요,https://info.nec.go.kr/main/showDocument.xhtml?electionId=0020260603&topMenuId=VC&secondMenuId=VCCP08
대전광역시,대덕구,광역의원,5300502,대덕구제2선거구,1,박은희,16772,박종서,12537,4235,0,0,0,참고,부족 투표소가 해당 선거구에 속하는지는 투표소명 또는 읍면동이 공개된 경우에만 별도 확인 필요,https://info.nec.go.kr/main/showDocument.xhtml?electionId=0020260603&topMenuId=VC&secondMenuId=VCCP08
대전광역시,대덕구,광역의원,5300503,대덕구제3선거구,1,권인호,16788,김수연,13455,3333,0,0,0,참고,부족 투표소가 해당 선거구에 속하는지는 투표소명 또는 읍면동이 공개된 경우에만 별도 확인 필요,https://info.nec.go.kr/main/showDocument.xhtml?electionId=0020260603&topMenuId=VC&secondMenuId=VCCP08
대전광역시,대덕구,기초의원,6300502,대덕구나선거구,3,박은정,5220,홍대식,3423,1797,0,0,0,검토,부족 투표소가 해당 선거구에 속하는지는 투표소명 또는 읍면동이 공개된 경우에만 별도 확인 필요,https://info.nec.go.kr/main/showDocument.xhtml?electionId=0020260603&topMenuId=VC&secondMenuId=VCCP08
대전광역시,동구,광역의원,5300101,동구제1선거구,1,정근모,25931,송인석,21087,4844,0,0,0,참고,부족 투표소가 해당 선거구에 속하는지는 투표소명 또는 읍면동이 공개된 경우에만 별도 확인 필요,https://info.nec.go.kr/main/showDocument.xhtml?electionId=0020260603&topMenuId=VC&secondMenuId=VCCP08
대전광역시,동구,광역의원,5300102,동구제2선거구,1,최대성,17209,박철용,16955,254,0,0,0,우선검토,부족 투표소가 해당 선거구에 속하는지는 투표소명 또는 읍면동이 공개된 경우에만 별도 확인 필요,https://info.nec.go.kr/main/showDocument.xhtml?electionId=0020260603&topMenuId=VC&secondMenuId=VCCP08
대전광역시,동구,광역의원,5300103,동구제3선거구,1,이나영,15201,정명국,14453,748,0,0,0,검토,부족 투표소가 해당 선거구에 속하는지는 투표소명 또는 읍면동이 공개된 경우에만 별도 확인 필요,https://info.nec.go.kr/main/showDocument.xhtml?electionId=0020260603&topMenuId=VC&secondMenuId=VCCP08
대전광역시,동구,기초의원,6300101,동구가선거구,4,강정규,5387,박현겸,1826,3561,0,0,0,참고,부족 투표소가 해당 선거구에 속하는지는 투표소명 또는 읍면동이 공개된 경우에만 별도 확인 필요,https://info.nec.go.kr/main/showDocument.xhtml?electionId=0020260603&topMenuId=VC&secondMenuId=VCCP08
대전광역시,동구,기초의원,6300102,동구나선거구,3,정용,5847,전찬규,4165,1682,0,0,0,검토,부족 투표소가 해당 선거구에 속하는지는 투표소명 또는 읍면동이 공개된 경우에만 별도 확인 필요,https://info.nec.go.kr/main/showDocument.xhtml?electionId=0020260603&topMenuId=VC&secondMenuId=VCCP08
대전광역시,동구,기초의원,6300103,동구다선거구,2,김영희,12707,문정호,751,11956,0,0,0,참고,부족 투표소가 해당 선거구에 속하는지는 투표소명 또는 읍면동이 공개된 경우에만 별도 확인 필요,https://info.nec.go.kr/main/showDocument.xhtml?electionId=0020260603&topMenuId=VC&secondMenuId=VCCP08
대전광역시,서구,광역의원,5300301,서구제1선거구,1,김민숙,18334,김진오,18020,314,0,0,0,우선검토,부족 투표소가 해당 선거구에 속하는지는 투표소명 또는 읍면동이 공개된 경우에만 별도 확인 필요,https://info.nec.go.kr/main/showDocument.xhtml?electionId=0020260603&topMenuId=VC&secondMenuId=VCCP08
대전광역시,서구,광역의원,5300302,서구제2선거구,1,김영미,15471,김영삼,13728,1743,0,0,0,검토,부족 투표소가 해당 선거구에 속하는지는 투표소명 또는 읍면동이 공개된 경우에만 별도 확인 필요,https://info.nec.go.kr/main/showDocument.xhtml?electionId=0020260603&topMenuId=VC&secondMenuId=VCCP08
대전광역시,서구,광역의원,5300303,서구제3선거구,1,최지연,31571,이재경,22070,9501,0,0,0,참고,부족 투표소가 해당 선거구에 속하는지는 투표소명 또는 읍면동이 공개된 경우에만 별도 확인 필요,https://info.nec.go.kr/main/showDocument.xhtml?electionId=0020260603&topMenuId=VC&secondMenuId=VCCP08
대전광역시,서구,광역의원,5300304,서구제4선거구,1,서다운,22993,송재웅,17998,4995,0,0,0,참고,부족 투표소가 해당 선거구에 속하는지는 투표소명 또는 읍면동이 공개된 경우에만 별도 확인 필요,https://info.nec.go.kr/main/showDocument.xhtml?electionId=0020260603&topMenuId=VC&secondMenuId=VCCP08
대전광역시,서구,광역의원,5300305,서구제5선거구,1,김신웅,17843,이중호,16507,1336,0,0,0,검토,부족 투표소가 해당 선거구에 속하는지는 투표소명 또는 읍면동이 공개된 경우에만 별도 확인 필요,https://info.nec.go.kr/main/showDocument.xhtml?electionId=0020260603&topMenuId=VC&secondMenuId=VCCP08
대전광역시,서구,광역의원,5300306,서구제6선거구,1,이한영,15383,손도선,15322,61,0,0,0,우선검토,부족 투표소가 해당 선거구에 속하는지는 투표소명 또는 읍면동이 공개된 경우에만 별도 확인 필요,https://info.nec.go.kr/main/showDocument.xhtml?electionId=0020260603&topMenuId=VC&secondMenuId=VCCP08
대전광역시,서구,기초의원,6300301,서구가선거구,3,김동성,6556,김세중,4000,2556,0,0,0,참고,부족 투표소가 해당 선거구에 속하는지는 투표소명 또는 읍면동이 공개된 경우에만 별도 확인 필요,https://info.nec.go.kr/main/showDocument.xhtml?electionId=0020260603&topMenuId=VC&secondMenuId=VCCP08
대전광역시,서구,기초의원,6300302,서구나선거구,3,이원배,4299,고현석,1826,2473,0,0,0,참고,부족 투표소가 해당 선거구에 속하는지는 투표소명 또는 읍면동이 공개된 경우에만 별도 확인 필요,https://info.nec.go.kr/main/showDocument.xhtml?electionId=0020260603&topMenuId=VC&secondMenuId=VCCP08
대전광역시,서구,기초의원,6300303,서구다선거구,4,정홍근,5696,신상명,2014,3682,0,0,0,참고,부족 투표소가 해당 선거구에 속하는지는 투표소명 또는 읍면동이 공개된 경우에만 별도 확인 필요,https://info.nec.go.kr/main/showDocument.xhtml?electionId=0020260603&topMenuId=VC&secondMenuId=VCCP08
대전광역시,서구,기초의원,6300304,서구라선거구,3,양유환,8259,서지원,6225,2034,0,0,0,참고,부족 투표소가 해당 선거구에 속하는지는 투표소명 또는 읍면동이 공개된 경우에만 별도 확인 필요,https://info.nec.go.kr/main/showDocument.xhtml?electionId=0020260603&topMenuId=VC&secondMenuId=VCCP08
대전광역시,유성구,광역의원,5300401,유성구제1선거구,1,김미희,28580,김동수,22898,5682,0,0,0,참고,부족 투표소가 해당 선거구에 속하는지는 투표소명 또는 읍면동이 공개된 경우에만 별도 확인 필요,https://info.nec.go.kr/main/showDocument.xhtml?electionId=0020260603&topMenuId=VC&secondMenuId=VCCP08
대전광역시,유성구,광역의원,5300402,유성구제2선거구,1,인미동,25602,여황현,19039,6563,0,0,0,참고,부족 투표소가 해당 선거구에 속하는지는 투표소명 또는 읍면동이 공개된 경우에만 별도 확인 필요,https://info.nec.go.kr/main/showDocument.xhtml?electionId=0020260603&topMenuId=VC&secondMenuId=VCCP08
대전광역시,유성구,광역의원,5300403,유성구제3선거구,1,하경옥,27134,한형신,17401,9733,0,0,0,참고,부족 투표소가 해당 선거구에 속하는지는 투표소명 또는 읍면동이 공개된 경우에만 별도 확인 필요,https://info.nec.go.kr/main/showDocument.xhtml?electionId=0020260603&topMenuId=VC&secondMenuId=VCCP08
대전광역시,유성구,광역의원,5300404,유성구제4선거구,1,구본환,28977,이금선,19952,9025,0,0,0,참고,부족 투표소가 해당 선거구에 속하는지는 투표소명 또는 읍면동이 공개된 경우에만 별도 확인 필요,https://info.nec.go.kr/main/showDocument.xhtml?electionId=0020260603&topMenuId=VC&secondMenuId=VCCP08
대전광역시,유성구,기초의원,6300401,유성구가선거구,4,오현,4738,김선재,4542,196,0,0,0,우선검토,부족 투표소가 해당 선거구에 속하는지는 투표소명 또는 읍면동이 공개된 경우에만 별도 확인 필요,https://info.nec.go.kr/main/showDocument.xhtml?electionId=0020260603&topMenuId=VC&secondMenuId=VCCP08
대전광역시,유성구,기초의원,6300402,유성구나선거구,3,최옥술,7951,김사랑,5669,2282,0,0,0,참고,부족 투표소가 해당 선거구에 속하는지는 투표소명 또는 읍면동이 공개된 경우에만 별도 확인 필요,https://info.nec.go.kr/main/showDocument.xhtml?electionId=0020260603&topMenuId=VC&secondMenuId=VCCP08
대전광역시,유성구,기초의원,6300403,유성구다선거구,3,황우일,6585,신민기,5514,1071,0,0,0,검토,부족 투표소가 해당 선거구에 속하는지는 투표소명 또는 읍면동이 공개된 경우에만 별도 확인 필요,https://info.nec.go.kr/main/showDocument.xhtml?electionId=0020260603&topMenuId=VC&secondMenuId=VCCP08
대전광역시,유성구,기초의원,6300404,유성구라선거구,3,김인중,7620,이명숙,5079,2541,0,0,0,참고,부족 투표소가 해당 선거구에 속하는지는 투표소명 또는 읍면동이 공개된 경우에만 별도 확인 필요,https://info.nec.go.kr/main/showDocument.xhtml?electionId=0020260603&topMenuId=VC&secondMenuId=VCCP08
대전광역시,중구,광역의원,5300201,중구제1선거구,1,조성칠,16904,박주화,14537,2367,0,0,0,참고,부족 투표소가 해당 선거구에 속하는지는 투표소명 또는 읍면동이 공개된 경우에만 별도 확인 필요,https://info.nec.go.kr/main/showDocument.xhtml?electionId=0020260603&topMenuId=VC&secondMenuId=VCCP08
대전광역시,중구,광역의원,5300202,중구제2선거구,1,유수열,25767,오한숙,20526,5241,0,0,0,참고,부족 투표소가 해당 선거구에 속하는지는 투표소명 또는 읍면동이 공개된 경우에만 별도 확인 필요,https://info.nec.go.kr/main/showDocument.xhtml?electionId=0020260603&topMenuId=VC&secondMenuId=VCCP08
대전광역시,중구,광역의원,5300203,중구제3선거구,1,고제열,19691,안형진,18768,923,0,0,0,검토,부족 투표소가 해당 선거구에 속하는지는 투표소명 또는 읍면동이 공개된 경우에만 별도 확인 필요,https://info.nec.go.kr/main/showDocument.xhtml?electionId=0020260603&topMenuId=VC&secondMenuId=VCCP08
대전광역시,중구,기초의원,6300201,중구가선거구,3,유은희,6666,정명훈,3703,2963,0,0,0,참고,부족 투표소가 해당 선거구에 속하는지는 투표소명 또는 읍면동이 공개된 경우에만 별도 확인 필요,https://info.nec.go.kr/main/showDocument.xhtml?electionId=0020260603&topMenuId=VC&secondMenuId=VCCP08
대전광역시,중구,기초의원,6300202,중구나선거구,3,김선옥,9193,김종성,5950,3243,0,0,0,참고,부족 투표소가 해당 선거구에 속하는지는 투표소명 또는 읍면동이 공개된 경우에만 별도 확인 필요,https://info.nec.go.kr/main/showDocument.xhtml?electionId=0020260603&topMenuId=VC&secondMenuId=VCCP08
대전광역시,중구,기초의원,6300203,중구다선거구,3,이상인,5917,김두겸,5277,640,0,0,0,검토,부족 투표소가 해당 선거구에 속하는지는 투표소명 또는 읍면동이 공개된 경우에만 별도 확인 필요,https://info.nec.go.kr/main/showDocument.xhtml?electionId=0020260603&topMenuId=VC&secondMenuId=VCCP08
부산광역시,강서구,광역의원,5261301,강서구제1선거구,1,강승주,23081,이종환,19377,3704,0,0,0,참고,부족 투표소가 해당 선거구에 속하는지는 투표소명 또는 읍면동이 공개된 경우에만 별도 확인 필요,https://info.nec.go.kr/main/showDocument.xhtml?electionId=0020260603&topMenuId=VC&secondMenuId=VCCP08
부산광역시,강서구,광역의원,5261302,강서구제2선거구,1,정영수,15906,송현준,15465,441,0,0,0,우선검토,부족 투표소가 해당 선거구에 속하는지는 투표소명 또는 읍면동이 공개된 경우에만 별도 확인 필요,https://info.nec.go.kr/main/showDocument.xhtml?electionId=0020260603&topMenuId=VC&secondMenuId=VCCP08
부산광역시,강서구,기초의원,6261301,강서구가선거구,4,김정용,6134,손동호,1736,4398,0,0,0,참고,부족 투표소가 해당 선거구에 속하는지는 투표소명 또는 읍면동이 공개된 경우에만 별도 확인 필요,https://info.nec.go.kr/main/showDocument.xhtml?electionId=0020260603&topMenuId=VC&secondMenuId=VCCP08
부산광역시,강서구,기초의원,6261302,강서구나선거구,3,이자연,4933,박상건,4682,251,0,0,0,우선검토,부족 투표소가 해당 선거구에 속하는지는 투표소명 또는 읍면동이 공개된 경우에만 별도 확인 필요,https://info.nec.go.kr/main/showDocument.xhtml?electionId=0020260603&topMenuId=VC&secondMenuId=VCCP08
부산광역시,금정구,광역의원,5261201,금정구제1선거구,1,하은미,33269,김지윤,25150,8119,0,0,0,참고,부족 투표소가 해당 선거구에 속하는지는 투표소명 또는 읍면동이 공개된 경우에만 별도 확인 필요,https://info.nec.go.kr/main/showDocument.xhtml?electionId=0020260603&topMenuId=VC&secondMenuId=VCCP08
부산광역시,금정구,광역의원,5261202,금정구제2선거구,1,이준호,32297,임성태,24395,7902,0,0,0,참고,부족 투표소가 해당 선거구에 속하는지는 투표소명 또는 읍면동이 공개된 경우에만 별도 확인 필요,https://info.nec.go.kr/main/showDocument.xhtml?electionId=0020260603&topMenuId=VC&secondMenuId=VCCP08
부산광역시,금정구,기초의원,6261201,금정구가선거구,2,양달막,9573,조현조,1561,8012,0,0,0,참고,부족 투표소가 해당 선거구에 속하는지는 투표소명 또는 읍면동이 공개된 경우에만 별도 확인 필요,https://info.nec.go.kr/main/showDocument.xhtml?electionId=0020260603&topMenuId=VC&secondMenuId=VCCP08
부산광역시,금정구,기초의원,6261203,금정구다선거구,2,윤치호,9173,권민찬,822,8351,0,0,0,참고,부족 투표소가 해당 선거구에 속하는지는 투표소명 또는 읍면동이 공개된 경우에만 별도 확인 필요,https://info.nec.go.kr/main/showDocument.xhtml?electionId=0020260603&topMenuId=VC&secondMenuId=VCCP08
부산광역시,금정구,기초의원,6261204,금정구라선거구,3,원명숙,7367,김태연,6709,658,0,0,0,검토,부족 투표소가 해당 선거구에 속하는지는 투표소명 또는 읍면동이 공개된 경우에만 별도 확인 필요,https://info.nec.go.kr/main/showDocument.xhtml?electionId=0020260603&topMenuId=VC&secondMenuId=VCCP08
부산광역시,기장군,광역의원,5261001,기장군제1선거구,1,박종철,24565,최정우,20640,3925,0,0,0,참고,부족 투표소가 해당 선거구에 속하는지는 투표소명 또는 읍면동이 공개된 경우에만 별도 확인 필요,https://info.nec.go.kr/main/showDocument.xhtml?electionId=0020260603&topMenuId=VC&secondMenuId=VCCP08
부산광역시,기장군,광역의원,5261002,기장군제2선거구,1,라기오,19946,맹승자,18534,1412,0,0,0,검토,부족 투표소가 해당 선거구에 속하는지는 투표소명 또는 읍면동이 공개된 경우에만 별도 확인 필요,https://info.nec.go.kr/main/showDocument.xhtml?electionId=0020260603&topMenuId=VC&secondMenuId=VCCP08
부산광역시,기장군,기초의원,6261001,기장군가선거구,2,김명원,8327,박기조,3312,5015,0,0,0,참고,부족 투표소가 해당 선거구에 속하는지는 투표소명 또는 읍면동이 공개된 경우에만 별도 확인 필요,https://info.nec.go.kr/main/showDocument.xhtml?electionId=0020260603&topMenuId=VC&secondMenuId=VCCP08
부산광역시,기장군,기초의원,6261002,기장군나선거구,2,구혜진,5652,박홍복,3892,1760,0,0,0,검토,부족 투표소가 해당 선거구에 속하는지는 투표소명 또는 읍면동이 공개된 경우에만 별도 확인 필요,https://info.nec.go.kr/main/showDocument.xhtml?electionId=0020260603&topMenuId=VC&secondMenuId=VCCP08
부산광역시,기장군,기초의원,6261003,기장군다선거구,4,김원일,4456,유하영,4131,325,0,0,0,우선검토,부족 투표소가 해당 선거구에 속하는지는 투표소명 또는 읍면동이 공개된 경우에만 별도 확인 필요,https://info.nec.go.kr/main/showDocument.xhtml?electionId=0020260603&topMenuId=VC&secondMenuId=VCCP08
부산광역시,남구,광역의원,5260701,남구제1선거구,1,서성부,24354,이용형,21974,2380,0,0,0,참고,부족 투표소가 해당 선거구에 속하는지는 투표소명 또는 읍면동이 공개된 경우에만 별도 확인 필요,https://info.nec.go.kr/main/showDocument.xhtml?electionId=0020260603&topMenuId=VC&secondMenuId=VCCP08
부산광역시,남구,광역의원,5260702,남구제2선거구,1,조상진,12276,이강영,11205,1071,0,0,0,검토,부족 투표소가 해당 선거구에 속하는지는 투표소명 또는 읍면동이 공개된 경우에만 별도 확인 필요,https://info.nec.go.kr/main/showDocument.xhtml?electionId=0020260603&topMenuId=VC&secondMenuId=VCCP08
부산광역시,남구,광역의원,5260703,남구제3선거구,1,성현달,13373,박구슬,13092,281,0,0,0,우선검토,부족 투표소가 해당 선거구에 속하는지는 투표소명 또는 읍면동이 공개된 경우에만 별도 확인 필요,https://info.nec.go.kr/main/showDocument.xhtml?electionId=0020260603&topMenuId=VC&secondMenuId=VCCP08
부산광역시,남구,광역의원,5260704,남구제4선거구,1,박미순,23751,유정기,19002,4749,0,0,0,참고,부족 투표소가 해당 선거구에 속하는지는 투표소명 또는 읍면동이 공개된 경우에만 별도 확인 필요,https://info.nec.go.kr/main/showDocument.xhtml?electionId=0020260603&topMenuId=VC&secondMenuId=VCCP08
부산광역시,남구,기초의원,6260703,남구다선거구,2,이병준,7330,백석민,4269,3061,0,0,0,참고,부족 투표소가 해당 선거구에 속하는지는 투표소명 또는 읍면동이 공개된 경우에만 별도 확인 필요,https://info.nec.go.kr/main/showDocument.xhtml?electionId=0020260603&topMenuId=VC&secondMenuId=VCCP08
부산광역시,남구,기초의원,6260705,남구마선거구,3,고선화,9492,이재호,9038,454,0,0,0,우선검토,부족 투표소가 해당 선거구에 속하는지는 투표소명 또는 읍면동이 공개된 경우에만 별도 확인 필요,https://info.nec.go.kr/main/showDocument.xhtml?electionId=0020260603&topMenuId=VC&secondMenuId=VCCP08
부산광역시,동구,광역의원,5260301,동구제1선거구,1,이상욱,12617,김진오,11034,1583,0,0,0,검토,부족 투표소가 해당 선거구에 속하는지는 투표소명 또는 읍면동이 공개된 경우에만 별도 확인 필요,https://info.nec.go.kr/main/showDocument.xhtml?electionId=0020260603&topMenuId=VC&secondMenuId=VCCP08
부산광역시,동구,광역의원,5260302,동구제2선거구,1,김재헌,12032,임진권,10020,2012,0,0,0,참고,부족 투표소가 해당 선거구에 속하는지는 투표소명 또는 읍면동이 공개된 경우에만 별도 확인 필요,https://info.nec.go.kr/main/showDocument.xhtml?electionId=0020260603&topMenuId=VC&secondMenuId=VCCP08
부산광역시,동구,기초의원,6260301,동구가선거구,3,김재헌,4142,신송자,2190,1952,0,0,0,검토,부족 투표소가 해당 선거구에 속하는지는 투표소명 또는 읍면동이 공개된 경우에만 별도 확인 필요,https://info.nec.go.kr/main/showDocument.xhtml?electionId=0020260603&topMenuId=VC&secondMenuId=VCCP08
부산광역시,동구,기초의원,6260302,동구나선거구,3,허근형,3258,고창식,3045,213,0,0,0,우선검토,부족 투표소가 해당 선거구에 속하는지는 투표소명 또는 읍면동이 공개된 경우에만 별도 확인 필요,https://info.nec.go.kr/main/showDocument.xhtml?electionId=0020260603&topMenuId=VC&secondMenuId=VCCP08
부산광역시,동래구,광역의원,5260601,동래구제1선거구,1,김동하,26092,박민성,25257,835,0,0,0,검토,부족 투표소가 해당 선거구에 속하는지는 투표소명 또는 읍면동이 공개된 경우에만 별도 확인 필요,https://info.nec.go.kr/main/showDocument.xhtml?electionId=0020260603&topMenuId=VC&secondMenuId=VCCP08
부산광역시,동래구,광역의원,5260602,동래구제2선거구,1,송우현,31823,류숙현,27053,4770,0,0,0,참고,부족 투표소가 해당 선거구에 속하는지는 투표소명 또는 읍면동이 공개된 경우에만 별도 확인 필요,https://info.nec.go.kr/main/showDocument.xhtml?electionId=0020260603&topMenuId=VC&secondMenuId=VCCP08
부산광역시,동래구,광역의원,5260603,동래구제3선거구,1,서국보,20052,전경문,15903,4149,0,0,0,참고,부족 투표소가 해당 선거구에 속하는지는 투표소명 또는 읍면동이 공개된 경우에만 별도 확인 필요,https://info.nec.go.kr/main/showDocument.xhtml?electionId=0020260603&topMenuId=VC&secondMenuId=VCCP08
부산광역시,동래구,기초의원,6260602,동래구나선거구,3,최수용,3679,하성기,3012,667,0,0,0,검토,부족 투표소가 해당 선거구에 속하는지는 투표소명 또는 읍면동이 공개된 경우에만 별도 확인 필요,https://info.nec.go.kr/main/showDocument.xhtml?electionId=0020260603&topMenuId=VC&secondMenuId=VCCP08
부산광역시,동래구,기초의원,6260603,동래구다선거구,3,이정훈,3580,서대영,3017,563,0,0,0,검토,부족 투표소가 해당 선거구에 속하는지는 투표소명 또는 읍면동이 공개된 경우에만 별도 확인 필요,https://info.nec.go.kr/main/showDocument.xhtml?electionId=0020260603&topMenuId=VC&secondMenuId=VCCP08
부산광역시,동래구,기초의원,6260605,동래구마선거구,3,이환기,4299,권영원,4020,279,0,0,0,우선검토,부족 투표소가 해당 선거구에 속하는지는 투표소명 또는 읍면동이 공개된 경우에만 별도 확인 필요,https://info.nec.go.kr/main/showDocument.xhtml?electionId=0020260603&topMenuId=VC&secondMenuId=VCCP08
부산광역시,부산진구,광역의원,5260501,부산진구제1선거구,1,박희용,26920,성현옥,24253,2667,0,0,0,참고,부족 투표소가 해당 선거구에 속하는지는 투표소명 또는 읍면동이 공개된 경우에만 별도 확인 필요,https://info.nec.go.kr/main/showDocument.xhtml?electionId=0020260603&topMenuId=VC&secondMenuId=VCCP08
부산광역시,부산진구,광역의원,5260502,부산진구제2선거구,1,한갑용,24222,이대석,23023,1199,0,0,0,검토,부족 투표소가 해당 선거구에 속하는지는 투표소명 또는 읍면동이 공개된 경우에만 별도 확인 필요,https://info.nec.go.kr/main/showDocument.xhtml?electionId=0020260603&topMenuId=VC&secondMenuId=VCCP08
부산광역시,부산진구,광역의원,5260503,부산진구제3선거구,1,김재운,22774,장백산,21090,1684,0,0,0,검토,부족 투표소가 해당 선거구에 속하는지는 투표소명 또는 읍면동이 공개된 경우에만 별도 확인 필요,https://info.nec.go.kr/main/showDocument.xhtml?electionId=0020260603&topMenuId=VC&secondMenuId=VCCP08
부산광역시,부산진구,광역의원,5260504,부산진구제4선거구,1,배영숙,25656,한일태,21553,4103,0,0,0,참고,부족 투표소가 해당 선거구에 속하는지는 투표소명 또는 읍면동이 공개된 경우에만 별도 확인 필요,https://info.nec.go.kr/main/showDocument.xhtml?electionId=0020260603&topMenuId=VC&secondMenuId=VCCP08
부산광역시,부산진구,기초의원,6260501,부산진구가선거구,3,오우택,5624,이민규,4426,1198,0,0,0,검토,부족 투표소가 해당 선거구에 속하는지는 투표소명 또는 읍면동이 공개된 경우에만 별도 확인 필요,https://info.nec.go.kr/main/showDocument.xhtml?electionId=0020260603&topMenuId=VC&secondMenuId=VCCP08
부산광역시,부산진구,기초의원,6260505,부산진구마선거구,2,김철현,9218,김동효,1352,7866,0,0,0,참고,부족 투표소가 해당 선거구에 속하는지는 투표소명 또는 읍면동이 공개된 경우에만 별도 확인 필요,https://info.nec.go.kr/main/showDocument.xhtml?electionId=0020260603&topMenuId=VC&secondMenuId=VCCP08
부산광역시,북구,광역의원,5260801,북구제1선거구,1,강영두,19351,문영남,19325,26,0,0,0,우선검토,부족 투표소가 해당 선거구에 속하는지는 투표소명 또는 읍면동이 공개된 경우에만 별도 확인 필요,https://info.nec.go.kr/main/showDocument.xhtml?electionId=0020260603&topMenuId=VC&secondMenuId=VCCP08
부산광역시,북구,광역의원,5260802,북구제2선거구,1,김효정,25009,이순영,16746,8263,0,0,0,참고,부족 투표소가 해당 선거구에 속하는지는 투표소명 또는 읍면동이 공개된 경우에만 별도 확인 필요,https://info.nec.go.kr/main/showDocument.xhtml?electionId=0020260603&topMenuId=VC&secondMenuId=VCCP08
부산광역시,북구,광역의원,5260803,북구제3선거구,1,이종진,15367,정양훈,14358,1009,0,0,0,검토,부족 투표소가 해당 선거구에 속하는지는 투표소명 또는 읍면동이 공개된 경우에만 별도 확인 필요,https://info.nec.go.kr/main/showDocument.xhtml?electionId=0020260603&topMenuId=VC&secondMenuId=VCCP08
부산광역시,북구,광역의원,5260804,북구제4선거구,1,김태희,23901,박종율,23247,654,0,0,0,검토,부족 투표소가 해당 선거구에 속하는지는 투표소명 또는 읍면동이 공개된 경우에만 별도 확인 필요,https://info.nec.go.kr/main/showDocument.xhtml?electionId=0020260603&topMenuId=VC&secondMenuId=VCCP08
부산광역시,사상구,광역의원,5261601,사상구제1선거구,1,윤태한,27526,정성열,24560,2966,0,0,0,참고,부족 투표소가 해당 선거구에 속하는지는 투표소명 또는 읍면동이 공개된 경우에만 별도 확인 필요,https://info.nec.go.kr/main/showDocument.xhtml?electionId=0020260603&topMenuId=VC&secondMenuId=VCCP08
부산광역시,사상구,광역의원,5261602,사상구제2선거구,1,서경태,26899,정춘희,25550,1349,0,0,0,검토,부족 투표소가 해당 선거구에 속하는지는 투표소명 또는 읍면동이 공개된 경우에만 별도 확인 필요,https://info.nec.go.kr/main/showDocument.xhtml?electionId=0020260603&topMenuId=VC&secondMenuId=VCCP08
부산광역시,사상구,기초의원,6261601,사상구가선거구,3,배연옥,5626,전영주,5012,614,0,0,0,검토,부족 투표소가 해당 선거구에 속하는지는 투표소명 또는 읍면동이 공개된 경우에만 별도 확인 필요,https://info.nec.go.kr/main/showDocument.xhtml?electionId=0020260603&topMenuId=VC&secondMenuId=VCCP08
부산광역시,사상구,기초의원,6261602,사상구나선거구,2,윤홍현,5570,김향남,4742,828,0,0,0,검토,부족 투표소가 해당 선거구에 속하는지는 투표소명 또는 읍면동이 공개된 경우에만 별도 확인 필요,https://info.nec.go.kr/main/showDocument.xhtml?electionId=0020260603&topMenuId=VC&secondMenuId=VCCP08
부산광역시,사상구,기초의원,6261603,사상구다선거구,2,주성환,11498,신세영,867,10631,0,0,0,참고,부족 투표소가 해당 선거구에 속하는지는 투표소명 또는 읍면동이 공개된 경우에만 별도 확인 필요,https://info.nec.go.kr/main/showDocument.xhtml?electionId=0020260603&topMenuId=VC&secondMenuId=VCCP08
부산광역시,사하구,기초의원,6261101,사하구가선거구,3,윤보수,6458,김진주,3785,2673,0,0,0,참고,부족 투표소가 해당 선거구에 속하는지는 투표소명 또는 읍면동이 공개된 경우에만 별도 확인 필요,https://info.nec.go.kr/main/showDocument.xhtml?electionId=0020260603&topMenuId=VC&secondMenuId=VCCP08
부산광역시,사하구,기초의원,6261102,사하구나선거구,3,정삼균,8297,강태인,7450,847,0,0,0,검토,부족 투표소가 해당 선거구에 속하는지는 투표소명 또는 읍면동이 공개된 경우에만 별도 확인 필요,https://info.nec.go.kr/main/showDocument.xhtml?electionId=0020260603&topMenuId=VC&secondMenuId=VCCP08
부산광역시,사하구,기초의원,6261103,사하구다선거구,2,조재영,10193,정명철,2203,7990,0,0,0,참고,부족 투표소가 해당 선거구에 속하는지는 투표소명 또는 읍면동이 공개된 경우에만 별도 확인 필요,https://info.nec.go.kr/main/showDocument.xhtml?electionId=0020260603&topMenuId=VC&secondMenuId=VCCP08
부산광역시,사하구,기초의원,6261104,사하구라선거구,2,김민경,6858,유동철,1630,5228,0,0,0,참고,부족 투표소가 해당 선거구에 속하는지는 투표소명 또는 읍면동이 공개된 경우에만 별도 확인 필요,https://info.nec.go.kr/main/showDocument.xhtml?electionId=0020260603&topMenuId=VC&secondMenuId=VCCP08
부산광역시,사하구,기초의원,6261105,사하구마선거구,3,이임선,4533,장재희,3294,1239,0,0,0,검토,부족 투표소가 해당 선거구에 속하는지는 투표소명 또는 읍면동이 공개된 경우에만 별도 확인 필요,https://info.nec.go.kr/main/showDocument.xhtml?electionId=0020260603&topMenuId=VC&secondMenuId=VCCP08
부산광역시,서구,광역의원,5260201,서구제1선거구,1,송상조,16671,윤지환,13382,3289,0,0,0,참고,부족 투표소가 해당 선거구에 속하는지는 투표소명 또는 읍면동이 공개된 경우에만 별도 확인 필요,https://info.nec.go.kr/main/showDocument.xhtml?electionId=0020260603&topMenuId=VC&secondMenuId=VCCP08
부산광역시,서구,광역의원,5260202,서구제2선거구,1,이용운,14125,조수호,10942,3183,0,0,0,참고,부족 투표소가 해당 선거구에 속하는지는 투표소명 또는 읍면동이 공개된 경우에만 별도 확인 필요,https://info.nec.go.kr/main/showDocument.xhtml?electionId=0020260603&topMenuId=VC&secondMenuId=VCCP08
부산광역시,서구,기초의원,6260201,서구가선거구,3,강경미,4541,황도인,3494,1047,0,0,0,검토,부족 투표소가 해당 선거구에 속하는지는 투표소명 또는 읍면동이 공개된 경우에만 별도 확인 필요,https://info.nec.go.kr/main/showDocument.xhtml?electionId=0020260603&topMenuId=VC&secondMenuId=VCCP08
부산광역시,서구,기초의원,6260202,서구나선거구,3,이현우,4572,이정향,3776,796,0,0,0,검토,부족 투표소가 해당 선거구에 속하는지는 투표소명 또는 읍면동이 공개된 경우에만 별도 확인 필요,https://info.nec.go.kr/main/showDocument.xhtml?electionId=0020260603&topMenuId=VC&secondMenuId=VCCP08
부산광역시,수영구,광역의원,5261501,수영구제1선거구,1,조병제,26546,황성의,22060,4486,0,0,0,참고,부족 투표소가 해당 선거구에 속하는지는 투표소명 또는 읍면동이 공개된 경우에만 별도 확인 필요,https://info.nec.go.kr/main/showDocument.xhtml?electionId=0020260603&topMenuId=VC&secondMenuId=VCCP08
부산광역시,수영구,광역의원,5261502,수영구제2선거구,1,김보언,23311,최영아,17598,5713,0,0,0,참고,부족 투표소가 해당 선거구에 속하는지는 투표소명 또는 읍면동이 공개된 경우에만 별도 확인 필요,https://info.nec.go.kr/main/showDocument.xhtml?electionId=0020260603&topMenuId=VC&secondMenuId=VCCP08
부산광역시,수영구,기초의원,6261502,수영구나선거구,2,이나견,10618,최승호,1559,9059,0,0,0,참고,부족 투표소가 해당 선거구에 속하는지는 투표소명 또는 읍면동이 공개된 경우에만 별도 확인 필요,https://info.nec.go.kr/main/showDocument.xhtml?electionId=0020260603&topMenuId=VC&secondMenuId=VCCP08
부산광역시,수영구,기초의원,6261504,수영구라선거구,2,이대웅,8219,김종근,2108,6111,0,0,0,참고,부족 투표소가 해당 선거구에 속하는지는 투표소명 또는 읍면동이 공개된 경우에만 별도 확인 필요,https://info.nec.go.kr/main/showDocument.xhtml?electionId=0020260603&topMenuId=VC&secondMenuId=VCCP08
부산광역시,연제구,광역의원,5261401,연제구제1선거구,1,최홍찬,30090,정홍숙,27823,2267,0,0,0,참고,부족 투표소가 해당 선거구에 속하는지는 투표소명 또는 읍면동이 공개된 경우에만 별도 확인 필요,https://info.nec.go.kr/main/showDocument.xhtml?electionId=0020260603&topMenuId=VC&secondMenuId=VCCP08
부산광역시,연제구,광역의원,5261402,연제구제2선거구,1,이열,29926,권성하,26428,3498,0,0,0,참고,부족 투표소가 해당 선거구에 속하는지는 투표소명 또는 읍면동이 공개된 경우에만 별도 확인 필요,https://info.nec.go.kr/main/showDocument.xhtml?electionId=0020260603&topMenuId=VC&secondMenuId=VCCP08
부산광역시,연제구,기초의원,6261401,연제구가선거구,3,차성민,5655,노민현,5348,307,0,0,0,우선검토,부족 투표소가 해당 선거구에 속하는지는 투표소명 또는 읍면동이 공개된 경우에만 별도 확인 필요,https://info.nec.go.kr/main/showDocument.xhtml?electionId=0020260603&topMenuId=VC&secondMenuId=VCCP08
부산광역시,연제구,기초의원,6261402,연제구나선거구,2,김근영,7891,황지원,2815,5076,0,0,0,참고,부족 투표소가 해당 선거구에 속하는지는 투표소명 또는 읍면동이 공개된 경우에만 별도 확인 필요,https://info.nec.go.kr/main/showDocument.xhtml?electionId=0020260603&topMenuId=VC&secondMenuId=VCCP08
부산광역시,연제구,기초의원,6261403,연제구다선거구,2,이미소,10850,권종헌,5552,5298,0,0,0,참고,부족 투표소가 해당 선거구에 속하는지는 투표소명 또는 읍면동이 공개된 경우에만 별도 확인 필요,https://info.nec.go.kr/main/showDocument.xhtml?electionId=0020260603&topMenuId=VC&secondMenuId=VCCP08
부산광역시,연제구,기초의원,6261404,연제구라선거구,2,성태준,7378,이정은,4759,2619,0,0,0,참고,부족 투표소가 해당 선거구에 속하는지는 투표소명 또는 읍면동이 공개된 경우에만 별도 확인 필요,https://info.nec.go.kr/main/showDocument.xhtml?electionId=0020260603&topMenuId=VC&secondMenuId=VCCP08
부산광역시,영도구,광역의원,5260401,영도구제1선거구,1,김은명,12431,홍희철,12372,59,0,0,0,우선검토,부족 투표소가 해당 선거구에 속하는지는 투표소명 또는 읍면동이 공개된 경우에만 별도 확인 필요,https://info.nec.go.kr/main/showDocument.xhtml?electionId=0020260603&topMenuId=VC&secondMenuId=VCCP08
부산광역시,영도구,광역의원,5260402,영도구제2선거구,1,박상현,14797,양준모,14697,100,0,0,0,우선검토,부족 투표소가 해당 선거구에 속하는지는 투표소명 또는 읍면동이 공개된 경우에만 별도 확인 필요,https://info.nec.go.kr/main/showDocument.xhtml?electionId=0020260603&topMenuId=VC&secondMenuId=VCCP08
부산광역시,영도구,기초의원,6260401,영도구가선거구,3,권혁,5901,강소영,3006,2895,0,0,0,참고,부족 투표소가 해당 선거구에 속하는지는 투표소명 또는 읍면동이 공개된 경우에만 별도 확인 필요,https://info.nec.go.kr/main/showDocument.xhtml?electionId=0020260603&topMenuId=VC&secondMenuId=VCCP08
부산광역시,영도구,기초의원,6260402,영도구나선거구,3,박승중,4520,서정희,3674,846,0,0,0,검토,부족 투표소가 해당 선거구에 속하는지는 투표소명 또는 읍면동이 공개된 경우에만 별도 확인 필요,https://info.nec.go.kr/main/showDocument.xhtml?electionId=0020260603&topMenuId=VC&secondMenuId=VCCP08
부산광역시,중구,광역의원,5260101,중구선거구,1,강주택,10667,김시형,8344,2323,0,0,0,참고,부족 투표소가 해당 선거구에 속하는지는 투표소명 또는 읍면동이 공개된 경우에만 별도 확인 필요,https://info.nec.go.kr/main/showDocument.xhtml?electionId=0020260603&topMenuId=VC&secondMenuId=VCCP08
부산광역시,중구,기초의원,6260101,중구가선거구,3,금동욱,1714,최학철,1272,442,0,0,0,우선검토,부족 투표소가 해당 선거구에 속하는지는 투표소명 또는 읍면동이 공개된 경우에만 별도 확인 필요,https://info.nec.go.kr/main/showDocument.xhtml?electionId=0020260603&topMenuId=VC&secondMenuId=VCCP08
부산광역시,중구,기초의원,6260102,중구나선거구,3,이인구,1821,강인규,1603,218,0,0,0,우선검토,부족 투표소가 해당 선거구에 속하는지는 투표소명 또는 읍면동이 공개된 경우에만 별도 확인 필요,https://info.nec.go.kr/main/showDocument.xhtml?electionId=0020260603&topMenuId=VC&secondMenuId=VCCP08
부산광역시,해운대구,광역의원,5260901,해운대구제1선거구,1,박준영,30827,김삼수,22263,8564,0,0,0,참고,부족 투표소가 해당 선거구에 속하는지는 투표소명 또는 읍면동이 공개된 경우에만 별도 확인 필요,https://info.nec.go.kr/main/showDocument.xhtml?electionId=0020260603&topMenuId=VC&secondMenuId=VCCP08
부산광역시,해운대구,광역의원,5260902,해운대구제2선거구,1,최은영,29069,임말숙,28824,245,0,0,0,우선검토,부족 투표소가 해당 선거구에 속하는지는 투표소명 또는 읍면동이 공개된 경우에만 별도 확인 필요,https://info.nec.go.kr/main/showDocument.xhtml?electionId=0020260603&topMenuId=VC&secondMenuId=VCCP08
부산광역시,해운대구,광역의원,5260903,해운대구제3선거구,1,김태효,20329,이상곤,17876,2453,0,0,0,참고,부족 투표소가 해당 선거구에 속하는지는 투표소명 또는 읍면동이 공개된 경우에만 별도 확인 필요,https://info.nec.go.kr/main/showDocument.xhtml?electionId=0020260603&topMenuId=VC&secondMenuId=VCCP08
부산광역시,해운대구,광역의원,5260904,해운대구제4선거구,1,강무길,23803,윤영동,20461,3342,0,0,0,참고,부족 투표소가 해당 선거구에 속하는지는 투표소명 또는 읍면동이 공개된 경우에만 별도 확인 필요,https://info.nec.go.kr/main/showDocument.xhtml?electionId=0020260603&topMenuId=VC&secondMenuId=VCCP08
부산광역시,해운대구,기초의원,6260901,해운대구가선거구,2,이태희,11057,박현군,691,10366,0,0,0,참고,부족 투표소가 해당 선거구에 속하는지는 투표소명 또는 읍면동이 공개된 경우에만 별도 확인 필요,https://info.nec.go.kr/main/showDocument.xhtml?electionId=0020260603&topMenuId=VC&secondMenuId=VCCP08
부산광역시,해운대구,기초의원,6260902,해운대구나선거구,3,최소영,5026,오기정,3547,1479,0,0,0,검토,부족 투표소가 해당 선거구에 속하는지는 투표소명 또는 읍면동이 공개된 경우에만 별도 확인 필요,https://info.nec.go.kr/main/showDocument.xhtml?electionId=0020260603&topMenuId=VC&secondMenuId=VCCP08
부산광역시,해운대구,기초의원,6260903,해운대구다선거구,3,김민정,5295,황기전,3442,1853,0,0,0,검토,부족 투표소가 해당 선거구에 속하는지는 투표소명 또는 읍면동이 공개된 경우에만 별도 확인 필요,https://info.nec.go.kr/main/showDocument.xhtml?electionId=0020260603&topMenuId=VC&secondMenuId=VCCP08
부산광역시,해운대구,기초의원,6260907,해운대구사선거구,2,박정요,9875,나근호,2726,7149,0,0,0,참고,부족 투표소가 해당 선거구에 속하는지는 투표소명 또는 읍면동이 공개된 경우에만 별도 확인 필요,https://info.nec.go.kr/main/showDocument.xhtml?electionId=0020260603&topMenuId=VC&secondMenuId=VCCP08
부산광역시,해운대구,기초의원,6260908,해운대구아선거구,2,손수진,4391,박호정,3676,715,0,0,0,검토,부족 투표소가 해당 선거구에 속하는지는 투표소명 또는 읍면동이 공개된 경우에만 별도 확인 필요,https://info.nec.go.kr/main/showDocument.xhtml?electionId=0020260603&topMenuId=VC&secondMenuId=VCCP08
서울특별시,강남구,광역의원,5112301,강남구제1선거구,1,민경희,33168,김선경,5856,27312,0,0,0,참고,부족 투표소가 해당 선거구에 속하는지는 투표소명 또는 읍면동이 공개된 경우에만 별도 확인 필요,https://info.nec.go.kr/main/showDocument.xhtml?electionId=0020260603&topMenuId=VC&secondMenuId=VCCP08
서울특별시,강남구,광역의원,5112302,강남구제2선거구,1,강신욱,25915,황선수,15522,10393,0,0,0,참고,부족 투표소가 해당 선거구에 속하는지는 투표소명 또는 읍면동이 공개된 경우에만 별도 확인 필요,https://info.nec.go.kr/main/showDocument.xhtml?electionId=0020260603&topMenuId=VC&secondMenuId=VCCP08
서울특별시,강남구,광역의원,5112303,강남구제3선거구,1,이인화,32134,조유란,16746,15388,0,0,0,참고,부족 투표소가 해당 선거구에 속하는지는 투표소명 또는 읍면동이 공개된 경우에만 별도 확인 필요,https://info.nec.go.kr/main/showDocument.xhtml?electionId=0020260603&topMenuId=VC&secondMenuId=VCCP08
서울특별시,강남구,광역의원,5112304,강남구제4선거구,1,유만희,34870,안형순,25847,9023,0,0,0,참고,부족 투표소가 해당 선거구에 속하는지는 투표소명 또는 읍면동이 공개된 경우에만 별도 확인 필요,https://info.nec.go.kr/main/showDocument.xhtml?electionId=0020260603&topMenuId=VC&secondMenuId=VCCP08
서울특별시,강남구,광역의원,5112305,강남구제5선거구,1,이도희,35370,김숭선,13474,21896,0,0,0,참고,부족 투표소가 해당 선거구에 속하는지는 투표소명 또는 읍면동이 공개된 경우에만 별도 확인 필요,https://info.nec.go.kr/main/showDocument.xhtml?electionId=0020260603&topMenuId=VC&secondMenuId=VCCP08
서울특별시,강남구,광역의원,5112306,강남구제6선거구,1,김길영,30349,김영빈,12197,18152,0,0,0,참고,부족 투표소가 해당 선거구에 속하는지는 투표소명 또는 읍면동이 공개된 경우에만 별도 확인 필요,https://info.nec.go.kr/main/showDocument.xhtml?electionId=0020260603&topMenuId=VC&secondMenuId=VCCP08
서울특별시,강남구,기초의원,6112301,강남구가선거구,2,김진경,5727,장인숙,2427,3300,0,0,0,참고,부족 투표소가 해당 선거구에 속하는지는 투표소명 또는 읍면동이 공개된 경우에만 별도 확인 필요,https://info.nec.go.kr/main/showDocument.xhtml?electionId=0020260603&topMenuId=VC&secondMenuId=VCCP08
서울특별시,강남구,기초의원,6112302,강남구나선거구,3,이종원,3702,황영각,1100,2602,0,0,0,참고,부족 투표소가 해당 선거구에 속하는지는 투표소명 또는 읍면동이 공개된 경우에만 별도 확인 필요,https://info.nec.go.kr/main/showDocument.xhtml?electionId=0020260603&topMenuId=VC&secondMenuId=VCCP08
서울특별시,강남구,기초의원,6112303,강남구다선거구,3,이재진,7586,장용수,4266,3320,0,0,0,참고,부족 투표소가 해당 선거구에 속하는지는 투표소명 또는 읍면동이 공개된 경우에만 별도 확인 필요,https://info.nec.go.kr/main/showDocument.xhtml?electionId=0020260603&topMenuId=VC&secondMenuId=VCCP08
서울특별시,강남구,기초의원,6112304,강남구라선거구,3,박대용,6027,구성도,2001,4026,0,0,0,참고,부족 투표소가 해당 선거구에 속하는지는 투표소명 또는 읍면동이 공개된 경우에만 별도 확인 필요,https://info.nec.go.kr/main/showDocument.xhtml?electionId=0020260603&topMenuId=VC&secondMenuId=VCCP08
서울특별시,강남구,기초의원,6112305,강남구마선거구,2,이상애,11103,하숙자,3680,7423,0,0,0,참고,부족 투표소가 해당 선거구에 속하는지는 투표소명 또는 읍면동이 공개된 경우에만 별도 확인 필요,https://info.nec.go.kr/main/showDocument.xhtml?electionId=0020260603&topMenuId=VC&secondMenuId=VCCP08
서울특별시,강남구,기초의원,6112307,강남구사선거구,2,김윤희,6092,노애자,5087,1005,0,0,0,검토,부족 투표소가 해당 선거구에 속하는지는 투표소명 또는 읍면동이 공개된 경우에만 별도 확인 필요,https://info.nec.go.kr/main/showDocument.xhtml?electionId=0020260603&topMenuId=VC&secondMenuId=VCCP08
서울특별시,강남구,기초의원,6112309,강남구자선거구,3,염희옥,4712,김동현,2233,2479,0,0,0,참고,부족 투표소가 해당 선거구에 속하는지는 투표소명 또는 읍면동이 공개된 경우에만 별도 확인 필요,https://info.nec.go.kr/main/showDocument.xhtml?electionId=0020260603&topMenuId=VC&secondMenuId=VCCP08
서울특별시,강동구,광역의원,5112501,강동구제1선거구,1,이희동,24850,남효선,24227,623,0,0,0,검토,부족 투표소가 해당 선거구에 속하는지는 투표소명 또는 읍면동이 공개된 경우에만 별도 확인 필요,https://info.nec.go.kr/main/showDocument.xhtml?electionId=0020260603&topMenuId=VC&secondMenuId=VCCP08
서울특별시,강동구,광역의원,5112502,강동구제2선거구,1,박춘선,23353,김남현,19733,3620,0,0,0,참고,부족 투표소가 해당 선거구에 속하는지는 투표소명 또는 읍면동이 공개된 경우에만 별도 확인 필요,https://info.nec.go.kr/main/showDocument.xhtml?electionId=0020260603&topMenuId=VC&secondMenuId=VCCP08
서울특별시,강동구,광역의원,5112503,강동구제3선거구,1,이준형,22228,김현석,18550,3678,0,0,0,참고,부족 투표소가 해당 선거구에 속하는지는 투표소명 또는 읍면동이 공개된 경우에만 별도 확인 필요,https://info.nec.go.kr/main/showDocument.xhtml?electionId=0020260603&topMenuId=VC&secondMenuId=VCCP08
서울특별시,강동구,광역의원,5112504,강동구제4선거구,1,양평호,25512,조동탁,22484,3028,0,0,0,참고,부족 투표소가 해당 선거구에 속하는지는 투표소명 또는 읍면동이 공개된 경우에만 별도 확인 필요,https://info.nec.go.kr/main/showDocument.xhtml?electionId=0020260603&topMenuId=VC&secondMenuId=VCCP08
서울특별시,강동구,광역의원,5112505,강동구제5선거구,1,황인구,19272,김영철,16945,2327,0,0,0,참고,부족 투표소가 해당 선거구에 속하는지는 투표소명 또는 읍면동이 공개된 경우에만 별도 확인 필요,https://info.nec.go.kr/main/showDocument.xhtml?electionId=0020260603&topMenuId=VC&secondMenuId=VCCP08
서울특별시,강동구,광역의원,5112506,강동구제6선거구,1,장태용,31985,이동매,28229,3756,0,0,0,참고,부족 투표소가 해당 선거구에 속하는지는 투표소명 또는 읍면동이 공개된 경우에만 별도 확인 필요,https://info.nec.go.kr/main/showDocument.xhtml?electionId=0020260603&topMenuId=VC&secondMenuId=VCCP08
서울특별시,강동구,기초의원,6112501,강동구가선거구,3,김현우,9138,한진수,7563,1575,0,0,0,검토,부족 투표소가 해당 선거구에 속하는지는 투표소명 또는 읍면동이 공개된 경우에만 별도 확인 필요,https://info.nec.go.kr/main/showDocument.xhtml?electionId=0020260603&topMenuId=VC&secondMenuId=VCCP08
서울특별시,강동구,기초의원,6112502,강동구나선거구,3,서회원,7577,이준재,6461,1116,0,0,0,검토,부족 투표소가 해당 선거구에 속하는지는 투표소명 또는 읍면동이 공개된 경우에만 별도 확인 필요,https://info.nec.go.kr/main/showDocument.xhtml?electionId=0020260603&topMenuId=VC&secondMenuId=VCCP08
서울특별시,강동구,기초의원,6112504,강동구라선거구,3,김종범,5541,제갑섭,5036,505,0,0,0,검토,부족 투표소가 해당 선거구에 속하는지는 투표소명 또는 읍면동이 공개된 경우에만 별도 확인 필요,https://info.nec.go.kr/main/showDocument.xhtml?electionId=0020260603&topMenuId=VC&secondMenuId=VCCP08
서울특별시,강동구,기초의원,6112505,강동구마선거구,3,심우열,4117,김정일,1791,2326,0,0,0,참고,부족 투표소가 해당 선거구에 속하는지는 투표소명 또는 읍면동이 공개된 경우에만 별도 확인 필요,https://info.nec.go.kr/main/showDocument.xhtml?electionId=0020260603&topMenuId=VC&secondMenuId=VCCP08
서울특별시,강동구,기초의원,6112506,강동구바선거구,2,김경천,15070,정민우,1539,13531,0,0,0,참고,부족 투표소가 해당 선거구에 속하는지는 투표소명 또는 읍면동이 공개된 경우에만 별도 확인 필요,https://info.nec.go.kr/main/showDocument.xhtml?electionId=0020260603&topMenuId=VC&secondMenuId=VCCP08
서울특별시,강동구,기초의원,6112507,강동구사선거구,3,김미정,9524,손재용,8975,549,0,0,0,검토,부족 투표소가 해당 선거구에 속하는지는 투표소명 또는 읍면동이 공개된 경우에만 별도 확인 필요,https://info.nec.go.kr/main/showDocument.xhtml?electionId=0020260603&topMenuId=VC&secondMenuId=VCCP08
서울특별시,강북구,광역의원,5110901,강북구제1선거구,1,김명희,21712,이종환,16164,5548,0,0,0,참고,부족 투표소가 해당 선거구에 속하는지는 투표소명 또는 읍면동이 공개된 경우에만 별도 확인 필요,https://info.nec.go.kr/main/showDocument.xhtml?electionId=0020260603&topMenuId=VC&secondMenuId=VCCP08
서울특별시,강북구,광역의원,5110902,강북구제2선거구,1,이상훈,20369,정초립,14166,6203,0,0,0,참고,부족 투표소가 해당 선거구에 속하는지는 투표소명 또는 읍면동이 공개된 경우에만 별도 확인 필요,https://info.nec.go.kr/main/showDocument.xhtml?electionId=0020260603&topMenuId=VC&secondMenuId=VCCP08
서울특별시,강북구,광역의원,5110903,강북구제3선거구,1,곽인혜,25139,한수종,16578,8561,0,0,0,참고,부족 투표소가 해당 선거구에 속하는지는 투표소명 또는 읍면동이 공개된 경우에만 별도 확인 필요,https://info.nec.go.kr/main/showDocument.xhtml?electionId=0020260603&topMenuId=VC&secondMenuId=VCCP08
서울특별시,강북구,광역의원,5110904,강북구제4선거구,1,허광행,19078,강경덕,13261,5817,0,0,0,참고,부족 투표소가 해당 선거구에 속하는지는 투표소명 또는 읍면동이 공개된 경우에만 별도 확인 필요,https://info.nec.go.kr/main/showDocument.xhtml?electionId=0020260603&topMenuId=VC&secondMenuId=VCCP08
서울특별시,강북구,기초의원,6110901,강북구가선거구,3,박상구,7556,박철우,5553,2003,0,0,0,참고,부족 투표소가 해당 선거구에 속하는지는 투표소명 또는 읍면동이 공개된 경우에만 별도 확인 필요,https://info.nec.go.kr/main/showDocument.xhtml?electionId=0020260603&topMenuId=VC&secondMenuId=VCCP08
서울특별시,강북구,기초의원,6110902,강북구나선거구,3,이상수,6948,조윤섭,4903,2045,0,0,0,참고,부족 투표소가 해당 선거구에 속하는지는 투표소명 또는 읍면동이 공개된 경우에만 별도 확인 필요,https://info.nec.go.kr/main/showDocument.xhtml?electionId=0020260603&topMenuId=VC&secondMenuId=VCCP08
서울특별시,강북구,기초의원,6110903,강북구다선거구,3,배증윤,7811,심재억,6620,1191,0,0,0,검토,부족 투표소가 해당 선거구에 속하는지는 투표소명 또는 읍면동이 공개된 경우에만 별도 확인 필요,https://info.nec.go.kr/main/showDocument.xhtml?electionId=0020260603&topMenuId=VC&secondMenuId=VCCP08
서울특별시,강서구,광역의원,5111601,강서구제1선거구,1,고찬양,26850,한지산,17602,9248,0,0,0,참고,부족 투표소가 해당 선거구에 속하는지는 투표소명 또는 읍면동이 공개된 경우에만 별도 확인 필요,https://info.nec.go.kr/main/showDocument.xhtml?electionId=0020260603&topMenuId=VC&secondMenuId=VCCP08
서울특별시,강서구,광역의원,5111602,강서구제2선거구,1,장상기,29794,강석주,24481,5313,0,0,0,참고,부족 투표소가 해당 선거구에 속하는지는 투표소명 또는 읍면동이 공개된 경우에만 별도 확인 필요,https://info.nec.go.kr/main/showDocument.xhtml?electionId=0020260603&topMenuId=VC&secondMenuId=VCCP08
서울특별시,강서구,광역의원,5111603,강서구제3선거구,1,박계홍,26174,최진혁,22618,3556,0,0,0,참고,부족 투표소가 해당 선거구에 속하는지는 투표소명 또는 읍면동이 공개된 경우에만 별도 확인 필요,https://info.nec.go.kr/main/showDocument.xhtml?electionId=0020260603&topMenuId=VC&secondMenuId=VCCP08
서울특별시,강서구,광역의원,5111604,강서구제4선거구,1,송순효,29627,김춘곤,25579,4048,0,0,0,참고,부족 투표소가 해당 선거구에 속하는지는 투표소명 또는 읍면동이 공개된 경우에만 별도 확인 필요,https://info.nec.go.kr/main/showDocument.xhtml?electionId=0020260603&topMenuId=VC&secondMenuId=VCCP08
서울특별시,강서구,광역의원,5111605,강서구제5선거구,1,홍재희,24733,김경훈,20956,3777,0,0,0,참고,부족 투표소가 해당 선거구에 속하는지는 투표소명 또는 읍면동이 공개된 경우에만 별도 확인 필요,https://info.nec.go.kr/main/showDocument.xhtml?electionId=0020260603&topMenuId=VC&secondMenuId=VCCP08
서울특별시,강서구,광역의원,5111606,강서구제6선거구,1,김병진,28857,신찬호,20787,8070,0,0,0,참고,부족 투표소가 해당 선거구에 속하는지는 투표소명 또는 읍면동이 공개된 경우에만 별도 확인 필요,https://info.nec.go.kr/main/showDocument.xhtml?electionId=0020260603&topMenuId=VC&secondMenuId=VCCP08
서울특별시,강서구,기초의원,6111601,강서구가선거구,3,김영회,6353,김수림,2308,4045,0,0,0,참고,부족 투표소가 해당 선거구에 속하는지는 투표소명 또는 읍면동이 공개된 경우에만 별도 확인 필요,https://info.nec.go.kr/main/showDocument.xhtml?electionId=0020260603&topMenuId=VC&secondMenuId=VCCP08
서울특별시,강서구,기초의원,6111602,강서구나선거구,2,정재봉,12087,이상욱,1580,10507,0,0,0,참고,부족 투표소가 해당 선거구에 속하는지는 투표소명 또는 읍면동이 공개된 경우에만 별도 확인 필요,https://info.nec.go.kr/main/showDocument.xhtml?electionId=0020260603&topMenuId=VC&secondMenuId=VCCP08
서울특별시,강서구,기초의원,6111603,강서구다선거구,2,김희동,10337,안성현,614,9723,0,0,0,참고,부족 투표소가 해당 선거구에 속하는지는 투표소명 또는 읍면동이 공개된 경우에만 별도 확인 필요,https://info.nec.go.kr/main/showDocument.xhtml?electionId=0020260603&topMenuId=VC&secondMenuId=VCCP08
서울특별시,강서구,기초의원,6111604,강서구라선거구,3,양진석,9132,안도연,1981,7151,0,0,0,참고,부족 투표소가 해당 선거구에 속하는지는 투표소명 또는 읍면동이 공개된 경우에만 별도 확인 필요,https://info.nec.go.kr/main/showDocument.xhtml?electionId=0020260603&topMenuId=VC&secondMenuId=VCCP08
서울특별시,강서구,기초의원,6111605,강서구마선거구,4,함영규,6192,정정희,3311,2881,0,0,0,참고,부족 투표소가 해당 선거구에 속하는지는 투표소명 또는 읍면동이 공개된 경우에만 별도 확인 필요,https://info.nec.go.kr/main/showDocument.xhtml?electionId=0020260603&topMenuId=VC&secondMenuId=VCCP08
서울특별시,강서구,기초의원,6111606,강서구바선거구,2,김희선,19301,한명희,3115,16186,0,0,0,참고,부족 투표소가 해당 선거구에 속하는지는 투표소명 또는 읍면동이 공개된 경우에만 별도 확인 필요,https://info.nec.go.kr/main/showDocument.xhtml?electionId=0020260603&topMenuId=VC&secondMenuId=VCCP08
서울특별시,강서구,기초의원,6111607,강서구사선거구,2,지주용,8265,정수연,804,7461,0,0,0,참고,부족 투표소가 해당 선거구에 속하는지는 투표소명 또는 읍면동이 공개된 경우에만 별도 확인 필요,https://info.nec.go.kr/main/showDocument.xhtml?electionId=0020260603&topMenuId=VC&secondMenuId=VCCP08
서울특별시,강서구,기초의원,6111608,강서구아선거구,2,김현진,11022,김용정,4074,6948,0,0,0,참고,부족 투표소가 해당 선거구에 속하는지는 투표소명 또는 읍면동이 공개된 경우에만 별도 확인 필요,https://info.nec.go.kr/main/showDocument.xhtml?electionId=0020260603&topMenuId=VC&secondMenuId=VCCP08
서울특별시,관악구,광역의원,5112104,관악구제4선거구,1,김정애,32591,김호경,23623,8968,0,0,0,참고,부족 투표소가 해당 선거구에 속하는지는 투표소명 또는 읍면동이 공개된 경우에만 별도 확인 필요,https://info.nec.go.kr/main/showDocument.xhtml?electionId=0020260603&topMenuId=VC&secondMenuId=VCCP08
서울특별시,관악구,광역의원,5112105,관악구제5선거구,1,김정우,30593,장현수,22272,8321,0,0,0,참고,부족 투표소가 해당 선거구에 속하는지는 투표소명 또는 읍면동이 공개된 경우에만 별도 확인 필요,https://info.nec.go.kr/main/showDocument.xhtml?electionId=0020260603&topMenuId=VC&secondMenuId=VCCP08
서울특별시,관악구,기초의원,6112101,관악구가선거구,3,박용규,8425,박준민,800,7625,0,0,0,참고,부족 투표소가 해당 선거구에 속하는지는 투표소명 또는 읍면동이 공개된 경우에만 별도 확인 필요,https://info.nec.go.kr/main/showDocument.xhtml?electionId=0020260603&topMenuId=VC&secondMenuId=VCCP08
서울특별시,관악구,기초의원,6112102,관악구나선거구,3,표태룡,9815,구자민,3153,6662,0,0,0,참고,부족 투표소가 해당 선거구에 속하는지는 투표소명 또는 읍면동이 공개된 경우에만 별도 확인 필요,https://info.nec.go.kr/main/showDocument.xhtml?electionId=0020260603&topMenuId=VC&secondMenuId=VCCP08
서울특별시,관악구,기초의원,6112103,관악구다선거구,4,곽광자,5099,조홍련,3761,1338,0,0,0,검토,부족 투표소가 해당 선거구에 속하는지는 투표소명 또는 읍면동이 공개된 경우에만 별도 확인 필요,https://info.nec.go.kr/main/showDocument.xhtml?electionId=0020260603&topMenuId=VC&secondMenuId=VCCP08
서울특별시,관악구,기초의원,6112104,관악구라선거구,3,정현일,6511,왕복근,4447,2064,0,0,0,참고,부족 투표소가 해당 선거구에 속하는지는 투표소명 또는 읍면동이 공개된 경우에만 별도 확인 필요,https://info.nec.go.kr/main/showDocument.xhtml?electionId=0020260603&topMenuId=VC&secondMenuId=VCCP08
서울특별시,관악구,기초의원,6112105,관악구마선거구,2,백성원,6111,이상옥,4470,1641,0,0,0,검토,부족 투표소가 해당 선거구에 속하는지는 투표소명 또는 읍면동이 공개된 경우에만 별도 확인 필요,https://info.nec.go.kr/main/showDocument.xhtml?electionId=0020260603&topMenuId=VC&secondMenuId=VCCP08
서울특별시,관악구,기초의원,6112106,관악구바선거구,2,김영미,12496,안진섭,6634,5862,0,0,0,참고,부족 투표소가 해당 선거구에 속하는지는 투표소명 또는 읍면동이 공개된 경우에만 별도 확인 필요,https://info.nec.go.kr/main/showDocument.xhtml?electionId=0020260603&topMenuId=VC&secondMenuId=VCCP08
서울특별시,관악구,기초의원,6112107,관악구사선거구,3,김혜정,6075,이동일,2834,3241,0,0,0,참고,부족 투표소가 해당 선거구에 속하는지는 투표소명 또는 읍면동이 공개된 경우에만 별도 확인 필요,https://info.nec.go.kr/main/showDocument.xhtml?electionId=0020260603&topMenuId=VC&secondMenuId=VCCP08
서울특별시,광진구,광역의원,5110501,광진구제1선거구,1,김회근,24366,손정수,18690,5676,0,0,0,참고,부족 투표소가 해당 선거구에 속하는지는 투표소명 또는 읍면동이 공개된 경우에만 별도 확인 필요,https://info.nec.go.kr/main/showDocument.xhtml?electionId=0020260603&topMenuId=VC&secondMenuId=VCCP08
서울특별시,광진구,광역의원,5110502,광진구제2선거구,1,최두호,24875,박성연,23555,1320,0,0,0,검토,부족 투표소가 해당 선거구에 속하는지는 투표소명 또는 읍면동이 공개된 경우에만 별도 확인 필요,https://info.nec.go.kr/main/showDocument.xhtml?electionId=0020260603&topMenuId=VC&secondMenuId=VCCP08
서울특별시,광진구,광역의원,5110503,광진구제3선거구,1,김영옥,29114,이상엽,26957,2157,0,0,0,참고,부족 투표소가 해당 선거구에 속하는지는 투표소명 또는 읍면동이 공개된 경우에만 별도 확인 필요,https://info.nec.go.kr/main/showDocument.xhtml?electionId=0020260603&topMenuId=VC&secondMenuId=VCCP08
서울특별시,광진구,광역의원,5110504,광진구제4선거구,1,전은혜,19809,김창현,18815,994,0,0,0,검토,부족 투표소가 해당 선거구에 속하는지는 투표소명 또는 읍면동이 공개된 경우에만 별도 확인 필요,https://info.nec.go.kr/main/showDocument.xhtml?electionId=0020260603&topMenuId=VC&secondMenuId=VCCP08
서울특별시,광진구,기초의원,6110501,광진구가선거구,3,강일,8026,추윤구,5734,2292,0,0,0,참고,부족 투표소가 해당 선거구에 속하는지는 투표소명 또는 읍면동이 공개된 경우에만 별도 확인 필요,https://info.nec.go.kr/main/showDocument.xhtml?electionId=0020260603&topMenuId=VC&secondMenuId=VCCP08
서울특별시,광진구,기초의원,6110502,광진구나선거구,3,고양석,6678,최제일,1896,4782,0,0,0,참고,부족 투표소가 해당 선거구에 속하는지는 투표소명 또는 읍면동이 공개된 경우에만 별도 확인 필요,https://info.nec.go.kr/main/showDocument.xhtml?electionId=0020260603&topMenuId=VC&secondMenuId=VCCP08
서울특별시,광진구,기초의원,6110503,광진구다선거구,3,김강산,9151,이정열,9078,73,0,0,0,우선검토,부족 투표소가 해당 선거구에 속하는지는 투표소명 또는 읍면동이 공개된 경우에만 별도 확인 필요,https://info.nec.go.kr/main/showDocument.xhtml?electionId=0020260603&topMenuId=VC&secondMenuId=VCCP08
서울특별시,광진구,기초의원,6110504,광진구라선거구,3,서민우,7523,김상배,5579,1944,0,0,0,검토,부족 투표소가 해당 선거구에 속하는지는 투표소명 또는 읍면동이 공개된 경우에만 별도 확인 필요,https://info.nec.go.kr/main/showDocument.xhtml?electionId=0020260603&topMenuId=VC&secondMenuId=VCCP08
서울특별시,구로구,광역의원,5111701,구로구제1선거구,1,김미주,41765,서상열,33021,8744,0,0,0,참고,부족 투표소가 해당 선거구에 속하는지는 투표소명 또는 읍면동이 공개된 경우에만 별도 확인 필요,https://info.nec.go.kr/main/showDocument.xhtml?electionId=0020260603&topMenuId=VC&secondMenuId=VCCP08
서울특별시,구로구,광역의원,5111702,구로구제2선거구,1,김인제,30547,최현석,23277,7270,0,0,0,참고,부족 투표소가 해당 선거구에 속하는지는 투표소명 또는 읍면동이 공개된 경우에만 별도 확인 필요,https://info.nec.go.kr/main/showDocument.xhtml?electionId=0020260603&topMenuId=VC&secondMenuId=VCCP08
서울특별시,구로구,광역의원,5111703,구로구제3선거구,1,박무영,35103,박용순,25112,9991,0,0,0,참고,부족 투표소가 해당 선거구에 속하는지는 투표소명 또는 읍면동이 공개된 경우에만 별도 확인 필요,https://info.nec.go.kr/main/showDocument.xhtml?electionId=0020260603&topMenuId=VC&secondMenuId=VCCP08
서울특별시,구로구,광역의원,5111704,구로구제4선거구,1,박칠성,15972,정성호,10437,5535,0,0,0,참고,부족 투표소가 해당 선거구에 속하는지는 투표소명 또는 읍면동이 공개된 경우에만 별도 확인 필요,https://info.nec.go.kr/main/showDocument.xhtml?electionId=0020260603&topMenuId=VC&secondMenuId=VCCP08
서울특별시,구로구,기초의원,6111701,구로구가선거구,3,이근미,8715,유경수,5885,2830,0,0,0,참고,부족 투표소가 해당 선거구에 속하는지는 투표소명 또는 읍면동이 공개된 경우에만 별도 확인 필요,https://info.nec.go.kr/main/showDocument.xhtml?electionId=0020260603&topMenuId=VC&secondMenuId=VCCP08
서울특별시,구로구,기초의원,6111702,구로구나선거구,2,김용권,11192,신만철,1713,9479,0,0,0,참고,부족 투표소가 해당 선거구에 속하는지는 투표소명 또는 읍면동이 공개된 경우에만 별도 확인 필요,https://info.nec.go.kr/main/showDocument.xhtml?electionId=0020260603&topMenuId=VC&secondMenuId=VCCP08
서울특별시,구로구,기초의원,6111703,구로구다선거구,3,최태영,9691,최재희,6386,3305,0,0,0,참고,부족 투표소가 해당 선거구에 속하는지는 투표소명 또는 읍면동이 공개된 경우에만 별도 확인 필요,https://info.nec.go.kr/main/showDocument.xhtml?electionId=0020260603&topMenuId=VC&secondMenuId=VCCP08
서울특별시,구로구,기초의원,6111706,구로구바선거구,2,곽노혁,8834,노경숙,5999,2835,0,0,0,참고,부족 투표소가 해당 선거구에 속하는지는 투표소명 또는 읍면동이 공개된 경우에만 별도 확인 필요,https://info.nec.go.kr/main/showDocument.xhtml?electionId=0020260603&topMenuId=VC&secondMenuId=VCCP08
서울특별시,금천구,광역의원,5111801,금천구제1선거구,1,이인식,39437,손민지,27298,12139,0,0,0,참고,부족 투표소가 해당 선거구에 속하는지는 투표소명 또는 읍면동이 공개된 경우에만 별도 확인 필요,https://info.nec.go.kr/main/showDocument.xhtml?electionId=0020260603&topMenuId=VC&secondMenuId=VCCP08
서울특별시,금천구,광역의원,5111802,금천구제2선거구,1,박희정,29705,오봉수,23655,6050,0,0,0,참고,부족 투표소가 해당 선거구에 속하는지는 투표소명 또는 읍면동이 공개된 경우에만 별도 확인 필요,https://info.nec.go.kr/main/showDocument.xhtml?electionId=0020260603&topMenuId=VC&secondMenuId=VCCP08
서울특별시,금천구,기초의원,6111801,금천구가선거구,3,정문교,7492,이경옥,3313,4179,0,0,0,참고,부족 투표소가 해당 선거구에 속하는지는 투표소명 또는 읍면동이 공개된 경우에만 별도 확인 필요,https://info.nec.go.kr/main/showDocument.xhtml?electionId=0020260603&topMenuId=VC&secondMenuId=VCCP08
서울특별시,금천구,기초의원,6111802,금천구나선거구,2,도병두,10121,김효섭,6381,3740,0,0,0,참고,부족 투표소가 해당 선거구에 속하는지는 투표소명 또는 읍면동이 공개된 경우에만 별도 확인 필요,https://info.nec.go.kr/main/showDocument.xhtml?electionId=0020260603&topMenuId=VC&secondMenuId=VCCP08
서울특별시,금천구,기초의원,6111803,금천구다선거구,2,박대웅,10174,정재동,5708,4466,0,0,0,참고,부족 투표소가 해당 선거구에 속하는지는 투표소명 또는 읍면동이 공개된 경우에만 별도 확인 필요,https://info.nec.go.kr/main/showDocument.xhtml?electionId=0020260603&topMenuId=VC&secondMenuId=VCCP08
서울특별시,금천구,기초의원,6111804,금천구라선거구,2,우상원,11101,김민종,1054,10047,0,0,0,참고,부족 투표소가 해당 선거구에 속하는지는 투표소명 또는 읍면동이 공개된 경우에만 별도 확인 필요,https://info.nec.go.kr/main/showDocument.xhtml?electionId=0020260603&topMenuId=VC&secondMenuId=VCCP08
서울특별시,노원구,광역의원,5111101,노원구제1선거구,1,박이강,23619,신동원,18643,4976,0,0,0,참고,부족 투표소가 해당 선거구에 속하는지는 투표소명 또는 읍면동이 공개된 경우에만 별도 확인 필요,https://info.nec.go.kr/main/showDocument.xhtml?electionId=0020260603&topMenuId=VC&secondMenuId=VCCP08
서울특별시,노원구,광역의원,5111102,노원구제2선거구,1,오금란,22610,유룻,16841,5769,0,0,0,참고,부족 투표소가 해당 선거구에 속하는지는 투표소명 또는 읍면동이 공개된 경우에만 별도 확인 필요,https://info.nec.go.kr/main/showDocument.xhtml?electionId=0020260603&topMenuId=VC&secondMenuId=VCCP08
서울특별시,노원구,광역의원,5111103,노원구제3선거구,1,봉양순,36414,김수정,14073,22341,0,0,0,참고,부족 투표소가 해당 선거구에 속하는지는 투표소명 또는 읍면동이 공개된 경우에만 별도 확인 필요,https://info.nec.go.kr/main/showDocument.xhtml?electionId=0020260603&topMenuId=VC&secondMenuId=VCCP08
서울특별시,노원구,광역의원,5111104,노원구제4선거구,1,노연수,23047,함수연,17100,5947,0,0,0,참고,부족 투표소가 해당 선거구에 속하는지는 투표소명 또는 읍면동이 공개된 경우에만 별도 확인 필요,https://info.nec.go.kr/main/showDocument.xhtml?electionId=0020260603&topMenuId=VC&secondMenuId=VCCP08
서울특별시,노원구,광역의원,5111105,노원구제5선거구,1,채유미,20436,윤기섭,15864,4572,0,0,0,참고,부족 투표소가 해당 선거구에 속하는지는 투표소명 또는 읍면동이 공개된 경우에만 별도 확인 필요,https://info.nec.go.kr/main/showDocument.xhtml?electionId=0020260603&topMenuId=VC&secondMenuId=VCCP08
서울특별시,노원구,광역의원,5111106,노원구제6선거구,1,김준성,30218,어정화,23884,6334,0,0,0,참고,부족 투표소가 해당 선거구에 속하는지는 투표소명 또는 읍면동이 공개된 경우에만 별도 확인 필요,https://info.nec.go.kr/main/showDocument.xhtml?electionId=0020260603&topMenuId=VC&secondMenuId=VCCP08
서울특별시,노원구,기초의원,6111101,노원구가선거구,3,강미경,8812,정시온,8551,261,0,0,0,우선검토,부족 투표소가 해당 선거구에 속하는지는 투표소명 또는 읍면동이 공개된 경우에만 별도 확인 필요,https://info.nec.go.kr/main/showDocument.xhtml?electionId=0020260603&topMenuId=VC&secondMenuId=VCCP08
서울특별시,노원구,기초의원,6111102,노원구나선거구,3,박명수,8911,이경선,7135,1776,0,0,0,검토,부족 투표소가 해당 선거구에 속하는지는 투표소명 또는 읍면동이 공개된 경우에만 별도 확인 필요,https://info.nec.go.kr/main/showDocument.xhtml?electionId=0020260603&topMenuId=VC&secondMenuId=VCCP08
서울특별시,노원구,기초의원,6111105,노원구마선거구,3,안복동,8057,박성진,1645,6412,0,0,0,참고,부족 투표소가 해당 선거구에 속하는지는 투표소명 또는 읍면동이 공개된 경우에만 별도 확인 필요,https://info.nec.go.kr/main/showDocument.xhtml?electionId=0020260603&topMenuId=VC&secondMenuId=VCCP08
서울특별시,노원구,기초의원,6111106,노원구바선거구,3,최용갑,7163,홍기웅,4010,3153,0,0,0,참고,부족 투표소가 해당 선거구에 속하는지는 투표소명 또는 읍면동이 공개된 경우에만 별도 확인 필요,https://info.nec.go.kr/main/showDocument.xhtml?electionId=0020260603&topMenuId=VC&secondMenuId=VCCP08
서울특별시,도봉구,광역의원,5111001,도봉구제1선거구,1,이영숙,23383,이경숙,19480,3903,0,0,0,참고,부족 투표소가 해당 선거구에 속하는지는 투표소명 또는 읍면동이 공개된 경우에만 별도 확인 필요,https://info.nec.go.kr/main/showDocument.xhtml?electionId=0020260603&topMenuId=VC&secondMenuId=VCCP08
서울특별시,도봉구,광역의원,5111002,도봉구제2선거구,1,박상근,23775,홍국표,18023,5752,0,0,0,참고,부족 투표소가 해당 선거구에 속하는지는 투표소명 또는 읍면동이 공개된 경우에만 별도 확인 필요,https://info.nec.go.kr/main/showDocument.xhtml?electionId=0020260603&topMenuId=VC&secondMenuId=VCCP08
서울특별시,도봉구,광역의원,5111003,도봉구제3선거구,1,유기훈,19065,박석,15489,3576,0,0,0,참고,부족 투표소가 해당 선거구에 속하는지는 투표소명 또는 읍면동이 공개된 경우에만 별도 확인 필요,https://info.nec.go.kr/main/showDocument.xhtml?electionId=0020260603&topMenuId=VC&secondMenuId=VCCP08
서울특별시,도봉구,광역의원,5111004,도봉구제4선거구,1,홍은정,27817,이은림,23259,4558,0,0,0,참고,부족 투표소가 해당 선거구에 속하는지는 투표소명 또는 읍면동이 공개된 경우에만 별도 확인 필요,https://info.nec.go.kr/main/showDocument.xhtml?electionId=0020260603&topMenuId=VC&secondMenuId=VCCP08
서울특별시,도봉구,기초의원,6111001,도봉구가선거구,3,강혜란,8678,양덕모,6574,2104,0,0,0,참고,부족 투표소가 해당 선거구에 속하는지는 투표소명 또는 읍면동이 공개된 경우에만 별도 확인 필요,https://info.nec.go.kr/main/showDocument.xhtml?electionId=0020260603&topMenuId=VC&secondMenuId=VCCP08
서울특별시,도봉구,기초의원,6111002,도봉구나선거구,4,김영찬,5244,김기순,4122,1122,0,0,0,검토,부족 투표소가 해당 선거구에 속하는지는 투표소명 또는 읍면동이 공개된 경우에만 별도 확인 필요,https://info.nec.go.kr/main/showDocument.xhtml?electionId=0020260603&topMenuId=VC&secondMenuId=VCCP08
서울특별시,도봉구,기초의원,6111003,도봉구다선거구,2,김명화,12878,고금숙,2582,10296,0,0,0,참고,부족 투표소가 해당 선거구에 속하는지는 투표소명 또는 읍면동이 공개된 경우에만 별도 확인 필요,https://info.nec.go.kr/main/showDocument.xhtml?electionId=0020260603&topMenuId=VC&secondMenuId=VCCP08
서울특별시,도봉구,기초의원,6111004,도봉구라선거구,2,조미애,11022,김복상,3290,7732,0,0,0,참고,부족 투표소가 해당 선거구에 속하는지는 투표소명 또는 읍면동이 공개된 경우에만 별도 확인 필요,https://info.nec.go.kr/main/showDocument.xhtml?electionId=0020260603&topMenuId=VC&secondMenuId=VCCP08
서울특별시,동대문구,광역의원,5110601,동대문구제1선거구,1,이영남,22774,이병윤,21605,1169,0,0,0,검토,부족 투표소가 해당 선거구에 속하는지는 투표소명 또는 읍면동이 공개된 경우에만 별도 확인 필요,https://info.nec.go.kr/main/showDocument.xhtml?electionId=0020260603&topMenuId=VC&secondMenuId=VCCP08
서울특별시,동대문구,광역의원,5110602,동대문구제2선거구,1,오중석,28638,심미경,25621,3017,0,0,0,참고,부족 투표소가 해당 선거구에 속하는지는 투표소명 또는 읍면동이 공개된 경우에만 별도 확인 필요,https://info.nec.go.kr/main/showDocument.xhtml?electionId=0020260603&topMenuId=VC&secondMenuId=VCCP08
서울특별시,동대문구,광역의원,5110603,동대문구제3선거구,1,이의안,21606,남궁역,20476,1130,0,0,0,검토,부족 투표소가 해당 선거구에 속하는지는 투표소명 또는 읍면동이 공개된 경우에만 별도 확인 필요,https://info.nec.go.kr/main/showDocument.xhtml?electionId=0020260603&topMenuId=VC&secondMenuId=VCCP08
서울특별시,동대문구,광역의원,5110604,동대문구제4선거구,1,박규남,29782,신복자,23995,5787,0,0,0,참고,부족 투표소가 해당 선거구에 속하는지는 투표소명 또는 읍면동이 공개된 경우에만 별도 확인 필요,https://info.nec.go.kr/main/showDocument.xhtml?electionId=0020260603&topMenuId=VC&secondMenuId=VCCP08
서울특별시,동대문구,기초의원,6110601,동대문구가선거구,2,서정인,7788,김남길,4862,2926,0,0,0,참고,부족 투표소가 해당 선거구에 속하는지는 투표소명 또는 읍면동이 공개된 경우에만 별도 확인 필요,https://info.nec.go.kr/main/showDocument.xhtml?electionId=0020260603&topMenuId=VC&secondMenuId=VCCP08
서울특별시,동대문구,기초의원,6110602,동대문구나선거구,2,손세영,8152,강수연,4326,3826,0,0,0,참고,부족 투표소가 해당 선거구에 속하는지는 투표소명 또는 읍면동이 공개된 경우에만 별도 확인 필요,https://info.nec.go.kr/main/showDocument.xhtml?electionId=0020260603&topMenuId=VC&secondMenuId=VCCP08
서울특별시,동대문구,기초의원,6110603,동대문구다선거구,2,이도연,10421,이강숙,5046,5375,0,0,0,참고,부족 투표소가 해당 선거구에 속하는지는 투표소명 또는 읍면동이 공개된 경우에만 별도 확인 필요,https://info.nec.go.kr/main/showDocument.xhtml?electionId=0020260603&topMenuId=VC&secondMenuId=VCCP08
서울특별시,동대문구,기초의원,6110604,동대문구라선거구,2,김창규,9212,강성학,4611,4601,0,0,0,참고,부족 투표소가 해당 선거구에 속하는지는 투표소명 또는 읍면동이 공개된 경우에만 별도 확인 필요,https://info.nec.go.kr/main/showDocument.xhtml?electionId=0020260603&topMenuId=VC&secondMenuId=VCCP08
서울특별시,동대문구,기초의원,6110605,동대문구마선거구,4,안외돈,5679,박지하,3167,2512,0,0,0,참고,부족 투표소가 해당 선거구에 속하는지는 투표소명 또는 읍면동이 공개된 경우에만 별도 확인 필요,https://info.nec.go.kr/main/showDocument.xhtml?electionId=0020260603&topMenuId=VC&secondMenuId=VCCP08
서울특별시,동대문구,기초의원,6110606,동대문구바선거구,5,박영화,3814,김재숙,3169,645,0,0,0,검토,부족 투표소가 해당 선거구에 속하는지는 투표소명 또는 읍면동이 공개된 경우에만 별도 확인 필요,https://info.nec.go.kr/main/showDocument.xhtml?electionId=0020260603&topMenuId=VC&secondMenuId=VCCP08
서울특별시,동작구,광역의원,5112001,동작구제1선거구,1,김정환,29381,장순욱,25399,3982,0,0,0,참고,부족 투표소가 해당 선거구에 속하는지는 투표소명 또는 읍면동이 공개된 경우에만 별도 확인 필요,https://info.nec.go.kr/main/showDocument.xhtml?electionId=0020260603&topMenuId=VC&secondMenuId=VCCP08
서울특별시,동작구,광역의원,5112002,동작구제2선거구,1,김경우,31069,최민규,25890,5179,0,0,0,참고,부족 투표소가 해당 선거구에 속하는지는 투표소명 또는 읍면동이 공개된 경우에만 별도 확인 필요,https://info.nec.go.kr/main/showDocument.xhtml?electionId=0020260603&topMenuId=VC&secondMenuId=VCCP08
서울특별시,동작구,광역의원,5112003,동작구제3선거구,1,노성철,27818,이수연,27669,149,0,0,0,우선검토,부족 투표소가 해당 선거구에 속하는지는 투표소명 또는 읍면동이 공개된 경우에만 별도 확인 필요,https://info.nec.go.kr/main/showDocument.xhtml?electionId=0020260603&topMenuId=VC&secondMenuId=VCCP08
서울특별시,동작구,광역의원,5112004,동작구제4선거구,1,이희원,24343,유용,21762,2581,0,0,0,참고,부족 투표소가 해당 선거구에 속하는지는 투표소명 또는 읍면동이 공개된 경우에만 별도 확인 필요,https://info.nec.go.kr/main/showDocument.xhtml?electionId=0020260603&topMenuId=VC&secondMenuId=VCCP08
서울특별시,동작구,기초의원,6112001,동작구가선거구,2,오재영,9319,정재천,2364,6955,0,0,0,참고,부족 투표소가 해당 선거구에 속하는지는 투표소명 또는 읍면동이 공개된 경우에만 별도 확인 필요,https://info.nec.go.kr/main/showDocument.xhtml?electionId=0020260603&topMenuId=VC&secondMenuId=VCCP08
서울특별시,동작구,기초의원,6112002,동작구나선거구,2,송동석,10823,홍진우,5199,5624,0,0,0,참고,부족 투표소가 해당 선거구에 속하는지는 투표소명 또는 읍면동이 공개된 경우에만 별도 확인 필요,https://info.nec.go.kr/main/showDocument.xhtml?electionId=0020260603&topMenuId=VC&secondMenuId=VCCP08
서울특별시,동작구,기초의원,6112003,동작구다선거구,2,최무근,11691,정동연,5641,6050,0,0,0,참고,부족 투표소가 해당 선거구에 속하는지는 투표소명 또는 읍면동이 공개된 경우에만 별도 확인 필요,https://info.nec.go.kr/main/showDocument.xhtml?electionId=0020260603&topMenuId=VC&secondMenuId=VCCP08
서울특별시,동작구,기초의원,6112005,동작구마선거구,2,이수홍,9876,이영주,8268,1608,0,0,0,검토,부족 투표소가 해당 선거구에 속하는지는 투표소명 또는 읍면동이 공개된 경우에만 별도 확인 필요,https://info.nec.go.kr/main/showDocument.xhtml?electionId=0020260603&topMenuId=VC&secondMenuId=VCCP08
서울특별시,동작구,기초의원,6112007,동작구사선거구,3,강한옥,7190,변종득,6459,731,0,0,0,검토,부족 투표소가 해당 선거구에 속하는지는 투표소명 또는 읍면동이 공개된 경우에만 별도 확인 필요,https://info.nec.go.kr/main/showDocument.xhtml?electionId=0020260603&topMenuId=VC&secondMenuId=VCCP08
서울특별시,마포구,광역의원,5111401,마포구제1선거구,1,이민석,25094,고병준,23021,2073,0,0,0,참고,부족 투표소가 해당 선거구에 속하는지는 투표소명 또는 읍면동이 공개된 경우에만 별도 확인 필요,https://info.nec.go.kr/main/showDocument.xhtml?electionId=0020260603&topMenuId=VC&secondMenuId=VCCP08
서울특별시,마포구,광역의원,5111402,마포구제2선거구,1,한기영,21628,이효원,20580,1048,0,0,0,검토,부족 투표소가 해당 선거구에 속하는지는 투표소명 또는 읍면동이 공개된 경우에만 별도 확인 필요,https://info.nec.go.kr/main/showDocument.xhtml?electionId=0020260603&topMenuId=VC&secondMenuId=VCCP08
서울특별시,마포구,광역의원,5111403,마포구제3선거구,1,채우진,25344,한일용,19298,6046,0,0,0,참고,부족 투표소가 해당 선거구에 속하는지는 투표소명 또는 읍면동이 공개된 경우에만 별도 확인 필요,https://info.nec.go.kr/main/showDocument.xhtml?electionId=0020260603&topMenuId=VC&secondMenuId=VCCP08
서울특별시,마포구,광역의원,5111404,마포구제4선거구,1,김기덕,39966,한정민,26456,13510,0,0,0,참고,부족 투표소가 해당 선거구에 속하는지는 투표소명 또는 읍면동이 공개된 경우에만 별도 확인 필요,https://info.nec.go.kr/main/showDocument.xhtml?electionId=0020260603&topMenuId=VC&secondMenuId=VCCP08
서울특별시,마포구,기초의원,6111402,마포구나선거구,2,배동수,12914,김종대,802,12112,0,0,0,참고,부족 투표소가 해당 선거구에 속하는지는 투표소명 또는 읍면동이 공개된 경우에만 별도 확인 필요,https://info.nec.go.kr/main/showDocument.xhtml?electionId=0020260603&topMenuId=VC&secondMenuId=VCCP08
서울특별시,마포구,기초의원,6111403,마포구다선거구,2,채종민,11987,마동환,635,11352,0,0,0,참고,부족 투표소가 해당 선거구에 속하는지는 투표소명 또는 읍면동이 공개된 경우에만 별도 확인 필요,https://info.nec.go.kr/main/showDocument.xhtml?electionId=0020260603&topMenuId=VC&secondMenuId=VCCP08
서울특별시,마포구,기초의원,6111405,마포구마선거구,2,허디모데,10129,김성은,2255,7874,0,0,0,참고,부족 투표소가 해당 선거구에 속하는지는 투표소명 또는 읍면동이 공개된 경우에만 별도 확인 필요,https://info.nec.go.kr/main/showDocument.xhtml?electionId=0020260603&topMenuId=VC&secondMenuId=VCCP08
서울특별시,마포구,기초의원,6111406,마포구바선거구,2,안미자,9026,최근성,976,8050,0,0,0,참고,부족 투표소가 해당 선거구에 속하는지는 투표소명 또는 읍면동이 공개된 경우에만 별도 확인 필요,https://info.nec.go.kr/main/showDocument.xhtml?electionId=0020260603&topMenuId=VC&secondMenuId=VCCP08
서울특별시,마포구,기초의원,6111408,마포구아선거구,3,백남환,9658,김기석,4987,4671,0,0,0,참고,부족 투표소가 해당 선거구에 속하는지는 투표소명 또는 읍면동이 공개된 경우에만 별도 확인 필요,https://info.nec.go.kr/main/showDocument.xhtml?electionId=0020260603&topMenuId=VC&secondMenuId=VCCP08
서울특별시,서대문구,광역의원,5111301,서대문구제1선거구,1,이동화,16792,정지웅,15930,862,0,0,0,검토,부족 투표소가 해당 선거구에 속하는지는 투표소명 또는 읍면동이 공개된 경우에만 별도 확인 필요,https://info.nec.go.kr/main/showDocument.xhtml?electionId=0020260603&topMenuId=VC&secondMenuId=VCCP08
서울특별시,서대문구,광역의원,5111302,서대문구제2선거구,1,김호진,20744,문성호,18469,2275,0,0,0,참고,부족 투표소가 해당 선거구에 속하는지는 투표소명 또는 읍면동이 공개된 경우에만 별도 확인 필요,https://info.nec.go.kr/main/showDocument.xhtml?electionId=0020260603&topMenuId=VC&secondMenuId=VCCP08
서울특별시,서대문구,광역의원,5111303,서대문구제3선거구,1,이승미,21481,홍정희,16509,4972,0,0,0,참고,부족 투표소가 해당 선거구에 속하는지는 투표소명 또는 읍면동이 공개된 경우에만 별도 확인 필요,https://info.nec.go.kr/main/showDocument.xhtml?electionId=0020260603&topMenuId=VC&secondMenuId=VCCP08
서울특별시,서대문구,광역의원,5111304,서대문구제4선거구,1,이용구,29831,전예은,22590,7241,0,0,0,참고,부족 투표소가 해당 선거구에 속하는지는 투표소명 또는 읍면동이 공개된 경우에만 별도 확인 필요,https://info.nec.go.kr/main/showDocument.xhtml?electionId=0020260603&topMenuId=VC&secondMenuId=VCCP08
서울특별시,서대문구,기초의원,6111301,서대문구가선거구,3,김선우,7792,김성우,2654,5138,0,0,0,참고,부족 투표소가 해당 선거구에 속하는지는 투표소명 또는 읍면동이 공개된 경우에만 별도 확인 필요,https://info.nec.go.kr/main/showDocument.xhtml?electionId=0020260603&topMenuId=VC&secondMenuId=VCCP08
서울특별시,서대문구,기초의원,6111302,서대문구나선거구,2,김덕현,6572,전승찬,3794,2778,0,0,0,참고,부족 투표소가 해당 선거구에 속하는지는 투표소명 또는 읍면동이 공개된 경우에만 별도 확인 필요,https://info.nec.go.kr/main/showDocument.xhtml?electionId=0020260603&topMenuId=VC&secondMenuId=VCCP08
서울특별시,서대문구,기초의원,6111303,서대문구다선거구,2,송은경,8186,한승우,4021,4165,0,0,0,참고,부족 투표소가 해당 선거구에 속하는지는 투표소명 또는 읍면동이 공개된 경우에만 별도 확인 필요,https://info.nec.go.kr/main/showDocument.xhtml?electionId=0020260603&topMenuId=VC&secondMenuId=VCCP08
서울특별시,서대문구,기초의원,6111305,서대문구마선거구,3,이기복,7052,전진희,6830,222,0,0,0,우선검토,부족 투표소가 해당 선거구에 속하는지는 투표소명 또는 읍면동이 공개된 경우에만 별도 확인 필요,https://info.nec.go.kr/main/showDocument.xhtml?electionId=0020260603&topMenuId=VC&secondMenuId=VCCP08
서울특별시,서초구,광역의원,5112201,서초구제1선거구,1,김지훈,37983,전태우,15691,22292,0,0,0,참고,부족 투표소가 해당 선거구에 속하는지는 투표소명 또는 읍면동이 공개된 경우에만 별도 확인 필요,https://info.nec.go.kr/main/showDocument.xhtml?electionId=0020260603&topMenuId=VC&secondMenuId=VCCP08
서울특별시,서초구,광역의원,5112202,서초구제2선거구,1,이숙자,32081,박재형,17272,14809,0,0,0,참고,부족 투표소가 해당 선거구에 속하는지는 투표소명 또는 읍면동이 공개된 경우에만 별도 확인 필요,https://info.nec.go.kr/main/showDocument.xhtml?electionId=0020260603&topMenuId=VC&secondMenuId=VCCP08
서울특별시,서초구,광역의원,5112203,서초구제3선거구,1,고광민,31839,강여정,15385,16454,0,0,0,참고,부족 투표소가 해당 선거구에 속하는지는 투표소명 또는 읍면동이 공개된 경우에만 별도 확인 필요,https://info.nec.go.kr/main/showDocument.xhtml?electionId=0020260603&topMenuId=VC&secondMenuId=VCCP08
서울특별시,서초구,광역의원,5112204,서초구제4선거구,1,이효진,44181,이완형,29512,14669,0,0,0,참고,부족 투표소가 해당 선거구에 속하는지는 투표소명 또는 읍면동이 공개된 경우에만 별도 확인 필요,https://info.nec.go.kr/main/showDocument.xhtml?electionId=0020260603&topMenuId=VC&secondMenuId=VCCP08
서울특별시,서초구,기초의원,6112201,서초구가선거구,4,정지광,5246,김남식,4229,1017,0,0,0,검토,부족 투표소가 해당 선거구에 속하는지는 투표소명 또는 읍면동이 공개된 경우에만 별도 확인 필요,https://info.nec.go.kr/main/showDocument.xhtml?electionId=0020260603&topMenuId=VC&secondMenuId=VCCP08
서울특별시,서초구,기초의원,6112202,서초구나선거구,3,김안숙,6421,이화성,5992,429,0,0,0,우선검토,부족 투표소가 해당 선거구에 속하는지는 투표소명 또는 읍면동이 공개된 경우에만 별도 확인 필요,https://info.nec.go.kr/main/showDocument.xhtml?electionId=0020260603&topMenuId=VC&secondMenuId=VCCP08
서울특별시,서초구,기초의원,6112203,서초구다선거구,3,유지웅,10929,조현선,4312,6617,0,0,0,참고,부족 투표소가 해당 선거구에 속하는지는 투표소명 또는 읍면동이 공개된 경우에만 별도 확인 필요,https://info.nec.go.kr/main/showDocument.xhtml?electionId=0020260603&topMenuId=VC&secondMenuId=VCCP08
서울특별시,서초구,기초의원,6112204,서초구라선거구,2,하서영,8014,이현숙,4573,3441,0,0,0,참고,부족 투표소가 해당 선거구에 속하는지는 투표소명 또는 읍면동이 공개된 경우에만 별도 확인 필요,https://info.nec.go.kr/main/showDocument.xhtml?electionId=0020260603&topMenuId=VC&secondMenuId=VCCP08
서울특별시,서초구,기초의원,6112205,서초구마선거구,3,조희옥,8540,장은주,5866,2674,0,0,0,참고,부족 투표소가 해당 선거구에 속하는지는 투표소명 또는 읍면동이 공개된 경우에만 별도 확인 필요,https://info.nec.go.kr/main/showDocument.xhtml?electionId=0020260603&topMenuId=VC&secondMenuId=VCCP08
서울특별시,성동구,광역의원,5110401,성동구제1선거구,1,박중화,21982,박성근,19978,2004,0,0,0,참고,부족 투표소가 해당 선거구에 속하는지는 투표소명 또는 읍면동이 공개된 경우에만 별도 확인 필요,https://info.nec.go.kr/main/showDocument.xhtml?electionId=0020260603&topMenuId=VC&secondMenuId=VCCP08
서울특별시,성동구,광역의원,5110402,성동구제2선거구,1,김현우,23464,구미경,22668,796,0,0,0,검토,부족 투표소가 해당 선거구에 속하는지는 투표소명 또는 읍면동이 공개된 경우에만 별도 확인 필요,https://info.nec.go.kr/main/showDocument.xhtml?electionId=0020260603&topMenuId=VC&secondMenuId=VCCP08
서울특별시,성동구,광역의원,5110403,성동구제3선거구,1,이민옥,17291,이현숙,14447,2844,0,0,0,참고,부족 투표소가 해당 선거구에 속하는지는 투표소명 또는 읍면동이 공개된 경우에만 별도 확인 필요,https://info.nec.go.kr/main/showDocument.xhtml?electionId=0020260603&topMenuId=VC&secondMenuId=VCCP08
서울특별시,성동구,광역의원,5110404,성동구제4선거구,1,황철규,19722,김현주,18267,1455,0,0,0,검토,부족 투표소가 해당 선거구에 속하는지는 투표소명 또는 읍면동이 공개된 경우에만 별도 확인 필요,https://info.nec.go.kr/main/showDocument.xhtml?electionId=0020260603&topMenuId=VC&secondMenuId=VCCP08
서울특별시,성동구,기초의원,6110402,성동구나선거구,3,정교진,8857,조복심,5772,3085,0,0,0,참고,부족 투표소가 해당 선거구에 속하는지는 투표소명 또는 읍면동이 공개된 경우에만 별도 확인 필요,https://info.nec.go.kr/main/showDocument.xhtml?electionId=0020260603&topMenuId=VC&secondMenuId=VCCP08
서울특별시,성동구,기초의원,6110403,성동구다선거구,3,강병찬,5148,이영심,4993,155,0,0,0,우선검토,부족 투표소가 해당 선거구에 속하는지는 투표소명 또는 읍면동이 공개된 경우에만 별도 확인 필요,https://info.nec.go.kr/main/showDocument.xhtml?electionId=0020260603&topMenuId=VC&secondMenuId=VCCP08
서울특별시,성동구,기초의원,6110404,성동구라선거구,3,박형석,5880,주복중,3950,1930,0,0,0,검토,부족 투표소가 해당 선거구에 속하는지는 투표소명 또는 읍면동이 공개된 경우에만 별도 확인 필요,https://info.nec.go.kr/main/showDocument.xhtml?electionId=0020260603&topMenuId=VC&secondMenuId=VCCP08
서울특별시,성북구,광역의원,5110801,성북구제1선거구,1,한신,30287,서미나,22688,7599,0,0,0,참고,부족 투표소가 해당 선거구에 속하는지는 투표소명 또는 읍면동이 공개된 경우에만 별도 확인 필요,https://info.nec.go.kr/main/showDocument.xhtml?electionId=0020260603&topMenuId=VC&secondMenuId=VCCP08
서울특별시,성북구,광역의원,5110802,성북구제2선거구,1,목소영,36146,김종길,25904,10242,0,0,0,참고,부족 투표소가 해당 선거구에 속하는지는 투표소명 또는 읍면동이 공개된 경우에만 별도 확인 필요,https://info.nec.go.kr/main/showDocument.xhtml?electionId=0020260603&topMenuId=VC&secondMenuId=VCCP08
서울특별시,성북구,광역의원,5110803,성북구제3선거구,1,강동길,38704,권민성,26736,11968,0,0,0,참고,부족 투표소가 해당 선거구에 속하는지는 투표소명 또는 읍면동이 공개된 경우에만 별도 확인 필요,https://info.nec.go.kr/main/showDocument.xhtml?electionId=0020260603&topMenuId=VC&secondMenuId=VCCP08
서울특별시,성북구,광역의원,5110804,성북구제4선거구,1,이소라,27269,김태수,22448,4821,0,0,0,참고,부족 투표소가 해당 선거구에 속하는지는 투표소명 또는 읍면동이 공개된 경우에만 별도 확인 필요,https://info.nec.go.kr/main/showDocument.xhtml?electionId=0020260603&topMenuId=VC&secondMenuId=VCCP08
서울특별시,성북구,기초의원,6110801,성북구가선거구,5,소형준,5127,송대식,4425,702,0,0,0,검토,부족 투표소가 해당 선거구에 속하는지는 투표소명 또는 읍면동이 공개된 경우에만 별도 확인 필요,https://info.nec.go.kr/main/showDocument.xhtml?electionId=0020260603&topMenuId=VC&secondMenuId=VCCP08
서울특별시,성북구,기초의원,6110802,성북구나선거구,3,양순임,7301,임현주,4764,2537,0,0,0,참고,부족 투표소가 해당 선거구에 속하는지는 투표소명 또는 읍면동이 공개된 경우에만 별도 확인 필요,https://info.nec.go.kr/main/showDocument.xhtml?electionId=0020260603&topMenuId=VC&secondMenuId=VCCP08
서울특별시,성북구,기초의원,6110806,성북구바선거구,2,김태균,7570,노진한,1339,6231,0,0,0,참고,부족 투표소가 해당 선거구에 속하는지는 투표소명 또는 읍면동이 공개된 경우에만 별도 확인 필요,https://info.nec.go.kr/main/showDocument.xhtml?electionId=0020260603&topMenuId=VC&secondMenuId=VCCP08
서울특별시,송파구,광역의원,5112401,송파구제1선거구,1,윤유진,28196,김정열,18579,9617,0,0,0,참고,부족 투표소가 해당 선거구에 속하는지는 투표소명 또는 읍면동이 공개된 경우에만 별도 확인 필요,https://info.nec.go.kr/main/showDocument.xhtml?electionId=0020260603&topMenuId=VC&secondMenuId=VCCP08
서울특별시,송파구,광역의원,5112402,송파구제2선거구,1,김광철,30965,정주리,25789,5176,0,0,0,참고,부족 투표소가 해당 선거구에 속하는지는 투표소명 또는 읍면동이 공개된 경우에만 별도 확인 필요,https://info.nec.go.kr/main/showDocument.xhtml?electionId=0020260603&topMenuId=VC&secondMenuId=VCCP08
서울특별시,송파구,광역의원,5112403,송파구제3선거구,1,임춘대,26594,박종현,21351,5243,0,0,0,참고,부족 투표소가 해당 선거구에 속하는지는 투표소명 또는 읍면동이 공개된 경우에만 별도 확인 필요,https://info.nec.go.kr/main/showDocument.xhtml?electionId=0020260603&topMenuId=VC&secondMenuId=VCCP08
서울특별시,송파구,광역의원,5112404,송파구제4선거구,1,이성배,43411,이진용,29621,13790,0,0,0,참고,부족 투표소가 해당 선거구에 속하는지는 투표소명 또는 읍면동이 공개된 경우에만 별도 확인 필요,https://info.nec.go.kr/main/showDocument.xhtml?electionId=0020260603&topMenuId=VC&secondMenuId=VCCP08
서울특별시,송파구,광역의원,5112405,송파구제5선거구,1,정진철,35589,유정인,34816,773,0,0,0,검토,부족 투표소가 해당 선거구에 속하는지는 투표소명 또는 읍면동이 공개된 경우에만 별도 확인 필요,https://info.nec.go.kr/main/showDocument.xhtml?electionId=0020260603&topMenuId=VC&secondMenuId=VCCP08
서울특별시,송파구,광역의원,5112406,송파구제6선거구,1,이수진,35595,신영재,32218,3377,0,0,0,참고,부족 투표소가 해당 선거구에 속하는지는 투표소명 또는 읍면동이 공개된 경우에만 별도 확인 필요,https://info.nec.go.kr/main/showDocument.xhtml?electionId=0020260603&topMenuId=VC&secondMenuId=VCCP08
서울특별시,송파구,기초의원,6112401,송파구가선거구,3,김서윤,8886,윤영한,8784,102,0,0,0,우선검토,부족 투표소가 해당 선거구에 속하는지는 투표소명 또는 읍면동이 공개된 경우에만 별도 확인 필요,https://info.nec.go.kr/main/showDocument.xhtml?electionId=0020260603&topMenuId=VC&secondMenuId=VCCP08
서울특별시,송파구,기초의원,6112404,송파구라선거구,3,유미현,7805,배신정,6060,1745,0,0,0,검토,부족 투표소가 해당 선거구에 속하는지는 투표소명 또는 읍면동이 공개된 경우에만 별도 확인 필요,https://info.nec.go.kr/main/showDocument.xhtml?electionId=0020260603&topMenuId=VC&secondMenuId=VCCP08
서울특별시,송파구,기초의원,6112405,송파구마선거구,3,이원우,7306,이성자,4356,2950,0,0,0,참고,부족 투표소가 해당 선거구에 속하는지는 투표소명 또는 읍면동이 공개된 경우에만 별도 확인 필요,https://info.nec.go.kr/main/showDocument.xhtml?electionId=0020260603&topMenuId=VC&secondMenuId=VCCP08
서울특별시,송파구,기초의원,6112407,송파구사선거구,2,박인섭,13227,이하식,2265,10962,0,0,0,참고,부족 투표소가 해당 선거구에 속하는지는 투표소명 또는 읍면동이 공개된 경우에만 별도 확인 필요,https://info.nec.go.kr/main/showDocument.xhtml?electionId=0020260603&topMenuId=VC&secondMenuId=VCCP08
서울특별시,송파구,기초의원,6112408,송파구아선거구,3,박지선,5427,윤정식,4499,928,0,0,0,검토,부족 투표소가 해당 선거구에 속하는지는 투표소명 또는 읍면동이 공개된 경우에만 별도 확인 필요,https://info.nec.go.kr/main/showDocument.xhtml?electionId=0020260603&topMenuId=VC&secondMenuId=VCCP08
서울특별시,송파구,기초의원,6112410,송파구차선거구,2,채승우,12809,김진호,4060,8749,0,0,0,참고,부족 투표소가 해당 선거구에 속하는지는 투표소명 또는 읍면동이 공개된 경우에만 별도 확인 필요,https://info.nec.go.kr/main/showDocument.xhtml?electionId=0020260603&topMenuId=VC&secondMenuId=VCCP08
서울특별시,양천구,광역의원,5111501,양천구제1선거구,1,이재식,31518,최재란,30704,814,0,0,0,검토,부족 투표소가 해당 선거구에 속하는지는 투표소명 또는 읍면동이 공개된 경우에만 별도 확인 필요,https://info.nec.go.kr/main/showDocument.xhtml?electionId=0020260603&topMenuId=VC&secondMenuId=VCCP08
서울특별시,양천구,광역의원,5111502,양천구제2선거구,1,송건우,35311,윤종철,31553,3758,0,0,0,참고,부족 투표소가 해당 선거구에 속하는지는 투표소명 또는 읍면동이 공개된 경우에만 별도 확인 필요,https://info.nec.go.kr/main/showDocument.xhtml?electionId=0020260603&topMenuId=VC&secondMenuId=VCCP08
서울특별시,양천구,광역의원,5111503,양천구제3선거구,1,이광희,25090,주광호,18197,6893,0,0,0,참고,부족 투표소가 해당 선거구에 속하는지는 투표소명 또는 읍면동이 공개된 경우에만 별도 확인 필요,https://info.nec.go.kr/main/showDocument.xhtml?electionId=0020260603&topMenuId=VC&secondMenuId=VCCP08
서울특별시,양천구,광역의원,5111504,양천구제4선거구,1,옥동준,35695,강재훈,27527,8168,0,0,0,참고,부족 투표소가 해당 선거구에 속하는지는 투표소명 또는 읍면동이 공개된 경우에만 별도 확인 필요,https://info.nec.go.kr/main/showDocument.xhtml?electionId=0020260603&topMenuId=VC&secondMenuId=VCCP08
서울특별시,양천구,기초의원,6111501,양천구가선거구,2,김광성,9851,김상기,4654,5197,0,0,0,참고,부족 투표소가 해당 선거구에 속하는지는 투표소명 또는 읍면동이 공개된 경우에만 별도 확인 필요,https://info.nec.go.kr/main/showDocument.xhtml?electionId=0020260603&topMenuId=VC&secondMenuId=VCCP08
서울특별시,양천구,기초의원,6111502,양천구나선거구,2,이수옥,14696,김원근,1931,12765,0,0,0,참고,부족 투표소가 해당 선거구에 속하는지는 투표소명 또는 읍면동이 공개된 경우에만 별도 확인 필요,https://info.nec.go.kr/main/showDocument.xhtml?electionId=0020260603&topMenuId=VC&secondMenuId=VCCP08
서울특별시,양천구,기초의원,6111505,양천구마선거구,2,조진호,9386,최수균,3919,5467,0,0,0,참고,부족 투표소가 해당 선거구에 속하는지는 투표소명 또는 읍면동이 공개된 경우에만 별도 확인 필요,https://info.nec.go.kr/main/showDocument.xhtml?electionId=0020260603&topMenuId=VC&secondMenuId=VCCP08
서울특별시,양천구,기초의원,6111506,양천구바선거구,2,정택진,7342,박종호,4129,3213,0,0,0,참고,부족 투표소가 해당 선거구에 속하는지는 투표소명 또는 읍면동이 공개된 경우에만 별도 확인 필요,https://info.nec.go.kr/main/showDocument.xhtml?electionId=0020260603&topMenuId=VC&secondMenuId=VCCP08
서울특별시,영등포구,광역의원,5111901,영등포구제1선거구,1,고기판,27374,김재진,21482,5892,0,0,0,참고,부족 투표소가 해당 선거구에 속하는지는 투표소명 또는 읍면동이 공개된 경우에만 별도 확인 필요,https://info.nec.go.kr/main/showDocument.xhtml?electionId=0020260603&topMenuId=VC&secondMenuId=VCCP08
서울특별시,영등포구,광역의원,5111902,영등포구제2선거구,1,전승관,37654,김종길,33575,4079,0,0,0,참고,부족 투표소가 해당 선거구에 속하는지는 투표소명 또는 읍면동이 공개된 경우에만 별도 확인 필요,https://info.nec.go.kr/main/showDocument.xhtml?electionId=0020260603&topMenuId=VC&secondMenuId=VCCP08
서울특별시,영등포구,광역의원,5111903,영등포구제3선거구,1,차인영,27782,박경만,21715,6067,0,0,0,참고,부족 투표소가 해당 선거구에 속하는지는 투표소명 또는 읍면동이 공개된 경우에만 별도 확인 필요,https://info.nec.go.kr/main/showDocument.xhtml?electionId=0020260603&topMenuId=VC&secondMenuId=VCCP08
서울특별시,영등포구,광역의원,5111904,영등포구제4선거구,1,양송이,19823,김지향,16159,3664,0,0,0,참고,부족 투표소가 해당 선거구에 속하는지는 투표소명 또는 읍면동이 공개된 경우에만 별도 확인 필요,https://info.nec.go.kr/main/showDocument.xhtml?electionId=0020260603&topMenuId=VC&secondMenuId=VCCP08
서울특별시,영등포구,기초의원,6111902,영등포구나선거구,2,김태현,10874,이태열,5197,5677,0,0,0,참고,부족 투표소가 해당 선거구에 속하는지는 투표소명 또는 읍면동이 공개된 경우에만 별도 확인 필요,https://info.nec.go.kr/main/showDocument.xhtml?electionId=0020260603&topMenuId=VC&secondMenuId=VCCP08
서울특별시,영등포구,기초의원,6111904,영등포구라선거구,2,하혜진,14142,윤준용,6840,7302,0,0,0,참고,부족 투표소가 해당 선거구에 속하는지는 투표소명 또는 읍면동이 공개된 경우에만 별도 확인 필요,https://info.nec.go.kr/main/showDocument.xhtml?electionId=0020260603&topMenuId=VC&secondMenuId=VCCP08
서울특별시,영등포구,기초의원,6111907,영등포구사선거구,3,유승용,6758,강광빈,1624,5134,0,0,0,참고,부족 투표소가 해당 선거구에 속하는지는 투표소명 또는 읍면동이 공개된 경우에만 별도 확인 필요,https://info.nec.go.kr/main/showDocument.xhtml?electionId=0020260603&topMenuId=VC&secondMenuId=VCCP08
서울특별시,용산구,광역의원,5110301,용산구제1선거구,1,오천진,41135,백준석,34194,6941,0,0,0,참고,부족 투표소가 해당 선거구에 속하는지는 투표소명 또는 읍면동이 공개된 경우에만 별도 확인 필요,https://info.nec.go.kr/main/showDocument.xhtml?electionId=0020260603&topMenuId=VC&secondMenuId=VCCP08
서울특별시,용산구,광역의원,5110302,용산구제2선거구,1,최유희,19927,노식래,16811,3116,0,0,0,참고,부족 투표소가 해당 선거구에 속하는지는 투표소명 또는 읍면동이 공개된 경우에만 별도 확인 필요,https://info.nec.go.kr/main/showDocument.xhtml?electionId=0020260603&topMenuId=VC&secondMenuId=VCCP08
서울특별시,용산구,기초의원,6110301,용산구가선거구,2,김송환,8426,김은희,911,7515,0,0,0,참고,부족 투표소가 해당 선거구에 속하는지는 투표소명 또는 읍면동이 공개된 경우에만 별도 확인 필요,https://info.nec.go.kr/main/showDocument.xhtml?electionId=0020260603&topMenuId=VC&secondMenuId=VCCP08
서울특별시,용산구,기초의원,6110303,용산구다선거구,3,양동호,6086,윤정회,4616,1470,0,0,0,검토,부족 투표소가 해당 선거구에 속하는지는 투표소명 또는 읍면동이 공개된 경우에만 별도 확인 필요,https://info.nec.go.kr/main/showDocument.xhtml?electionId=0020260603&topMenuId=VC&secondMenuId=VCCP08
서울특별시,용산구,기초의원,6110305,용산구마선거구,2,김형원,5967,이미재,3076,2891,0,0,0,참고,부족 투표소가 해당 선거구에 속하는지는 투표소명 또는 읍면동이 공개된 경우에만 별도 확인 필요,https://info.nec.go.kr/main/showDocument.xhtml?electionId=0020260603&topMenuId=VC&secondMenuId=VCCP08
서울특별시,은평구,광역의원,5111201,은평구제1선거구,1,성흠제,38232,박등규,24720,13512,0,0,0,참고,부족 투표소가 해당 선거구에 속하는지는 투표소명 또는 읍면동이 공개된 경우에만 별도 확인 필요,https://info.nec.go.kr/main/showDocument.xhtml?electionId=0020260603&topMenuId=VC&secondMenuId=VCCP08
서울특별시,은평구,광역의원,5111203,은평구제3선거구,1,박유진,31327,김영웅,21013,10314,0,0,0,참고,부족 투표소가 해당 선거구에 속하는지는 투표소명 또는 읍면동이 공개된 경우에만 별도 확인 필요,https://info.nec.go.kr/main/showDocument.xhtml?electionId=0020260603&topMenuId=VC&secondMenuId=VCCP08
서울특별시,은평구,광역의원,5111204,은평구제4선거구,1,이현찬,35723,신봉규,25846,9877,0,0,0,참고,부족 투표소가 해당 선거구에 속하는지는 투표소명 또는 읍면동이 공개된 경우에만 별도 확인 필요,https://info.nec.go.kr/main/showDocument.xhtml?electionId=0020260603&topMenuId=VC&secondMenuId=VCCP08
서울특별시,은평구,기초의원,6111203,은평구다선거구,2,김유진,11925,신재환,5326,6599,0,0,0,참고,부족 투표소가 해당 선거구에 속하는지는 투표소명 또는 읍면동이 공개된 경우에만 별도 확인 필요,https://info.nec.go.kr/main/showDocument.xhtml?electionId=0020260603&topMenuId=VC&secondMenuId=VCCP08
서울특별시,은평구,기초의원,6111204,은평구라선거구,3,김윤희,7749,김진회,1515,6234,0,0,0,참고,부족 투표소가 해당 선거구에 속하는지는 투표소명 또는 읍면동이 공개된 경우에만 별도 확인 필요,https://info.nec.go.kr/main/showDocument.xhtml?electionId=0020260603&topMenuId=VC&secondMenuId=VCCP08
서울특별시,은평구,기초의원,6111205,은평구마선거구,2,황호진,7685,권인경,5860,1825,0,0,0,검토,부족 투표소가 해당 선거구에 속하는지는 투표소명 또는 읍면동이 공개된 경우에만 별도 확인 필요,https://info.nec.go.kr/main/showDocument.xhtml?electionId=0020260603&topMenuId=VC&secondMenuId=VCCP08
서울특별시,은평구,기초의원,6111207,은평구사선거구,2,이한백,12969,강태생,6544,6425,0,0,0,참고,부족 투표소가 해당 선거구에 속하는지는 투표소명 또는 읍면동이 공개된 경우에만 별도 확인 필요,https://info.nec.go.kr/main/showDocument.xhtml?electionId=0020260603&topMenuId=VC&secondMenuId=VCCP08
서울특별시,은평구,기초의원,6111208,은평구아선거구,2,오소영,11203,조정환,5935,5268,0,0,0,참고,부족 투표소가 해당 선거구에 속하는지는 투표소명 또는 읍면동이 공개된 경우에만 별도 확인 필요,https://info.nec.go.kr/main/showDocument.xhtml?electionId=0020260603&topMenuId=VC&secondMenuId=VCCP08
서울특별시,종로구,광역의원,5110101,종로구제1선거구,1,윤선희,19111,이응주,18630,481,0,0,0,우선검토,부족 투표소가 해당 선거구에 속하는지는 투표소명 또는 읍면동이 공개된 경우에만 별도 확인 필요,https://info.nec.go.kr/main/showDocument.xhtml?electionId=0020260603&topMenuId=VC&secondMenuId=VCCP08
서울특별시,종로구,광역의원,5110102,종로구제2선거구,1,선정환,20551,박병철,16601,3950,0,0,0,참고,부족 투표소가 해당 선거구에 속하는지는 투표소명 또는 읍면동이 공개된 경우에만 별도 확인 필요,https://info.nec.go.kr/main/showDocument.xhtml?electionId=0020260603&topMenuId=VC&secondMenuId=VCCP08
서울특별시,종로구,기초의원,6110101,종로구가선거구,2,신기수,7034,라도균,3800,3234,0,0,0,참고,부족 투표소가 해당 선거구에 속하는지는 투표소명 또는 읍면동이 공개된 경우에만 별도 확인 필요,https://info.nec.go.kr/main/showDocument.xhtml?electionId=0020260603&topMenuId=VC&secondMenuId=VCCP08
서울특별시,종로구,기초의원,6110103,종로구다선거구,2,박희연,4817,전영준,4271,546,0,0,0,검토,부족 투표소가 해당 선거구에 속하는지는 투표소명 또는 읍면동이 공개된 경우에만 별도 확인 필요,https://info.nec.go.kr/main/showDocument.xhtml?electionId=0020260603&topMenuId=VC&secondMenuId=VCCP08
서울특별시,중구,광역의원,5110201,중구제1선거구,1,이정미,18452,박순규,18368,84,0,0,0,우선검토,부족 투표소가 해당 선거구에 속하는지는 투표소명 또는 읍면동이 공개된 경우에만 별도 확인 필요,https://info.nec.go.kr/main/showDocument.xhtml?electionId=0020260603&topMenuId=VC&secondMenuId=VCCP08
서울특별시,중구,광역의원,5110202,중구제2선거구,1,윤수혁,15179,송재천,14887,292,0,0,0,우선검토,부족 투표소가 해당 선거구에 속하는지는 투표소명 또는 읍면동이 공개된 경우에만 별도 확인 필요,https://info.nec.go.kr/main/showDocument.xhtml?electionId=0020260603&topMenuId=VC&secondMenuId=VCCP08
서울특별시,중구,기초의원,6110202,중구나선거구,2,문영희,6183,김태희,4711,1472,0,0,0,검토,부족 투표소가 해당 선거구에 속하는지는 투표소명 또는 읍면동이 공개된 경우에만 별도 확인 필요,https://info.nec.go.kr/main/showDocument.xhtml?electionId=0020260603&topMenuId=VC&secondMenuId=VCCP08
서울특별시,중구,기초의원,6110203,중구다선거구,2,강현미,5562,양연순,2560,3002,0,0,0,참고,부족 투표소가 해당 선거구에 속하는지는 투표소명 또는 읍면동이 공개된 경우에만 별도 확인 필요,https://info.nec.go.kr/main/showDocument.xhtml?electionId=0020260603&topMenuId=VC&secondMenuId=VCCP08
서울특별시,중구,기초의원,6110204,중구라선거구,2,김득천,4637,양찬현,4180,457,0,0,0,우선검토,부족 투표소가 해당 선거구에 속하는지는 투표소명 또는 읍면동이 공개된 경우에만 별도 확인 필요,https://info.nec.go.kr/main/showDocument.xhtml?electionId=0020260603&topMenuId=VC&secondMenuId=VCCP08
서울특별시,중랑구,광역의원,5110701,중랑구제1선거구,1,이영실,24748,남궁일주,16810,7938,0,0,0,참고,부족 투표소가 해당 선거구에 속하는지는 투표소명 또는 읍면동이 공개된 경우에만 별도 확인 필요,https://info.nec.go.kr/main/showDocument.xhtml?electionId=0020260603&topMenuId=VC&secondMenuId=VCCP08
서울특별시,중랑구,광역의원,5110702,중랑구제2선거구,1,임규호,27003,박예진,18069,8934,0,0,0,참고,부족 투표소가 해당 선거구에 속하는지는 투표소명 또는 읍면동이 공개된 경우에만 별도 확인 필요,https://info.nec.go.kr/main/showDocument.xhtml?electionId=0020260603&topMenuId=VC&secondMenuId=VCCP08
서울특별시,중랑구,광역의원,5110703,중랑구제3선거구,1,박승진,33040,김미연,12891,20149,0,0,0,참고,부족 투표소가 해당 선거구에 속하는지는 투표소명 또는 읍면동이 공개된 경우에만 별도 확인 필요,https://info.nec.go.kr/main/showDocument.xhtml?electionId=0020260603&topMenuId=VC&secondMenuId=VCCP08
서울특별시,중랑구,광역의원,5110704,중랑구제4선거구,1,최형규,34255,전유정,26025,8230,0,0,0,참고,부족 투표소가 해당 선거구에 속하는지는 투표소명 또는 읍면동이 공개된 경우에만 별도 확인 필요,https://info.nec.go.kr/main/showDocument.xhtml?electionId=0020260603&topMenuId=VC&secondMenuId=VCCP08
서울특별시,중랑구,기초의원,6110701,중랑구가선거구,2,주덕성,7961,최경식,684,7277,0,0,0,참고,부족 투표소가 해당 선거구에 속하는지는 투표소명 또는 읍면동이 공개된 경우에만 별도 확인 필요,https://info.nec.go.kr/main/showDocument.xhtml?electionId=0020260603&topMenuId=VC&secondMenuId=VCCP08
서울특별시,중랑구,기초의원,6110703,중랑구다선거구,3,최은주,8808,노혜령,7672,1136,0,0,0,검토,부족 투표소가 해당 선거구에 속하는지는 투표소명 또는 읍면동이 공개된 경우에만 별도 확인 필요,https://info.nec.go.kr/main/showDocument.xhtml?electionId=0020260603&topMenuId=VC&secondMenuId=VCCP08
서울특별시,중랑구,기초의원,6110704,중랑구라선거구,2,정현섭,10991,이윤재,5434,5557,0,0,0,참고,부족 투표소가 해당 선거구에 속하는지는 투표소명 또는 읍면동이 공개된 경우에만 별도 확인 필요,https://info.nec.go.kr/main/showDocument.xhtml?electionId=0020260603&topMenuId=VC&secondMenuId=VCCP08
서울특별시,중랑구,기초의원,6110706,중랑구바선거구,2,박정은,8858,김옥숙,3002,5856,0,0,0,참고,부족 투표소가 해당 선거구에 속하는지는 투표소명 또는 읍면동이 공개된 경우에만 별도 확인 필요,https://info.nec.go.kr/main/showDocument.xhtml?electionId=0020260603&topMenuId=VC&secondMenuId=VCCP08
서울특별시,중랑구,기초의원,6110707,중랑구사선거구,2,김재수,15121,김민주,9002,6119,0,0,0,참고,부족 투표소가 해당 선거구에 속하는지는 투표소명 또는 읍면동이 공개된 경우에만 별도 확인 필요,https://info.nec.go.kr/main/showDocument.xhtml?electionId=0020260603&topMenuId=VC&secondMenuId=VCCP08
세종특별자치시,세종특별자치시,광역의원,5510101,세종특별자치시제1선거구,1,정연희,4731,김충식,4645,86,0,0,0,우선검토,부족 투표소가 해당 선거구에 속하는지는 투표소명 또는 읍면동이 공개된 경우에만 별도 확인 필요,https://info.nec.go.kr/main/showDocument.xhtml?electionId=0020260603&topMenuId=VC&secondMenuId=VCCP08
세종특별자치시,세종특별자치시,광역의원,5510102,세종특별자치시제2선거구,1,윤성규,4624,김광운,3859,765,0,0,0,검토,부족 투표소가 해당 선거구에 속하는지는 투표소명 또는 읍면동이 공개된 경우에만 별도 확인 필요,https://info.nec.go.kr/main/showDocument.xhtml?electionId=0020260603&topMenuId=VC&secondMenuId=VCCP08
세종특별자치시,세종특별자치시,광역의원,5510103,세종특별자치시제3선거구,1,김동빈,6641,황관영,6277,364,0,0,0,우선검토,부족 투표소가 해당 선거구에 속하는지는 투표소명 또는 읍면동이 공개된 경우에만 별도 확인 필요,https://info.nec.go.kr/main/showDocument.xhtml?electionId=0020260603&topMenuId=VC&secondMenuId=VCCP08
세종특별자치시,세종특별자치시,광역의원,5510104,세종특별자치시제4선거구,1,노종용,7258,윤지성,4391,2867,0,0,0,참고,부족 투표소가 해당 선거구에 속하는지는 투표소명 또는 읍면동이 공개된 경우에만 별도 확인 필요,https://info.nec.go.kr/main/showDocument.xhtml?electionId=0020260603&topMenuId=VC&secondMenuId=VCCP08
세종특별자치시,세종특별자치시,광역의원,5510105,세종특별자치시제5선거구,1,김학서,4490,김종철,3995,495,0,0,0,우선검토,부족 투표소가 해당 선거구에 속하는지는 투표소명 또는 읍면동이 공개된 경우에만 별도 확인 필요,https://info.nec.go.kr/main/showDocument.xhtml?electionId=0020260603&topMenuId=VC&secondMenuId=VCCP08
세종특별자치시,세종특별자치시,광역의원,5510106,세종특별자치시제6선거구,1,안신일,7573,김대곤,4513,3060,0,0,0,참고,부족 투표소가 해당 선거구에 속하는지는 투표소명 또는 읍면동이 공개된 경우에만 별도 확인 필요,https://info.nec.go.kr/main/showDocument.xhtml?electionId=0020260603&topMenuId=VC&secondMenuId=VCCP08
세종특별자치시,세종특별자치시,광역의원,5510107,세종특별자치시제7선거구,1,이순열,7286,최원석,4994,2292,0,0,0,참고,부족 투표소가 해당 선거구에 속하는지는 투표소명 또는 읍면동이 공개된 경우에만 별도 확인 필요,https://info.nec.go.kr/main/showDocument.xhtml?electionId=0020260603&topMenuId=VC&secondMenuId=VCCP08
세종특별자치시,세종특별자치시,광역의원,5510108,세종특별자치시제8선거구,1,김효숙,7508,정성헌,3743,3765,0,0,0,참고,부족 투표소가 해당 선거구에 속하는지는 투표소명 또는 읍면동이 공개된 경우에만 별도 확인 필요,https://info.nec.go.kr/main/showDocument.xhtml?electionId=0020260603&topMenuId=VC&secondMenuId=VCCP08
세종특별자치시,세종특별자치시,광역의원,5510109,세종특별자치시제9선거구,1,박병남,7694,문찬우,3532,4162,0,0,0,참고,부족 투표소가 해당 선거구에 속하는지는 투표소명 또는 읍면동이 공개된 경우에만 별도 확인 필요,https://info.nec.go.kr/main/showDocument.xhtml?electionId=0020260603&topMenuId=VC&secondMenuId=VCCP08
세종특별자치시,세종특별자치시,광역의원,5510110,세종특별자치시제10선거구,1,박범종,9185,이규영,4282,4903,0,0,0,참고,부족 투표소가 해당 선거구에 속하는지는 투표소명 또는 읍면동이 공개된 경우에만 별도 확인 필요,https://info.nec.go.kr/main/showDocument.xhtml?electionId=0020260603&topMenuId=VC&secondMenuId=VCCP08
세종특별자치시,세종특별자치시,광역의원,5510111,세종특별자치시제11선거구,1,이재준,4949,양진호,2871,2078,0,0,0,참고,부족 투표소가 해당 선거구에 속하는지는 투표소명 또는 읍면동이 공개된 경우에만 별도 확인 필요,https://info.nec.go.kr/main/showDocument.xhtml?electionId=0020260603&topMenuId=VC&secondMenuId=VCCP08
세종특별자치시,세종특별자치시,광역의원,5510112,세종특별자치시제12선거구,1,김재형,5644,서용숙,2749,2895,0,0,0,참고,부족 투표소가 해당 선거구에 속하는지는 투표소명 또는 읍면동이 공개된 경우에만 별도 확인 필요,https://info.nec.go.kr/main/showDocument.xhtml?electionId=0020260603&topMenuId=VC&secondMenuId=VCCP08
세종특별자치시,세종특별자치시,광역의원,5510113,세종특별자치시제13선거구,1,유인호,5729,박윤경,3189,2540,0,0,0,참고,부족 투표소가 해당 선거구에 속하는지는 투표소명 또는 읍면동이 공개된 경우에만 별도 확인 필요,https://info.nec.go.kr/main/showDocument.xhtml?electionId=0020260603&topMenuId=VC&secondMenuId=VCCP08
세종특별자치시,세종특별자치시,광역의원,5510114,세종특별자치시제14선거구,1,김현미,5789,홍나영,3324,2465,0,0,0,참고,부족 투표소가 해당 선거구에 속하는지는 투표소명 또는 읍면동이 공개된 경우에만 별도 확인 필요,https://info.nec.go.kr/main/showDocument.xhtml?electionId=0020260603&topMenuId=VC&secondMenuId=VCCP08
세종특별자치시,세종특별자치시,광역의원,5510115,세종특별자치시제15선거구,1,김창연,5441,이미경,2053,3388,0,0,0,참고,부족 투표소가 해당 선거구에 속하는지는 투표소명 또는 읍면동이 공개된 경우에만 별도 확인 필요,https://info.nec.go.kr/main/showDocument.xhtml?electionId=0020260603&topMenuId=VC&secondMenuId=VCCP08
세종특별자치시,세종특별자치시,광역의원,5510116,세종특별자치시제16선거구,1,김동호,3855,정영원,2515,1340,0,0,0,검토,부족 투표소가 해당 선거구에 속하는지는 투표소명 또는 읍면동이 공개된 경우에만 별도 확인 필요,https://info.nec.go.kr/main/showDocument.xhtml?electionId=0020260603&topMenuId=VC&secondMenuId=VCCP08
세종특별자치시,세종특별자치시,광역의원,5510117,세종특별자치시제17선거구,1,손인수,8127,한민정,4231,3896,0,0,0,참고,부족 투표소가 해당 선거구에 속하는지는 투표소명 또는 읍면동이 공개된 경우에만 별도 확인 필요,https://info.nec.go.kr/main/showDocument.xhtml?electionId=0020260603&topMenuId=VC&secondMenuId=VCCP08
세종특별자치시,세종특별자치시,광역의원,5510118,세종특별자치시제18선거구,1,박란희,8105,정은주,5260,2845,0,0,0,참고,부족 투표소가 해당 선거구에 속하는지는 투표소명 또는 읍면동이 공개된 경우에만 별도 확인 필요,https://info.nec.go.kr/main/showDocument.xhtml?electionId=0020260603&topMenuId=VC&secondMenuId=VCCP08
울산광역시,남구,광역의원,5310201,남구제1선거구,1,박용걸,21049,안창률,14365,6684,0,0,0,참고,부족 투표소가 해당 선거구에 속하는지는 투표소명 또는 읍면동이 공개된 경우에만 별도 확인 필요,https://info.nec.go.kr/main/showDocument.xhtml?electionId=0020260603&topMenuId=VC&secondMenuId=VCCP08
울산광역시,남구,광역의원,5310202,남구제2선거구,1,이장걸,13790,서진수,11622,2168,0,0,0,참고,부족 투표소가 해당 선거구에 속하는지는 투표소명 또는 읍면동이 공개된 경우에만 별도 확인 필요,https://info.nec.go.kr/main/showDocument.xhtml?electionId=0020260603&topMenuId=VC&secondMenuId=VCCP08
울산광역시,남구,광역의원,5310203,남구제3선거구,1,안대룡,14891,강정덕,12721,2170,0,0,0,참고,부족 투표소가 해당 선거구에 속하는지는 투표소명 또는 읍면동이 공개된 경우에만 별도 확인 필요,https://info.nec.go.kr/main/showDocument.xhtml?electionId=0020260603&topMenuId=VC&secondMenuId=VCCP08
울산광역시,남구,광역의원,5310204,남구제4선거구,1,김남이,13476,황주경,12472,1004,0,0,0,검토,부족 투표소가 해당 선거구에 속하는지는 투표소명 또는 읍면동이 공개된 경우에만 별도 확인 필요,https://info.nec.go.kr/main/showDocument.xhtml?electionId=0020260603&topMenuId=VC&secondMenuId=VCCP08
울산광역시,남구,광역의원,5310205,남구제5선거구,1,김대영,11560,황숲,8951,2609,0,0,0,참고,부족 투표소가 해당 선거구에 속하는지는 투표소명 또는 읍면동이 공개된 경우에만 별도 확인 필요,https://info.nec.go.kr/main/showDocument.xhtml?electionId=0020260603&topMenuId=VC&secondMenuId=VCCP08
울산광역시,남구,광역의원,5310206,남구제6선거구,1,이영해,11310,임우철,9945,1365,0,0,0,검토,부족 투표소가 해당 선거구에 속하는지는 투표소명 또는 읍면동이 공개된 경우에만 별도 확인 필요,https://info.nec.go.kr/main/showDocument.xhtml?electionId=0020260603&topMenuId=VC&secondMenuId=VCCP08
울산광역시,남구,기초의원,6310201,남구가선거구,2,강지윤,14841,김언지,2249,12592,0,0,0,참고,부족 투표소가 해당 선거구에 속하는지는 투표소명 또는 읍면동이 공개된 경우에만 별도 확인 필요,https://info.nec.go.kr/main/showDocument.xhtml?electionId=0020260603&topMenuId=VC&secondMenuId=VCCP08
울산광역시,남구,기초의원,6310202,남구나선거구,2,이혜인,10505,장현진,1716,8789,0,0,0,참고,부족 투표소가 해당 선거구에 속하는지는 투표소명 또는 읍면동이 공개된 경우에만 별도 확인 필요,https://info.nec.go.kr/main/showDocument.xhtml?electionId=0020260603&topMenuId=VC&secondMenuId=VCCP08
울산광역시,남구,기초의원,6310203,남구다선거구,2,김우성,11282,홍성민,3495,7787,0,0,0,참고,부족 투표소가 해당 선거구에 속하는지는 투표소명 또는 읍면동이 공개된 경우에만 별도 확인 필요,https://info.nec.go.kr/main/showDocument.xhtml?electionId=0020260603&topMenuId=VC&secondMenuId=VCCP08
울산광역시,남구,기초의원,6310204,남구라선거구,2,박인서,11675,강미라,2141,9534,0,0,0,참고,부족 투표소가 해당 선거구에 속하는지는 투표소명 또는 읍면동이 공개된 경우에만 별도 확인 필요,https://info.nec.go.kr/main/showDocument.xhtml?electionId=0020260603&topMenuId=VC&secondMenuId=VCCP08
울산광역시,남구,기초의원,6310205,남구마선거구,2,이양임,7075,김영석,4088,2987,0,0,0,참고,부족 투표소가 해당 선거구에 속하는지는 투표소명 또는 읍면동이 공개된 경우에만 별도 확인 필요,https://info.nec.go.kr/main/showDocument.xhtml?electionId=0020260603&topMenuId=VC&secondMenuId=VCCP08
울산광역시,남구,기초의원,6310206,남구바선거구,2,김현정,9613,국일선,1781,7832,0,0,0,참고,부족 투표소가 해당 선거구에 속하는지는 투표소명 또는 읍면동이 공개된 경우에만 별도 확인 필요,https://info.nec.go.kr/main/showDocument.xhtml?electionId=0020260603&topMenuId=VC&secondMenuId=VCCP08
울산광역시,동구,광역의원,5310301,동구제1선거구,1,전영희,16846,박은심,14188,2658,0,0,0,참고,부족 투표소가 해당 선거구에 속하는지는 투표소명 또는 읍면동이 공개된 경우에만 별도 확인 필요,https://info.nec.go.kr/main/showDocument.xhtml?electionId=0020260603&topMenuId=VC&secondMenuId=VCCP08
울산광역시,동구,광역의원,5310302,동구제2선거구,1,노명환,10910,홍유준,10230,680,0,0,0,검토,부족 투표소가 해당 선거구에 속하는지는 투표소명 또는 읍면동이 공개된 경우에만 별도 확인 필요,https://info.nec.go.kr/main/showDocument.xhtml?electionId=0020260603&topMenuId=VC&secondMenuId=VCCP08
울산광역시,동구,광역의원,5310303,동구제3선거구,1,이은주,11242,이현준,9051,2191,0,0,0,참고,부족 투표소가 해당 선거구에 속하는지는 투표소명 또는 읍면동이 공개된 경우에만 별도 확인 필요,https://info.nec.go.kr/main/showDocument.xhtml?electionId=0020260603&topMenuId=VC&secondMenuId=VCCP08
울산광역시,동구,기초의원,6310301,동구가선거구,2,임채윤,12866,조성희,4501,8365,0,0,0,참고,부족 투표소가 해당 선거구에 속하는지는 투표소명 또는 읍면동이 공개된 경우에만 별도 확인 필요,https://info.nec.go.kr/main/showDocument.xhtml?electionId=0020260603&topMenuId=VC&secondMenuId=VCCP08
울산광역시,동구,기초의원,6310302,동구나선거구,2,강동효,9261,이성규,2301,6960,0,0,0,참고,부족 투표소가 해당 선거구에 속하는지는 투표소명 또는 읍면동이 공개된 경우에만 별도 확인 필요,https://info.nec.go.kr/main/showDocument.xhtml?electionId=0020260603&topMenuId=VC&secondMenuId=VCCP08
울산광역시,동구,기초의원,6310303,동구다선거구,2,사덕민,8483,박인경,4594,3889,0,0,0,참고,부족 투표소가 해당 선거구에 속하는지는 투표소명 또는 읍면동이 공개된 경우에만 별도 확인 필요,https://info.nec.go.kr/main/showDocument.xhtml?electionId=0020260603&topMenuId=VC&secondMenuId=VCCP08
울산광역시,북구,광역의원,5310401,북구제1선거구,1,손근호,21003,김상태,14710,6293,0,0,0,참고,부족 투표소가 해당 선거구에 속하는지는 투표소명 또는 읍면동이 공개된 경우에만 별도 확인 필요,https://info.nec.go.kr/main/showDocument.xhtml?electionId=0020260603&topMenuId=VC&secondMenuId=VCCP08
울산광역시,북구,광역의원,5310402,북구제2선거구,1,이주언,20216,문석주,16699,3517,0,0,0,참고,부족 투표소가 해당 선거구에 속하는지는 투표소명 또는 읍면동이 공개된 경우에만 별도 확인 필요,https://info.nec.go.kr/main/showDocument.xhtml?electionId=0020260603&topMenuId=VC&secondMenuId=VCCP08
울산광역시,북구,광역의원,5310403,북구제3선거구,1,백현조,15446,강진희,13405,2041,0,0,0,참고,부족 투표소가 해당 선거구에 속하는지는 투표소명 또는 읍면동이 공개된 경우에만 별도 확인 필요,https://info.nec.go.kr/main/showDocument.xhtml?electionId=0020260603&topMenuId=VC&secondMenuId=VCCP08
울산광역시,북구,기초의원,6310401,북구가선거구,2,최병협,12074,김효증,3580,8494,0,0,0,참고,부족 투표소가 해당 선거구에 속하는지는 투표소명 또는 읍면동이 공개된 경우에만 별도 확인 필요,https://info.nec.go.kr/main/showDocument.xhtml?electionId=0020260603&topMenuId=VC&secondMenuId=VCCP08
울산광역시,북구,기초의원,6310402,북구나선거구,3,김철우,5619,박정환,3871,1748,0,0,0,검토,부족 투표소가 해당 선거구에 속하는지는 투표소명 또는 읍면동이 공개된 경우에만 별도 확인 필요,https://info.nec.go.kr/main/showDocument.xhtml?electionId=0020260603&topMenuId=VC&secondMenuId=VCCP08
울산광역시,북구,기초의원,6310403,북구다선거구,3,김지현,4167,손옥선,4011,156,0,0,0,우선검토,부족 투표소가 해당 선거구에 속하는지는 투표소명 또는 읍면동이 공개된 경우에만 별도 확인 필요,https://info.nec.go.kr/main/showDocument.xhtml?electionId=0020260603&topMenuId=VC&secondMenuId=VCCP08
울산광역시,울주군,광역의원,5310501,울주군제1선거구,1,공진혁,23288,서휘웅,20738,2550,0,0,0,참고,부족 투표소가 해당 선거구에 속하는지는 투표소명 또는 읍면동이 공개된 경우에만 별도 확인 필요,https://info.nec.go.kr/main/showDocument.xhtml?electionId=0020260603&topMenuId=VC&secondMenuId=VCCP08
울산광역시,울주군,광역의원,5310502,울주군제2선거구,1,홍성우,20433,김봉민,15748,4685,0,0,0,참고,부족 투표소가 해당 선거구에 속하는지는 투표소명 또는 읍면동이 공개된 경우에만 별도 확인 필요,https://info.nec.go.kr/main/showDocument.xhtml?electionId=0020260603&topMenuId=VC&secondMenuId=VCCP08
울산광역시,울주군,광역의원,5310503,울주군제3선거구,1,조성철,19680,김종훈,18321,1359,0,0,0,검토,부족 투표소가 해당 선거구에 속하는지는 투표소명 또는 읍면동이 공개된 경우에만 별도 확인 필요,https://info.nec.go.kr/main/showDocument.xhtml?electionId=0020260603&topMenuId=VC&secondMenuId=VCCP08
울산광역시,울주군,기초의원,6310501,울주군가선거구,4,한성환,5169,김상용,4669,500,0,0,0,우선검토,부족 투표소가 해당 선거구에 속하는지는 투표소명 또는 읍면동이 공개된 경우에만 별도 확인 필요,https://info.nec.go.kr/main/showDocument.xhtml?electionId=0020260603&topMenuId=VC&secondMenuId=VCCP08
울산광역시,울주군,기초의원,6310502,울주군나선거구,3,정우식,7269,이지영,4291,2978,0,0,0,참고,부족 투표소가 해당 선거구에 속하는지는 투표소명 또는 읍면동이 공개된 경우에만 별도 확인 필요,https://info.nec.go.kr/main/showDocument.xhtml?electionId=0020260603&topMenuId=VC&secondMenuId=VCCP08
울산광역시,울주군,기초의원,6310503,울주군다선거구,2,정재훈,16327,강귀전,4185,12142,0,0,0,참고,부족 투표소가 해당 선거구에 속하는지는 투표소명 또는 읍면동이 공개된 경우에만 별도 확인 필요,https://info.nec.go.kr/main/showDocument.xhtml?electionId=0020260603&topMenuId=VC&secondMenuId=VCCP08
울산광역시,중구,광역의원,5310101,중구제1선거구,1,권태호,18514,손일홍,14273,4241,0,0,0,참고,부족 투표소가 해당 선거구에 속하는지는 투표소명 또는 읍면동이 공개된 경우에만 별도 확인 필요,https://info.nec.go.kr/main/showDocument.xhtml?electionId=0020260603&topMenuId=VC&secondMenuId=VCCP08
울산광역시,중구,광역의원,5310102,중구제2선거구,1,김기환,10478,천병태,7459,3019,0,0,0,참고,부족 투표소가 해당 선거구에 속하는지는 투표소명 또는 읍면동이 공개된 경우에만 별도 확인 필요,https://info.nec.go.kr/main/showDocument.xhtml?electionId=0020260603&topMenuId=VC&secondMenuId=VCCP08
울산광역시,중구,광역의원,5310103,중구제3선거구,1,이성룡,22425,정재환,18421,4004,0,0,0,참고,부족 투표소가 해당 선거구에 속하는지는 투표소명 또는 읍면동이 공개된 경우에만 별도 확인 필요,https://info.nec.go.kr/main/showDocument.xhtml?electionId=0020260603&topMenuId=VC&secondMenuId=VCCP08
울산광역시,중구,광역의원,5310104,중구제4선거구,1,강혜순,9528,손명희,9262,266,0,0,0,우선검토,부족 투표소가 해당 선거구에 속하는지는 투표소명 또는 읍면동이 공개된 경우에만 별도 확인 필요,https://info.nec.go.kr/main/showDocument.xhtml?electionId=0020260603&topMenuId=VC&secondMenuId=VCCP08
울산광역시,중구,기초의원,6310101,중구가선거구,2,김태욱,12825,이현부,4748,8077,0,0,0,참고,부족 투표소가 해당 선거구에 속하는지는 투표소명 또는 읍면동이 공개된 경우에만 별도 확인 필요,https://info.nec.go.kr/main/showDocument.xhtml?electionId=0020260603&topMenuId=VC&secondMenuId=VCCP08
울산광역시,중구,기초의원,6310102,중구나선거구,2,이재철,7987,김도운,3463,4524,0,0,0,참고,부족 투표소가 해당 선거구에 속하는지는 투표소명 또는 읍면동이 공개된 경우에만 별도 확인 필요,https://info.nec.go.kr/main/showDocument.xhtml?electionId=0020260603&topMenuId=VC&secondMenuId=VCCP08
울산광역시,중구,기초의원,6310103,중구다선거구,3,문기호,6698,박경흠,5001,1697,0,0,0,검토,부족 투표소가 해당 선거구에 속하는지는 투표소명 또는 읍면동이 공개된 경우에만 별도 확인 필요,https://info.nec.go.kr/main/showDocument.xhtml?electionId=0020260603&topMenuId=VC&secondMenuId=VCCP08
울산광역시,중구,기초의원,6310104,중구라선거구,2,이명녀,6773,김햇살,2398,4375,0,0,0,참고,부족 투표소가 해당 선거구에 속하는지는 투표소명 또는 읍면동이 공개된 경우에만 별도 확인 필요,https://info.nec.go.kr/main/showDocument.xhtml?electionId=0020260603&topMenuId=VC&secondMenuId=VCCP08
인천광역시,강화군,광역의원,5280901,강화군선거구,1,윤재상,25384,강창훈,16748,8636,0,0,0,참고,부족 투표소가 해당 선거구에 속하는지는 투표소명 또는 읍면동이 공개된 경우에만 별도 확인 필요,https://info.nec.go.kr/main/showDocument.xhtml?electionId=0020260603&topMenuId=VC&secondMenuId=VCCP08
인천광역시,강화군,기초의원,6280901,강화군가선거구,3,구본호,3935,유지철,2609,1326,0,0,0,검토,부족 투표소가 해당 선거구에 속하는지는 투표소명 또는 읍면동이 공개된 경우에만 별도 확인 필요,https://info.nec.go.kr/main/showDocument.xhtml?electionId=0020260603&topMenuId=VC&secondMenuId=VCCP08
인천광역시,강화군,기초의원,6280902,강화군나선거구,3,황성주,4122,홍정우,3264,858,0,0,0,검토,부족 투표소가 해당 선거구에 속하는지는 투표소명 또는 읍면동이 공개된 경우에만 별도 확인 필요,https://info.nec.go.kr/main/showDocument.xhtml?electionId=0020260603&topMenuId=VC&secondMenuId=VCCP08
인천광역시,검단구,광역의원,5281401,검단구제1선거구,1,김명주,28694,원정식,16078,12616,0,0,0,참고,부족 투표소가 해당 선거구에 속하는지는 투표소명 또는 읍면동이 공개된 경우에만 별도 확인 필요,https://info.nec.go.kr/main/showDocument.xhtml?electionId=0020260603&topMenuId=VC&secondMenuId=VCCP08
인천광역시,검단구,광역의원,5281402,검단구제2선거구,1,이순학,28523,신충식,14066,14457,0,0,0,참고,부족 투표소가 해당 선거구에 속하는지는 투표소명 또는 읍면동이 공개된 경우에만 별도 확인 필요,https://info.nec.go.kr/main/showDocument.xhtml?electionId=0020260603&topMenuId=VC&secondMenuId=VCCP08
인천광역시,검단구,광역의원,5281403,검단구제3선거구,1,양인모,22680,주현석,9994,12686,0,0,0,참고,부족 투표소가 해당 선거구에 속하는지는 투표소명 또는 읍면동이 공개된 경우에만 별도 확인 필요,https://info.nec.go.kr/main/showDocument.xhtml?electionId=0020260603&topMenuId=VC&secondMenuId=VCCP08
인천광역시,검단구,기초의원,6281401,검단구가선거구,3,홍순서,10001,박용갑,4919,5082,0,0,0,참고,부족 투표소가 해당 선거구에 속하는지는 투표소명 또는 읍면동이 공개된 경우에만 별도 확인 필요,https://info.nec.go.kr/main/showDocument.xhtml?electionId=0020260603&topMenuId=VC&secondMenuId=VCCP08
인천광역시,검단구,기초의원,6281402,검단구나선거구,2,한규창,13454,백진기,11435,2019,0,0,0,참고,부족 투표소가 해당 선거구에 속하는지는 투표소명 또는 읍면동이 공개된 경우에만 별도 확인 필요,https://info.nec.go.kr/main/showDocument.xhtml?electionId=0020260603&topMenuId=VC&secondMenuId=VCCP08
인천광역시,검단구,기초의원,6281403,검단구다선거구,2,최규술,10248,송정호,7774,2474,0,0,0,참고,부족 투표소가 해당 선거구에 속하는지는 투표소명 또는 읍면동이 공개된 경우에만 별도 확인 필요,https://info.nec.go.kr/main/showDocument.xhtml?electionId=0020260603&topMenuId=VC&secondMenuId=VCCP08
인천광역시,계양구,광역의원,5280701,계양구제1선거구,1,조성환,22710,김보성,14028,8682,0,0,0,참고,부족 투표소가 해당 선거구에 속하는지는 투표소명 또는 읍면동이 공개된 경우에만 별도 확인 필요,https://info.nec.go.kr/main/showDocument.xhtml?electionId=0020260603&topMenuId=VC&secondMenuId=VCCP08
인천광역시,계양구,광역의원,5280702,계양구제2선거구,1,임현주,20782,황순남,13194,7588,0,0,0,참고,부족 투표소가 해당 선거구에 속하는지는 투표소명 또는 읍면동이 공개된 경우에만 별도 확인 필요,https://info.nec.go.kr/main/showDocument.xhtml?electionId=0020260603&topMenuId=VC&secondMenuId=VCCP08
인천광역시,계양구,광역의원,5280703,계양구제3선거구,1,석정규,17498,김인희,10389,7109,0,0,0,참고,부족 투표소가 해당 선거구에 속하는지는 투표소명 또는 읍면동이 공개된 경우에만 별도 확인 필요,https://info.nec.go.kr/main/showDocument.xhtml?electionId=0020260603&topMenuId=VC&secondMenuId=VCCP08
인천광역시,계양구,광역의원,5280704,계양구제4선거구,1,문세종,27303,이정호,16670,10633,0,0,0,참고,부족 투표소가 해당 선거구에 속하는지는 투표소명 또는 읍면동이 공개된 경우에만 별도 확인 필요,https://info.nec.go.kr/main/showDocument.xhtml?electionId=0020260603&topMenuId=VC&secondMenuId=VCCP08
인천광역시,계양구,기초의원,6280701,계양구가선거구,2,김연자,13323,조덕제,5649,7674,0,0,0,참고,부족 투표소가 해당 선거구에 속하는지는 투표소명 또는 읍면동이 공개된 경우에만 별도 확인 필요,https://info.nec.go.kr/main/showDocument.xhtml?electionId=0020260603&topMenuId=VC&secondMenuId=VCCP08
인천광역시,계양구,기초의원,6280702,계양구나선거구,2,여재만,9982,박재성,3319,6663,0,0,0,참고,부족 투표소가 해당 선거구에 속하는지는 투표소명 또는 읍면동이 공개된 경우에만 별도 확인 필요,https://info.nec.go.kr/main/showDocument.xhtml?electionId=0020260603&topMenuId=VC&secondMenuId=VCCP08
인천광역시,계양구,기초의원,6280704,계양구라선거구,3,김재성,8071,표명자,3790,4281,0,0,0,참고,부족 투표소가 해당 선거구에 속하는지는 투표소명 또는 읍면동이 공개된 경우에만 별도 확인 필요,https://info.nec.go.kr/main/showDocument.xhtml?electionId=0020260603&topMenuId=VC&secondMenuId=VCCP08
인천광역시,남동구,광역의원,5280501,남동구제1선거구,1,황규진,16906,임춘원,14102,2804,0,0,0,참고,부족 투표소가 해당 선거구에 속하는지는 투표소명 또는 읍면동이 공개된 경우에만 별도 확인 필요,https://info.nec.go.kr/main/showDocument.xhtml?electionId=0020260603&topMenuId=VC&secondMenuId=VCCP08
인천광역시,남동구,광역의원,5280502,남동구제2선거구,1,임애숙,19391,이선옥,15711,3680,0,0,0,참고,부족 투표소가 해당 선거구에 속하는지는 투표소명 또는 읍면동이 공개된 경우에만 별도 확인 필요,https://info.nec.go.kr/main/showDocument.xhtml?electionId=0020260603&topMenuId=VC&secondMenuId=VCCP08
인천광역시,남동구,광역의원,5280503,남동구제3선거구,1,이오상,28398,문종관,20127,8271,0,0,0,참고,부족 투표소가 해당 선거구에 속하는지는 투표소명 또는 읍면동이 공개된 경우에만 별도 확인 필요,https://info.nec.go.kr/main/showDocument.xhtml?electionId=0020260603&topMenuId=VC&secondMenuId=VCCP08
인천광역시,남동구,광역의원,5280504,남동구제4선거구,1,조성민,23372,신동섭,18545,4827,0,0,0,참고,부족 투표소가 해당 선거구에 속하는지는 투표소명 또는 읍면동이 공개된 경우에만 별도 확인 필요,https://info.nec.go.kr/main/showDocument.xhtml?electionId=0020260603&topMenuId=VC&secondMenuId=VCCP08
인천광역시,남동구,광역의원,5280505,남동구제5선거구,1,이연주,26906,이유경,21423,5483,0,0,0,참고,부족 투표소가 해당 선거구에 속하는지는 투표소명 또는 읍면동이 공개된 경우에만 별도 확인 필요,https://info.nec.go.kr/main/showDocument.xhtml?electionId=0020260603&topMenuId=VC&secondMenuId=VCCP08
인천광역시,남동구,광역의원,5280506,남동구제6선거구,1,최재현,20309,이인교,15933,4376,0,0,0,참고,부족 투표소가 해당 선거구에 속하는지는 투표소명 또는 읍면동이 공개된 경우에만 별도 확인 필요,https://info.nec.go.kr/main/showDocument.xhtml?electionId=0020260603&topMenuId=VC&secondMenuId=VCCP08
인천광역시,남동구,기초의원,6280501,남동구가선거구,5,김용호,4075,주열아,2770,1305,0,0,0,검토,부족 투표소가 해당 선거구에 속하는지는 투표소명 또는 읍면동이 공개된 경우에만 별도 확인 필요,https://info.nec.go.kr/main/showDocument.xhtml?electionId=0020260603&topMenuId=VC&secondMenuId=VCCP08
인천광역시,남동구,기초의원,6280502,남동구나선거구,3,이학정,6116,용혜랑,5297,819,0,0,0,검토,부족 투표소가 해당 선거구에 속하는지는 투표소명 또는 읍면동이 공개된 경우에만 별도 확인 필요,https://info.nec.go.kr/main/showDocument.xhtml?electionId=0020260603&topMenuId=VC&secondMenuId=VCCP08
인천광역시,남동구,기초의원,6280503,남동구다선거구,3,전용호,8350,반미선,7195,1155,0,0,0,검토,부족 투표소가 해당 선거구에 속하는지는 투표소명 또는 읍면동이 공개된 경우에만 별도 확인 필요,https://info.nec.go.kr/main/showDocument.xhtml?electionId=0020260603&topMenuId=VC&secondMenuId=VCCP08
인천광역시,남동구,기초의원,6280504,남동구라선거구,3,이영주,10435,유루경,5934,4501,0,0,0,참고,부족 투표소가 해당 선거구에 속하는지는 투표소명 또는 읍면동이 공개된 경우에만 별도 확인 필요,https://info.nec.go.kr/main/showDocument.xhtml?electionId=0020260603&topMenuId=VC&secondMenuId=VCCP08
인천광역시,남동구,기초의원,6280505,남동구마선거구,2,이상수,14509,조영규,1235,13274,0,0,0,참고,부족 투표소가 해당 선거구에 속하는지는 투표소명 또는 읍면동이 공개된 경우에만 별도 확인 필요,https://info.nec.go.kr/main/showDocument.xhtml?electionId=0020260603&topMenuId=VC&secondMenuId=VCCP08
인천광역시,미추홀구,광역의원,5280301,미추홀구제1선거구,1,이수현,24603,최백규,18159,6444,0,0,0,참고,부족 투표소가 해당 선거구에 속하는지는 투표소명 또는 읍면동이 공개된 경우에만 별도 확인 필요,https://info.nec.go.kr/main/showDocument.xhtml?electionId=0020260603&topMenuId=VC&secondMenuId=VCCP08
인천광역시,미추홀구,광역의원,5280302,미추홀구제2선거구,1,김오현,25330,이주형,23737,1593,0,0,0,검토,부족 투표소가 해당 선거구에 속하는지는 투표소명 또는 읍면동이 공개된 경우에만 별도 확인 필요,https://info.nec.go.kr/main/showDocument.xhtml?electionId=0020260603&topMenuId=VC&secondMenuId=VCCP08
인천광역시,미추홀구,광역의원,5280303,미추홀구제3선거구,1,김대영,29454,김태계,23238,6216,0,0,0,참고,부족 투표소가 해당 선거구에 속하는지는 투표소명 또는 읍면동이 공개된 경우에만 별도 확인 필요,https://info.nec.go.kr/main/showDocument.xhtml?electionId=0020260603&topMenuId=VC&secondMenuId=VCCP08
인천광역시,미추홀구,광역의원,5280304,미추홀구제4선거구,1,강정선,30844,김성호,24745,6099,0,0,0,참고,부족 투표소가 해당 선거구에 속하는지는 투표소명 또는 읍면동이 공개된 경우에만 별도 확인 필요,https://info.nec.go.kr/main/showDocument.xhtml?electionId=0020260603&topMenuId=VC&secondMenuId=VCCP08
인천광역시,미추홀구,기초의원,6280301,미추홀구가선거구,3,안재훈,7100,박경수,3998,3102,0,0,0,참고,부족 투표소가 해당 선거구에 속하는지는 투표소명 또는 읍면동이 공개된 경우에만 별도 확인 필요,https://info.nec.go.kr/main/showDocument.xhtml?electionId=0020260603&topMenuId=VC&secondMenuId=VCCP08
인천광역시,미추홀구,기초의원,6280302,미추홀구나선거구,3,정락재,6381,박봉관,3778,2603,0,0,0,참고,부족 투표소가 해당 선거구에 속하는지는 투표소명 또는 읍면동이 공개된 경우에만 별도 확인 필요,https://info.nec.go.kr/main/showDocument.xhtml?electionId=0020260603&topMenuId=VC&secondMenuId=VCCP08
인천광역시,미추홀구,기초의원,6280303,미추홀구다선거구,3,김수경,7955,이태성,7243,712,0,0,0,검토,부족 투표소가 해당 선거구에 속하는지는 투표소명 또는 읍면동이 공개된 경우에만 별도 확인 필요,https://info.nec.go.kr/main/showDocument.xhtml?electionId=0020260603&topMenuId=VC&secondMenuId=VCCP08
인천광역시,미추홀구,기초의원,6280304,미추홀구라선거구,4,장규철,6373,강화영,2274,4099,0,0,0,참고,부족 투표소가 해당 선거구에 속하는지는 투표소명 또는 읍면동이 공개된 경우에만 별도 확인 필요,https://info.nec.go.kr/main/showDocument.xhtml?electionId=0020260603&topMenuId=VC&secondMenuId=VCCP08
인천광역시,부평구,광역의원,5280601,부평구제1선거구,1,강순화,17974,이명규,13410,4564,0,0,0,참고,부족 투표소가 해당 선거구에 속하는지는 투표소명 또는 읍면동이 공개된 경우에만 별도 확인 필요,https://info.nec.go.kr/main/showDocument.xhtml?electionId=0020260603&topMenuId=VC&secondMenuId=VCCP08
인천광역시,부평구,광역의원,5280602,부평구제2선거구,1,김동민,26893,김일환,16788,10105,0,0,0,참고,부족 투표소가 해당 선거구에 속하는지는 투표소명 또는 읍면동이 공개된 경우에만 별도 확인 필요,https://info.nec.go.kr/main/showDocument.xhtml?electionId=0020260603&topMenuId=VC&secondMenuId=VCCP08
인천광역시,부평구,광역의원,5280603,부평구제3선거구,1,노태손,26690,정지용,21869,4821,0,0,0,참고,부족 투표소가 해당 선거구에 속하는지는 투표소명 또는 읍면동이 공개된 경우에만 별도 확인 필요,https://info.nec.go.kr/main/showDocument.xhtml?electionId=0020260603&topMenuId=VC&secondMenuId=VCCP08
인천광역시,부평구,광역의원,5280604,부평구제4선거구,1,신진영,28756,홍석규,20871,7885,0,0,0,참고,부족 투표소가 해당 선거구에 속하는지는 투표소명 또는 읍면동이 공개된 경우에만 별도 확인 필요,https://info.nec.go.kr/main/showDocument.xhtml?electionId=0020260603&topMenuId=VC&secondMenuId=VCCP08
인천광역시,부평구,기초의원,6280604,부평구라선거구,3,이용우,8908,정한솔,7102,1806,0,0,0,검토,부족 투표소가 해당 선거구에 속하는지는 투표소명 또는 읍면동이 공개된 경우에만 별도 확인 필요,https://info.nec.go.kr/main/showDocument.xhtml?electionId=0020260603&topMenuId=VC&secondMenuId=VCCP08
인천광역시,서구,광역의원,5281301,서구제1선거구,1,정종혁,31721,김영훈,21085,10636,0,0,0,참고,부족 투표소가 해당 선거구에 속하는지는 투표소명 또는 읍면동이 공개된 경우에만 별도 확인 필요,https://info.nec.go.kr/main/showDocument.xhtml?electionId=0020260603&topMenuId=VC&secondMenuId=VCCP08
인천광역시,서구,광역의원,5281302,서구제2선거구,1,김영상,27218,이용창,23997,3221,0,0,0,참고,부족 투표소가 해당 선거구에 속하는지는 투표소명 또는 읍면동이 공개된 경우에만 별도 확인 필요,https://info.nec.go.kr/main/showDocument.xhtml?electionId=0020260603&topMenuId=VC&secondMenuId=VCCP08
인천광역시,서구,광역의원,5281303,서구제3선거구,1,최병은,27366,유은희,19407,7959,0,0,0,참고,부족 투표소가 해당 선거구에 속하는지는 투표소명 또는 읍면동이 공개된 경우에만 별도 확인 필요,https://info.nec.go.kr/main/showDocument.xhtml?electionId=0020260603&topMenuId=VC&secondMenuId=VCCP08
인천광역시,서구,광역의원,5281304,서구제4선거구,1,전재운,21752,정성미,15486,6266,0,0,0,참고,부족 투표소가 해당 선거구에 속하는지는 투표소명 또는 읍면동이 공개된 경우에만 별도 확인 필요,https://info.nec.go.kr/main/showDocument.xhtml?electionId=0020260603&topMenuId=VC&secondMenuId=VCCP08
인천광역시,서구,기초의원,6281301,서구가선거구,3,김동익,7130,정태완,6936,194,0,0,0,우선검토,부족 투표소가 해당 선거구에 속하는지는 투표소명 또는 읍면동이 공개된 경우에만 별도 확인 필요,https://info.nec.go.kr/main/showDocument.xhtml?electionId=0020260603&topMenuId=VC&secondMenuId=VCCP08
인천광역시,서구,기초의원,6281302,서구나선거구,3,고선희,9147,최재,4349,4798,0,0,0,참고,부족 투표소가 해당 선거구에 속하는지는 투표소명 또는 읍면동이 공개된 경우에만 별도 확인 필요,https://info.nec.go.kr/main/showDocument.xhtml?electionId=0020260603&topMenuId=VC&secondMenuId=VCCP08
인천광역시,서구,기초의원,6281303,서구다선거구,3,서지영,10101,김일태,4859,5242,0,0,0,참고,부족 투표소가 해당 선거구에 속하는지는 투표소명 또는 읍면동이 공개된 경우에만 별도 확인 필요,https://info.nec.go.kr/main/showDocument.xhtml?electionId=0020260603&topMenuId=VC&secondMenuId=VCCP08
인천광역시,서구,기초의원,6281304,서구라선거구,3,김춘수,5569,하기정,2826,2743,0,0,0,참고,부족 투표소가 해당 선거구에 속하는지는 투표소명 또는 읍면동이 공개된 경우에만 별도 확인 필요,https://info.nec.go.kr/main/showDocument.xhtml?electionId=0020260603&topMenuId=VC&secondMenuId=VCCP08
인천광역시,연수구,광역의원,5280401,연수구제1선거구,1,정해권,15296,장시춘,15032,264,0,0,0,우선검토,부족 투표소가 해당 선거구에 속하는지는 투표소명 또는 읍면동이 공개된 경우에만 별도 확인 필요,https://info.nec.go.kr/main/showDocument.xhtml?electionId=0020260603&topMenuId=VC&secondMenuId=VCCP08
인천광역시,연수구,광역의원,5280402,연수구제2선거구,1,김우성,21411,김용희,17090,4321,0,0,0,참고,부족 투표소가 해당 선거구에 속하는지는 투표소명 또는 읍면동이 공개된 경우에만 별도 확인 필요,https://info.nec.go.kr/main/showDocument.xhtml?electionId=0020260603&topMenuId=VC&secondMenuId=VCCP08
인천광역시,연수구,광역의원,5280403,연수구제3선거구,1,정보현,17867,유승분,14733,3134,0,0,0,참고,부족 투표소가 해당 선거구에 속하는지는 투표소명 또는 읍면동이 공개된 경우에만 별도 확인 필요,https://info.nec.go.kr/main/showDocument.xhtml?electionId=0020260603&topMenuId=VC&secondMenuId=VCCP08
인천광역시,연수구,광역의원,5280404,연수구제4선거구,1,조민경,24210,송인창,19914,4296,0,0,0,참고,부족 투표소가 해당 선거구에 속하는지는 투표소명 또는 읍면동이 공개된 경우에만 별도 확인 필요,https://info.nec.go.kr/main/showDocument.xhtml?electionId=0020260603&topMenuId=VC&secondMenuId=VCCP08
인천광역시,연수구,광역의원,5280405,연수구제5선거구,1,이강구,23146,장성숙,16466,6680,0,0,0,참고,부족 투표소가 해당 선거구에 속하는지는 투표소명 또는 읍면동이 공개된 경우에만 별도 확인 필요,https://info.nec.go.kr/main/showDocument.xhtml?electionId=0020260603&topMenuId=VC&secondMenuId=VCCP08
인천광역시,연수구,광역의원,5280406,연수구제6선거구,1,정채훈,13990,서정호,12035,1955,0,0,0,검토,부족 투표소가 해당 선거구에 속하는지는 투표소명 또는 읍면동이 공개된 경우에만 별도 확인 필요,https://info.nec.go.kr/main/showDocument.xhtml?electionId=0020260603&topMenuId=VC&secondMenuId=VCCP08
인천광역시,연수구,기초의원,6280401,연수구가선거구,2,이정은,12994,황충하,1092,11902,0,0,0,참고,부족 투표소가 해당 선거구에 속하는지는 투표소명 또는 읍면동이 공개된 경우에만 별도 확인 필요,https://info.nec.go.kr/main/showDocument.xhtml?electionId=0020260603&topMenuId=VC&secondMenuId=VCCP08
인천광역시,연수구,기초의원,6280402,연수구나선거구,2,한성민,13113,김일중,4303,8810,0,0,0,참고,부족 투표소가 해당 선거구에 속하는지는 투표소명 또는 읍면동이 공개된 경우에만 별도 확인 필요,https://info.nec.go.kr/main/showDocument.xhtml?electionId=0020260603&topMenuId=VC&secondMenuId=VCCP08
인천광역시,연수구,기초의원,6280403,연수구다선거구,2,탁현수,11283,이원우,2534,8749,0,0,0,참고,부족 투표소가 해당 선거구에 속하는지는 투표소명 또는 읍면동이 공개된 경우에만 별도 확인 필요,https://info.nec.go.kr/main/showDocument.xhtml?electionId=0020260603&topMenuId=VC&secondMenuId=VCCP08
인천광역시,연수구,기초의원,6280404,연수구라선거구,2,노광주,18678,이성실,2936,15742,0,0,0,참고,부족 투표소가 해당 선거구에 속하는지는 투표소명 또는 읍면동이 공개된 경우에만 별도 확인 필요,https://info.nec.go.kr/main/showDocument.xhtml?electionId=0020260603&topMenuId=VC&secondMenuId=VCCP08
인천광역시,연수구,기초의원,6280406,연수구바선거구,2,이상곤,11700,강신학,986,10714,0,0,0,참고,부족 투표소가 해당 선거구에 속하는지는 투표소명 또는 읍면동이 공개된 경우에만 별도 확인 필요,https://info.nec.go.kr/main/showDocument.xhtml?electionId=0020260603&topMenuId=VC&secondMenuId=VCCP08
인천광역시,영종구,광역의원,5281101,영종구제1선거구,1,김광호,11496,최성필,8472,3024,0,0,0,참고,부족 투표소가 해당 선거구에 속하는지는 투표소명 또는 읍면동이 공개된 경우에만 별도 확인 필요,https://info.nec.go.kr/main/showDocument.xhtml?electionId=0020260603&topMenuId=VC&secondMenuId=VCCP08
인천광역시,영종구,광역의원,5281102,영종구제2선거구,1,김광훈,23564,임옥주,15783,7781,0,0,0,참고,부족 투표소가 해당 선거구에 속하는지는 투표소명 또는 읍면동이 공개된 경우에만 별도 확인 필요,https://info.nec.go.kr/main/showDocument.xhtml?electionId=0020260603&topMenuId=VC&secondMenuId=VCCP08
인천광역시,영종구,기초의원,6281102,영종구나선거구,4,김선홍,3449,김진현,1450,1999,0,0,0,검토,부족 투표소가 해당 선거구에 속하는지는 투표소명 또는 읍면동이 공개된 경우에만 별도 확인 필요,https://info.nec.go.kr/main/showDocument.xhtml?electionId=0020260603&topMenuId=VC&secondMenuId=VCCP08
인천광역시,옹진군,광역의원,5281001,옹진군선거구,1,신영희,6447,백종빈,4715,1732,0,0,0,검토,부족 투표소가 해당 선거구에 속하는지는 투표소명 또는 읍면동이 공개된 경우에만 별도 확인 필요,https://info.nec.go.kr/main/showDocument.xhtml?electionId=0020260603&topMenuId=VC&secondMenuId=VCCP08
인천광역시,옹진군,기초의원,6281001,옹진군가선거구,2,김영진,1198,김민애,726,472,0,0,0,우선검토,부족 투표소가 해당 선거구에 속하는지는 투표소명 또는 읍면동이 공개된 경우에만 별도 확인 필요,https://info.nec.go.kr/main/showDocument.xhtml?electionId=0020260603&topMenuId=VC&secondMenuId=VCCP08
인천광역시,옹진군,기초의원,6281002,옹진군나선거구,2,박주광,1833,백동현,999,834,0,0,0,검토,부족 투표소가 해당 선거구에 속하는지는 투표소명 또는 읍면동이 공개된 경우에만 별도 확인 필요,https://info.nec.go.kr/main/showDocument.xhtml?electionId=0020260603&topMenuId=VC&secondMenuId=VCCP08
인천광역시,옹진군,기초의원,6281003,옹진군다선거구,2,이의명,1118,김규성,811,307,0,0,0,우선검토,부족 투표소가 해당 선거구에 속하는지는 투표소명 또는 읍면동이 공개된 경우에만 별도 확인 필요,https://info.nec.go.kr/main/showDocument.xhtml?electionId=0020260603&topMenuId=VC&secondMenuId=VCCP08
인천광역시,제물포구,광역의원,5281201,제물포구제1선거구,1,윤희정,10652,임관만,10599,53,0,0,0,우선검토,부족 투표소가 해당 선거구에 속하는지는 투표소명 또는 읍면동이 공개된 경우에만 별도 확인 필요,https://info.nec.go.kr/main/showDocument.xhtml?electionId=0020260603&topMenuId=VC&secondMenuId=VCCP08
인천광역시,제물포구,광역의원,5281202,제물포구제2선거구,1,장수진,18084,허식,14657,3427,0,0,0,참고,부족 투표소가 해당 선거구에 속하는지는 투표소명 또는 읍면동이 공개된 경우에만 별도 확인 필요,https://info.nec.go.kr/main/showDocument.xhtml?electionId=0020260603&topMenuId=VC&secondMenuId=VCCP08
인천광역시,제물포구,기초의원,6281201,제물포구가선거구,3,유형숙,2913,장관훈,2876,37,0,0,0,우선검토,부족 투표소가 해당 선거구에 속하는지는 투표소명 또는 읍면동이 공개된 경우에만 별도 확인 필요,https://info.nec.go.kr/main/showDocument.xhtml?electionId=0020260603&topMenuId=VC&secondMenuId=VCCP08
인천광역시,제물포구,기초의원,6281202,제물포구나선거구,4,유옥분,2391,윤재실,1891,500,0,0,0,우선검토,부족 투표소가 해당 선거구에 속하는지는 투표소명 또는 읍면동이 공개된 경우에만 별도 확인 필요,https://info.nec.go.kr/main/showDocument.xhtml?electionId=0020260603&topMenuId=VC&secondMenuId=VCCP08
인천광역시,제물포구,기초의원,6281203,제물포구다선거구,3,송광식,2466,원태근,2453,13,0,0,0,우선검토,부족 투표소가 해당 선거구에 속하는지는 투표소명 또는 읍면동이 공개된 경우에만 별도 확인 필요,https://info.nec.go.kr/main/showDocument.xhtml?electionId=0020260603&topMenuId=VC&secondMenuId=VCCP08
전라남도,강진군,기초의원,6461601,강진군가선거구,4,배홍준,1835,강명구,1399,436,0,0,0,우선검토,부족 투표소가 해당 선거구에 속하는지는 투표소명 또는 읍면동이 공개된 경우에만 별도 확인 필요,https://info.nec.go.kr/main/showDocument.xhtml?electionId=0020260603&topMenuId=VC&secondMenuId=VCCP08
전라남도,강진군,기초의원,6461602,강진군나선거구,3,윤영상,1578,이명식,1382,196,0,0,0,우선검토,부족 투표소가 해당 선거구에 속하는지는 투표소명 또는 읍면동이 공개된 경우에만 별도 확인 필요,https://info.nec.go.kr/main/showDocument.xhtml?electionId=0020260603&topMenuId=VC&secondMenuId=VCCP08
전라남도,고흥군,기초의원,6461202,고흥군나선거구,2,김민열,2565,홍우열,1689,876,0,0,0,검토,부족 투표소가 해당 선거구에 속하는지는 투표소명 또는 읍면동이 공개된 경우에만 별도 확인 필요,https://info.nec.go.kr/main/showDocument.xhtml?electionId=0020260603&topMenuId=VC&secondMenuId=VCCP08
전라남도,고흥군,기초의원,6461203,고흥군다선거구,3,김학태,2271,황진동,2148,123,0,0,0,우선검토,부족 투표소가 해당 선거구에 속하는지는 투표소명 또는 읍면동이 공개된 경우에만 별도 확인 필요,https://info.nec.go.kr/main/showDocument.xhtml?electionId=0020260603&topMenuId=VC&secondMenuId=VCCP08
전라남도,곡성군,기초의원,6461001,곡성군가선거구,3,박철규,1826,양병식,1799,27,0,0,0,우선검토,부족 투표소가 해당 선거구에 속하는지는 투표소명 또는 읍면동이 공개된 경우에만 별도 확인 필요,https://info.nec.go.kr/main/showDocument.xhtml?electionId=0020260603&topMenuId=VC&secondMenuId=VCCP08
전라남도,곡성군,기초의원,6461002,곡성군나선거구,3,김요순,1356,허문회,1257,99,0,0,0,우선검토,부족 투표소가 해당 선거구에 속하는지는 투표소명 또는 읍면동이 공개된 경우에만 별도 확인 필요,https://info.nec.go.kr/main/showDocument.xhtml?electionId=0020260603&topMenuId=VC&secondMenuId=VCCP08
전라남도,광양시,기초의원,6460701,광양시가선거구,3,박문섭,4076,정우범,3637,439,0,0,0,우선검토,부족 투표소가 해당 선거구에 속하는지는 투표소명 또는 읍면동이 공개된 경우에만 별도 확인 필요,https://info.nec.go.kr/main/showDocument.xhtml?electionId=0020260603&topMenuId=VC&secondMenuId=VCCP08
전라남도,광양시,기초의원,6460702,광양시나선거구,3,박병관,3225,이철재,2569,656,0,0,0,검토,부족 투표소가 해당 선거구에 속하는지는 투표소명 또는 읍면동이 공개된 경우에만 별도 확인 필요,https://info.nec.go.kr/main/showDocument.xhtml?electionId=0020260603&topMenuId=VC&secondMenuId=VCCP08
전라남도,광양시,기초의원,6460703,광양시다선거구,3,박정숙,3161,이돈견,2687,474,0,0,0,우선검토,부족 투표소가 해당 선거구에 속하는지는 투표소명 또는 읍면동이 공개된 경우에만 별도 확인 필요,https://info.nec.go.kr/main/showDocument.xhtml?electionId=0020260603&topMenuId=VC&secondMenuId=VCCP08
전라남도,광양시,기초의원,6460704,광양시라선거구,3,이윤수,4963,이경의,3484,1479,0,0,0,검토,부족 투표소가 해당 선거구에 속하는지는 투표소명 또는 읍면동이 공개된 경우에만 별도 확인 필요,https://info.nec.go.kr/main/showDocument.xhtml?electionId=0020260603&topMenuId=VC&secondMenuId=VCCP08
전라남도,구례군,기초의원,6461101,구례군가선거구,3,김우정,1972,김미애,1465,507,0,0,0,검토,부족 투표소가 해당 선거구에 속하는지는 투표소명 또는 읍면동이 공개된 경우에만 별도 확인 필요,https://info.nec.go.kr/main/showDocument.xhtml?electionId=0020260603&topMenuId=VC&secondMenuId=VCCP08
전라남도,구례군,기초의원,6461102,구례군나선거구,3,김수철,1849,양준식,1620,229,0,0,0,우선검토,부족 투표소가 해당 선거구에 속하는지는 투표소명 또는 읍면동이 공개된 경우에만 별도 확인 필요,https://info.nec.go.kr/main/showDocument.xhtml?electionId=0020260603&topMenuId=VC&secondMenuId=VCCP08
전라남도,나주시,기초의원,6460601,나주시가선거구,3,김관용,2185,한형철,2055,130,0,0,0,우선검토,부족 투표소가 해당 선거구에 속하는지는 투표소명 또는 읍면동이 공개된 경우에만 별도 확인 필요,https://info.nec.go.kr/main/showDocument.xhtml?electionId=0020260603&topMenuId=VC&secondMenuId=VCCP08
전라남도,나주시,기초의원,6460602,나주시나선거구,3,김정숙,2193,박동민,1863,330,0,0,0,우선검토,부족 투표소가 해당 선거구에 속하는지는 투표소명 또는 읍면동이 공개된 경우에만 별도 확인 필요,https://info.nec.go.kr/main/showDocument.xhtml?electionId=0020260603&topMenuId=VC&secondMenuId=VCCP08
전라남도,나주시,기초의원,6460603,나주시다선거구,2,최정기,1999,신상용,1881,118,0,0,0,우선검토,부족 투표소가 해당 선거구에 속하는지는 투표소명 또는 읍면동이 공개된 경우에만 별도 확인 필요,https://info.nec.go.kr/main/showDocument.xhtml?electionId=0020260603&topMenuId=VC&secondMenuId=VCCP08
전라남도,나주시,기초의원,6460604,나주시라선거구,2,김성보,2376,임준택,2290,86,0,0,0,우선검토,부족 투표소가 해당 선거구에 속하는지는 투표소명 또는 읍면동이 공개된 경우에만 별도 확인 필요,https://info.nec.go.kr/main/showDocument.xhtml?electionId=0020260603&topMenuId=VC&secondMenuId=VCCP08
전라남도,나주시,기초의원,6460605,나주시마선거구,4,황우선,1792,채성군,1789,3,0,0,0,우선검토,부족 투표소가 해당 선거구에 속하는지는 투표소명 또는 읍면동이 공개된 경우에만 별도 확인 필요,https://info.nec.go.kr/main/showDocument.xhtml?electionId=0020260603&topMenuId=VC&secondMenuId=VCCP08
전라남도,담양군,기초의원,6460801,담양군가선거구,2,최용만,2942,이기범,2707,235,0,0,0,우선검토,부족 투표소가 해당 선거구에 속하는지는 투표소명 또는 읍면동이 공개된 경우에만 별도 확인 필요,https://info.nec.go.kr/main/showDocument.xhtml?electionId=0020260603&topMenuId=VC&secondMenuId=VCCP08
전라남도,담양군,기초의원,6460802,담양군나선거구,2,최태주,1814,곽승만,1409,405,0,0,0,우선검토,부족 투표소가 해당 선거구에 속하는지는 투표소명 또는 읍면동이 공개된 경우에만 별도 확인 필요,https://info.nec.go.kr/main/showDocument.xhtml?electionId=0020260603&topMenuId=VC&secondMenuId=VCCP08
전라남도,담양군,기초의원,6460803,담양군다선거구,2,장명영,2248,조관훈,1459,789,0,0,0,검토,부족 투표소가 해당 선거구에 속하는지는 투표소명 또는 읍면동이 공개된 경우에만 별도 확인 필요,https://info.nec.go.kr/main/showDocument.xhtml?electionId=0020260603&topMenuId=VC&secondMenuId=VCCP08
전라남도,담양군,기초의원,6460804,담양군라선거구,2,노대현,1432,이미행,1404,28,0,0,0,우선검토,부족 투표소가 해당 선거구에 속하는지는 투표소명 또는 읍면동이 공개된 경우에만 별도 확인 필요,https://info.nec.go.kr/main/showDocument.xhtml?electionId=0020260603&topMenuId=VC&secondMenuId=VCCP08
전라남도,목포시,기초의원,6460102,목포시나선거구,2,이정석,4162,김종찬,2369,1793,0,0,0,검토,부족 투표소가 해당 선거구에 속하는지는 투표소명 또는 읍면동이 공개된 경우에만 별도 확인 필요,https://info.nec.go.kr/main/showDocument.xhtml?electionId=0020260603&topMenuId=VC&secondMenuId=VCCP08
전라남도,목포시,기초의원,6460103,목포시다선거구,2,안호선,4081,박창수,3011,1070,0,0,0,검토,부족 투표소가 해당 선거구에 속하는지는 투표소명 또는 읍면동이 공개된 경우에만 별도 확인 필요,https://info.nec.go.kr/main/showDocument.xhtml?electionId=0020260603&topMenuId=VC&secondMenuId=VCCP08
전라남도,목포시,기초의원,6460104,목포시라선거구,3,정재훈,1447,유창훈,1340,107,0,0,0,우선검토,부족 투표소가 해당 선거구에 속하는지는 투표소명 또는 읍면동이 공개된 경우에만 별도 확인 필요,https://info.nec.go.kr/main/showDocument.xhtml?electionId=0020260603&topMenuId=VC&secondMenuId=VCCP08
전라남도,목포시,기초의원,6460105,목포시마선거구,3,조성오,3603,고경욱,3073,530,0,0,0,검토,부족 투표소가 해당 선거구에 속하는지는 투표소명 또는 읍면동이 공개된 경우에만 별도 확인 필요,https://info.nec.go.kr/main/showDocument.xhtml?electionId=0020260603&topMenuId=VC&secondMenuId=VCCP08
전라남도,목포시,기초의원,6460106,목포시바선거구,3,이동수,3106,박수인,2377,729,0,0,0,검토,부족 투표소가 해당 선거구에 속하는지는 투표소명 또는 읍면동이 공개된 경우에만 별도 확인 필요,https://info.nec.go.kr/main/showDocument.xhtml?electionId=0020260603&topMenuId=VC&secondMenuId=VCCP08
전라남도,목포시,기초의원,6460107,목포시사선거구,3,박용준,3164,최지선,2825,339,0,0,0,우선검토,부족 투표소가 해당 선거구에 속하는지는 투표소명 또는 읍면동이 공개된 경우에만 별도 확인 필요,https://info.nec.go.kr/main/showDocument.xhtml?electionId=0020260603&topMenuId=VC&secondMenuId=VCCP08
전라남도,무안군,기초의원,6462101,무안군가선거구,4,양영복,3141,김대현,2839,302,0,0,0,우선검토,부족 투표소가 해당 선거구에 속하는지는 투표소명 또는 읍면동이 공개된 경우에만 별도 확인 필요,https://info.nec.go.kr/main/showDocument.xhtml?electionId=0020260603&topMenuId=VC&secondMenuId=VCCP08
전라남도,무안군,기초의원,6462102,무안군나선거구,4,김미경,4030,정옥헌,3283,747,0,0,0,검토,부족 투표소가 해당 선거구에 속하는지는 투표소명 또는 읍면동이 공개된 경우에만 별도 확인 필요,https://info.nec.go.kr/main/showDocument.xhtml?electionId=0020260603&topMenuId=VC&secondMenuId=VCCP08
전라남도,보성군,기초의원,6461301,보성군가선거구,3,남향욱,2329,안형상,1576,753,0,0,0,검토,부족 투표소가 해당 선거구에 속하는지는 투표소명 또는 읍면동이 공개된 경우에만 별도 확인 필요,https://info.nec.go.kr/main/showDocument.xhtml?electionId=0020260603&topMenuId=VC&secondMenuId=VCCP08
전라남도,보성군,기초의원,6461302,보성군나선거구,2,정상우,1975,윤정국,1789,186,0,0,0,우선검토,부족 투표소가 해당 선거구에 속하는지는 투표소명 또는 읍면동이 공개된 경우에만 별도 확인 필요,https://info.nec.go.kr/main/showDocument.xhtml?electionId=0020260603&topMenuId=VC&secondMenuId=VCCP08
전라남도,보성군,기초의원,6461303,보성군다선거구,2,윤정재,1703,김정구,1555,148,0,0,0,우선검토,부족 투표소가 해당 선거구에 속하는지는 투표소명 또는 읍면동이 공개된 경우에만 별도 확인 필요,https://info.nec.go.kr/main/showDocument.xhtml?electionId=0020260603&topMenuId=VC&secondMenuId=VCCP08
전라남도,순천시,기초의원,6460401,순천시가선거구,2,정영근,3132,정영균,2717,415,0,0,0,우선검토,부족 투표소가 해당 선거구에 속하는지는 투표소명 또는 읍면동이 공개된 경우에만 별도 확인 필요,https://info.nec.go.kr/main/showDocument.xhtml?electionId=0020260603&topMenuId=VC&secondMenuId=VCCP08
전라남도,순천시,기초의원,6460402,순천시나선거구,3,우성원,2758,김준희,2708,50,0,0,0,우선검토,부족 투표소가 해당 선거구에 속하는지는 투표소명 또는 읍면동이 공개된 경우에만 별도 확인 필요,https://info.nec.go.kr/main/showDocument.xhtml?electionId=0020260603&topMenuId=VC&secondMenuId=VCCP08
전라남도,순천시,기초의원,6460403,순천시다선거구,2,정홍준,2653,서병남,2368,285,0,0,0,우선검토,부족 투표소가 해당 선거구에 속하는지는 투표소명 또는 읍면동이 공개된 경우에만 별도 확인 필요,https://info.nec.go.kr/main/showDocument.xhtml?electionId=0020260603&topMenuId=VC&secondMenuId=VCCP08
전라남도,순천시,기초의원,6460404,순천시라선거구,3,정광현,5743,한상근,3021,2722,0,0,0,참고,부족 투표소가 해당 선거구에 속하는지는 투표소명 또는 읍면동이 공개된 경우에만 별도 확인 필요,https://info.nec.go.kr/main/showDocument.xhtml?electionId=0020260603&topMenuId=VC&secondMenuId=VCCP08
전라남도,순천시,기초의원,6460405,순천시마선거구,3,이향기,4481,정미옥,4085,396,0,0,0,우선검토,부족 투표소가 해당 선거구에 속하는지는 투표소명 또는 읍면동이 공개된 경우에만 별도 확인 필요,https://info.nec.go.kr/main/showDocument.xhtml?electionId=0020260603&topMenuId=VC&secondMenuId=VCCP08
전라남도,순천시,기초의원,6460406,순천시바선거구,3,유영철,3950,이윤재,3407,543,0,0,0,검토,부족 투표소가 해당 선거구에 속하는지는 투표소명 또는 읍면동이 공개된 경우에만 별도 확인 필요,https://info.nec.go.kr/main/showDocument.xhtml?electionId=0020260603&topMenuId=VC&secondMenuId=VCCP08
전라남도,순천시,기초의원,6460407,순천시사선거구,2,이영란,2865,강형구,1965,900,0,0,0,검토,부족 투표소가 해당 선거구에 속하는지는 투표소명 또는 읍면동이 공개된 경우에만 별도 확인 필요,https://info.nec.go.kr/main/showDocument.xhtml?electionId=0020260603&topMenuId=VC&secondMenuId=VCCP08
전라남도,순천시,기초의원,6460408,순천시아선거구,2,양동진,4694,조대익,4218,476,0,0,0,우선검토,부족 투표소가 해당 선거구에 속하는지는 투표소명 또는 읍면동이 공개된 경우에만 별도 확인 필요,https://info.nec.go.kr/main/showDocument.xhtml?electionId=0020260603&topMenuId=VC&secondMenuId=VCCP08
전라남도,순천시,기초의원,6460409,순천시자선거구,2,손두기,3345,박계수,2038,1307,0,0,0,검토,부족 투표소가 해당 선거구에 속하는지는 투표소명 또는 읍면동이 공개된 경우에만 별도 확인 필요,https://info.nec.go.kr/main/showDocument.xhtml?electionId=0020260603&topMenuId=VC&secondMenuId=VCCP08
전라남도,신안군,기초의원,6462401,신안군가선거구,2,최영진,1541,이의환,1214,327,0,0,0,우선검토,부족 투표소가 해당 선거구에 속하는지는 투표소명 또는 읍면동이 공개된 경우에만 별도 확인 필요,https://info.nec.go.kr/main/showDocument.xhtml?electionId=0020260603&topMenuId=VC&secondMenuId=VCCP08
전라남도,신안군,기초의원,6462402,신안군나선거구,2,문선웅,1838,전남주,1793,45,0,0,0,우선검토,부족 투표소가 해당 선거구에 속하는지는 투표소명 또는 읍면동이 공개된 경우에만 별도 확인 필요,https://info.nec.go.kr/main/showDocument.xhtml?electionId=0020260603&topMenuId=VC&secondMenuId=VCCP08
전라남도,신안군,기초의원,6462403,신안군다선거구,2,김학기,2067,안원준,1515,552,0,0,0,검토,부족 투표소가 해당 선거구에 속하는지는 투표소명 또는 읍면동이 공개된 경우에만 별도 확인 필요,https://info.nec.go.kr/main/showDocument.xhtml?electionId=0020260603&topMenuId=VC&secondMenuId=VCCP08
전라남도,여수시,기초의원,6460202,여수시나선거구,2,백진오,2345,박남조,2207,138,0,0,0,우선검토,부족 투표소가 해당 선거구에 속하는지는 투표소명 또는 읍면동이 공개된 경우에만 별도 확인 필요,https://info.nec.go.kr/main/showDocument.xhtml?electionId=0020260603&topMenuId=VC&secondMenuId=VCCP08
전라남도,여수시,기초의원,6460203,여수시다선거구,2,진명숙,2450,김양효,2398,52,0,0,0,우선검토,부족 투표소가 해당 선거구에 속하는지는 투표소명 또는 읍면동이 공개된 경우에만 별도 확인 필요,https://info.nec.go.kr/main/showDocument.xhtml?electionId=0020260603&topMenuId=VC&secondMenuId=VCCP08
전라남도,여수시,기초의원,6460204,여수시라선거구,2,송하진,4009,서수형,1880,2129,0,0,0,참고,부족 투표소가 해당 선거구에 속하는지는 투표소명 또는 읍면동이 공개된 경우에만 별도 확인 필요,https://info.nec.go.kr/main/showDocument.xhtml?electionId=0020260603&topMenuId=VC&secondMenuId=VCCP08
전라남도,여수시,기초의원,6460205,여수시마선거구,2,권석환,2015,이미경,1714,301,0,0,0,우선검토,부족 투표소가 해당 선거구에 속하는지는 투표소명 또는 읍면동이 공개된 경우에만 별도 확인 필요,https://info.nec.go.kr/main/showDocument.xhtml?electionId=0020260603&topMenuId=VC&secondMenuId=VCCP08
전라남도,여수시,기초의원,6460206,여수시바선거구,2,김영규,3158,김순종,1613,1545,0,0,0,검토,부족 투표소가 해당 선거구에 속하는지는 투표소명 또는 읍면동이 공개된 경우에만 별도 확인 필요,https://info.nec.go.kr/main/showDocument.xhtml?electionId=0020260603&topMenuId=VC&secondMenuId=VCCP08
전라남도,여수시,기초의원,6460207,여수시사선거구,2,나현수,2776,강재헌,2291,485,0,0,0,우선검토,부족 투표소가 해당 선거구에 속하는지는 투표소명 또는 읍면동이 공개된 경우에만 별도 확인 필요,https://info.nec.go.kr/main/showDocument.xhtml?electionId=0020260603&topMenuId=VC&secondMenuId=VCCP08
전라남도,여수시,기초의원,6460208,여수시아선거구,2,주재현,4064,배정해,1696,2368,0,0,0,참고,부족 투표소가 해당 선거구에 속하는지는 투표소명 또는 읍면동이 공개된 경우에만 별도 확인 필요,https://info.nec.go.kr/main/showDocument.xhtml?electionId=0020260603&topMenuId=VC&secondMenuId=VCCP08
전라남도,여수시,기초의원,6460209,여수시자선거구,3,고희권,4449,김광용,3090,1359,0,0,0,검토,부족 투표소가 해당 선거구에 속하는지는 투표소명 또는 읍면동이 공개된 경우에만 별도 확인 필요,https://info.nec.go.kr/main/showDocument.xhtml?electionId=0020260603&topMenuId=VC&secondMenuId=VCCP08
전라남도,여수시,기초의원,6460210,여수시차선거구,4,김상일,3084,강성필,1695,1389,0,0,0,검토,부족 투표소가 해당 선거구에 속하는지는 투표소명 또는 읍면동이 공개된 경우에만 별도 확인 필요,https://info.nec.go.kr/main/showDocument.xhtml?electionId=0020260603&topMenuId=VC&secondMenuId=VCCP08
전라남도,영광군,기초의원,6462201,영광군가선거구,4,조일영,3079,임세훈,2996,83,0,0,0,우선검토,부족 투표소가 해당 선거구에 속하는지는 투표소명 또는 읍면동이 공개된 경우에만 별도 확인 필요,https://info.nec.go.kr/main/showDocument.xhtml?electionId=0020260603&topMenuId=VC&secondMenuId=VCCP08
전라남도,영광군,기초의원,6462202,영광군나선거구,3,김관필,2110,윤석진,1703,407,0,0,0,우선검토,부족 투표소가 해당 선거구에 속하는지는 투표소명 또는 읍면동이 공개된 경우에만 별도 확인 필요,https://info.nec.go.kr/main/showDocument.xhtml?electionId=0020260603&topMenuId=VC&secondMenuId=VCCP08
전라남도,영암군,기초의원,6462001,영암군가선거구,3,정선희,2207,최흥섭,1917,290,0,0,0,우선검토,부족 투표소가 해당 선거구에 속하는지는 투표소명 또는 읍면동이 공개된 경우에만 별도 확인 필요,https://info.nec.go.kr/main/showDocument.xhtml?electionId=0020260603&topMenuId=VC&secondMenuId=VCCP08
전라남도,영암군,기초의원,6462002,영암군나선거구,2,강찬원,2241,신양심,1842,399,0,0,0,우선검토,부족 투표소가 해당 선거구에 속하는지는 투표소명 또는 읍면동이 공개된 경우에만 별도 확인 필요,https://info.nec.go.kr/main/showDocument.xhtml?electionId=0020260603&topMenuId=VC&secondMenuId=VCCP08
전라남도,영암군,기초의원,6462003,영암군다선거구,2,김기천,2045,박종대,1856,189,0,0,0,우선검토,부족 투표소가 해당 선거구에 속하는지는 투표소명 또는 읍면동이 공개된 경우에만 별도 확인 필요,https://info.nec.go.kr/main/showDocument.xhtml?electionId=0020260603&topMenuId=VC&secondMenuId=VCCP08
전라남도,완도군,기초의원,6461701,완도군가선거구,4,지민,2022,박성규,1643,379,0,0,0,우선검토,부족 투표소가 해당 선거구에 속하는지는 투표소명 또는 읍면동이 공개된 경우에만 별도 확인 필요,https://info.nec.go.kr/main/showDocument.xhtml?electionId=0020260603&topMenuId=VC&secondMenuId=VCCP08
전라남도,완도군,기초의원,6461703,완도군다선거구,2,정은상,2401,허동조,1457,944,0,0,0,검토,부족 투표소가 해당 선거구에 속하는지는 투표소명 또는 읍면동이 공개된 경우에만 별도 확인 필요,https://info.nec.go.kr/main/showDocument.xhtml?electionId=0020260603&topMenuId=VC&secondMenuId=VCCP08
전라남도,장성군,기초의원,6460901,장성군가선거구,3,김연수,2002,김춘식,1869,133,0,0,0,우선검토,부족 투표소가 해당 선거구에 속하는지는 투표소명 또는 읍면동이 공개된 경우에만 별도 확인 필요,https://info.nec.go.kr/main/showDocument.xhtml?electionId=0020260603&topMenuId=VC&secondMenuId=VCCP08
전라남도,장성군,기초의원,6460902,장성군나선거구,2,서춘경,1673,이길연,1593,80,0,0,0,우선검토,부족 투표소가 해당 선거구에 속하는지는 투표소명 또는 읍면동이 공개된 경우에만 별도 확인 필요,https://info.nec.go.kr/main/showDocument.xhtml?electionId=0020260603&topMenuId=VC&secondMenuId=VCCP08
전라남도,장성군,기초의원,6460903,장성군다선거구,2,봉맹구,1895,박현숙,1783,112,0,0,0,우선검토,부족 투표소가 해당 선거구에 속하는지는 투표소명 또는 읍면동이 공개된 경우에만 별도 확인 필요,https://info.nec.go.kr/main/showDocument.xhtml?electionId=0020260603&topMenuId=VC&secondMenuId=VCCP08
전라남도,장흥군,기초의원,6461501,장흥군가선거구,3,유금렬,2594,김성민,1979,615,0,0,0,검토,부족 투표소가 해당 선거구에 속하는지는 투표소명 또는 읍면동이 공개된 경우에만 별도 확인 필요,https://info.nec.go.kr/main/showDocument.xhtml?electionId=0020260603&topMenuId=VC&secondMenuId=VCCP08
전라남도,장흥군,기초의원,6461502,장흥군나선거구,3,백광철,2339,홍정임,2238,101,0,0,0,우선검토,부족 투표소가 해당 선거구에 속하는지는 투표소명 또는 읍면동이 공개된 경우에만 별도 확인 필요,https://info.nec.go.kr/main/showDocument.xhtml?electionId=0020260603&topMenuId=VC&secondMenuId=VCCP08
전라남도,진도군,기초의원,6461901,진도군가선거구,4,이승완,2302,이종수,2186,116,0,0,0,우선검토,부족 투표소가 해당 선거구에 속하는지는 투표소명 또는 읍면동이 공개된 경우에만 별도 확인 필요,https://info.nec.go.kr/main/showDocument.xhtml?electionId=0020260603&topMenuId=VC&secondMenuId=VCCP08
전라남도,진도군,기초의원,6461902,진도군나선거구,2,이문포,1418,김종열,847,571,0,0,0,검토,부족 투표소가 해당 선거구에 속하는지는 투표소명 또는 읍면동이 공개된 경우에만 별도 확인 필요,https://info.nec.go.kr/main/showDocument.xhtml?electionId=0020260603&topMenuId=VC&secondMenuId=VCCP08
전라남도,함평군,기초의원,6462301,함평군가선거구,3,김창문,1673,홍성표,1370,303,0,0,0,우선검토,부족 투표소가 해당 선거구에 속하는지는 투표소명 또는 읍면동이 공개된 경우에만 별도 확인 필요,https://info.nec.go.kr/main/showDocument.xhtml?electionId=0020260603&topMenuId=VC&secondMenuId=VCCP08
전라남도,함평군,기초의원,6462302,함평군나선거구,3,정철성,1798,박문서,1736,62,0,0,0,우선검토,부족 투표소가 해당 선거구에 속하는지는 투표소명 또는 읍면동이 공개된 경우에만 별도 확인 필요,https://info.nec.go.kr/main/showDocument.xhtml?electionId=0020260603&topMenuId=VC&secondMenuId=VCCP08
전라남도,해남군,기초의원,6461801,해남군가선거구,3,민경매,3107,이기우,2547,560,0,0,0,검토,부족 투표소가 해당 선거구에 속하는지는 투표소명 또는 읍면동이 공개된 경우에만 별도 확인 필요,https://info.nec.go.kr/main/showDocument.xhtml?electionId=0020260603&topMenuId=VC&secondMenuId=VCCP08
전라남도,해남군,기초의원,6461802,해남군나선거구,2,김미숙,2261,맹성호,1723,538,0,0,0,검토,부족 투표소가 해당 선거구에 속하는지는 투표소명 또는 읍면동이 공개된 경우에만 별도 확인 필요,https://info.nec.go.kr/main/showDocument.xhtml?electionId=0020260603&topMenuId=VC&secondMenuId=VCCP08
전라남도,해남군,기초의원,6461803,해남군다선거구,2,박상정,1973,이순태,1363,610,0,0,0,검토,부족 투표소가 해당 선거구에 속하는지는 투표소명 또는 읍면동이 공개된 경우에만 별도 확인 필요,https://info.nec.go.kr/main/showDocument.xhtml?electionId=0020260603&topMenuId=VC&secondMenuId=VCCP08
전라남도,해남군,기초의원,6461804,해남군라선거구,2,한종천,2190,김영환,1544,646,0,0,0,검토,부족 투표소가 해당 선거구에 속하는지는 투표소명 또는 읍면동이 공개된 경우에만 별도 확인 필요,https://info.nec.go.kr/main/showDocument.xhtml?electionId=0020260603&topMenuId=VC&secondMenuId=VCCP08
전라남도,화순군,기초의원,6461401,화순군가선거구,4,박상범,2573,류종옥,2281,292,0,0,0,우선검토,부족 투표소가 해당 선거구에 속하는지는 투표소명 또는 읍면동이 공개된 경우에만 별도 확인 필요,https://info.nec.go.kr/main/showDocument.xhtml?electionId=0020260603&topMenuId=VC&secondMenuId=VCCP08
전라남도,화순군,기초의원,6461402,화순군나선거구,3,조세현,1524,양동술,1189,335,0,0,0,우선검토,부족 투표소가 해당 선거구에 속하는지는 투표소명 또는 읍면동이 공개된 경우에만 별도 확인 필요,https://info.nec.go.kr/main/showDocument.xhtml?electionId=0020260603&topMenuId=VC&secondMenuId=VCCP08
전라남도,화순군,기초의원,6461403,화순군다선거구,2,정학철,1352,김용호,1192,160,0,0,0,우선검토,부족 투표소가 해당 선거구에 속하는지는 투표소명 또는 읍면동이 공개된 경우에만 별도 확인 필요,https://info.nec.go.kr/main/showDocument.xhtml?electionId=0020260603&topMenuId=VC&secondMenuId=VCCP08
전북특별자치도,고창군,기초의원,6531601,고창군가선거구,3,진남표,3118,김송철,3067,51,0,0,0,우선검토,부족 투표소가 해당 선거구에 속하는지는 투표소명 또는 읍면동이 공개된 경우에만 별도 확인 필요,https://info.nec.go.kr/main/showDocument.xhtml?electionId=0020260603&topMenuId=VC&secondMenuId=VCCP08
전북특별자치도,고창군,기초의원,6531602,고창군나선거구,2,임종훈,1363,최인규,1353,10,0,0,0,우선검토,부족 투표소가 해당 선거구에 속하는지는 투표소명 또는 읍면동이 공개된 경우에만 별도 확인 필요,https://info.nec.go.kr/main/showDocument.xhtml?electionId=0020260603&topMenuId=VC&secondMenuId=VCCP08
전북특별자치도,고창군,기초의원,6531603,고창군다선거구,2,임정호,1620,정관진,1249,371,0,0,0,우선검토,부족 투표소가 해당 선거구에 속하는지는 투표소명 또는 읍면동이 공개된 경우에만 별도 확인 필요,https://info.nec.go.kr/main/showDocument.xhtml?electionId=0020260603&topMenuId=VC&secondMenuId=VCCP08
전북특별자치도,고창군,기초의원,6531604,고창군라선거구,2,조규철,2467,차남준,1375,1092,0,0,0,검토,부족 투표소가 해당 선거구에 속하는지는 투표소명 또는 읍면동이 공개된 경우에만 별도 확인 필요,https://info.nec.go.kr/main/showDocument.xhtml?electionId=0020260603&topMenuId=VC&secondMenuId=VCCP08
전북특별자치도,군산시,광역의원,5530301,군산시제1선거구,1,강태창,14281,나기학,4151,10130,0,0,0,참고,부족 투표소가 해당 선거구에 속하는지는 투표소명 또는 읍면동이 공개된 경우에만 별도 확인 필요,https://info.nec.go.kr/main/showDocument.xhtml?electionId=0020260603&topMenuId=VC&secondMenuId=VCCP08
전북특별자치도,군산시,광역의원,5530302,군산시제2선거구,1,김동구,20776,안근,8933,11843,0,0,0,참고,부족 투표소가 해당 선거구에 속하는지는 투표소명 또는 읍면동이 공개된 경우에만 별도 확인 필요,https://info.nec.go.kr/main/showDocument.xhtml?electionId=0020260603&topMenuId=VC&secondMenuId=VCCP08
전북특별자치도,군산시,기초의원,6530301,군산시가선거구,2,임동준,2039,한안길,1798,241,0,0,0,우선검토,부족 투표소가 해당 선거구에 속하는지는 투표소명 또는 읍면동이 공개된 경우에만 별도 확인 필요,https://info.nec.go.kr/main/showDocument.xhtml?electionId=0020260603&topMenuId=VC&secondMenuId=VCCP08
전북특별자치도,군산시,기초의원,6530302,군산시나선거구,3,윤요섭,2450,조현수,1557,893,0,0,0,검토,부족 투표소가 해당 선거구에 속하는지는 투표소명 또는 읍면동이 공개된 경우에만 별도 확인 필요,https://info.nec.go.kr/main/showDocument.xhtml?electionId=0020260603&topMenuId=VC&secondMenuId=VCCP08
전북특별자치도,군산시,기초의원,6530304,군산시라선거구,3,김영란,2872,박욱규,2757,115,0,0,0,우선검토,부족 투표소가 해당 선거구에 속하는지는 투표소명 또는 읍면동이 공개된 경우에만 별도 확인 필요,https://info.nec.go.kr/main/showDocument.xhtml?electionId=0020260603&topMenuId=VC&secondMenuId=VCCP08
전북특별자치도,군산시,기초의원,6530305,군산시마선거구,3,송미숙,2220,배형원,1806,414,0,0,0,우선검토,부족 투표소가 해당 선거구에 속하는지는 투표소명 또는 읍면동이 공개된 경우에만 별도 확인 필요,https://info.nec.go.kr/main/showDocument.xhtml?electionId=0020260603&topMenuId=VC&secondMenuId=VCCP08
전북특별자치도,군산시,기초의원,6530306,군산시바선거구,2,이영미,2867,한경봉,2368,499,0,0,0,우선검토,부족 투표소가 해당 선거구에 속하는지는 투표소명 또는 읍면동이 공개된 경우에만 별도 확인 필요,https://info.nec.go.kr/main/showDocument.xhtml?electionId=0020260603&topMenuId=VC&secondMenuId=VCCP08
전북특별자치도,군산시,기초의원,6530307,군산시사선거구,3,오승철,5056,김상윤,4460,596,0,0,0,검토,부족 투표소가 해당 선거구에 속하는지는 투표소명 또는 읍면동이 공개된 경우에만 별도 확인 필요,https://info.nec.go.kr/main/showDocument.xhtml?electionId=0020260603&topMenuId=VC&secondMenuId=VCCP08
전북특별자치도,군산시,기초의원,6530308,군산시아선거구,3,서동완,4480,장병훈,2919,1561,0,0,0,검토,부족 투표소가 해당 선거구에 속하는지는 투표소명 또는 읍면동이 공개된 경우에만 별도 확인 필요,https://info.nec.go.kr/main/showDocument.xhtml?electionId=0020260603&topMenuId=VC&secondMenuId=VCCP08
전북특별자치도,김제시,광역의원,5530902,김제시제2선거구,1,김영자,18024,백창민,7295,10729,0,0,0,참고,부족 투표소가 해당 선거구에 속하는지는 투표소명 또는 읍면동이 공개된 경우에만 별도 확인 필요,https://info.nec.go.kr/main/showDocument.xhtml?electionId=0020260603&topMenuId=VC&secondMenuId=VCCP08
전북특별자치도,김제시,기초의원,6530901,김제시가선거구,3,주상현,2559,남궁윤,1594,965,0,0,0,검토,부족 투표소가 해당 선거구에 속하는지는 투표소명 또는 읍면동이 공개된 경우에만 별도 확인 필요,https://info.nec.go.kr/main/showDocument.xhtml?electionId=0020260603&topMenuId=VC&secondMenuId=VCCP08
전북특별자치도,김제시,기초의원,6530902,김제시나선거구,3,오승경,2196,조성원,833,1363,0,0,0,검토,부족 투표소가 해당 선거구에 속하는지는 투표소명 또는 읍면동이 공개된 경우에만 별도 확인 필요,https://info.nec.go.kr/main/showDocument.xhtml?electionId=0020260603&topMenuId=VC&secondMenuId=VCCP08
전북특별자치도,김제시,기초의원,6530904,김제시라선거구,3,김승일,2456,최훈,1784,672,0,0,0,검토,부족 투표소가 해당 선거구에 속하는지는 투표소명 또는 읍면동이 공개된 경우에만 별도 확인 필요,https://info.nec.go.kr/main/showDocument.xhtml?electionId=0020260603&topMenuId=VC&secondMenuId=VCCP08
전북특별자치도,남원시,광역의원,5530801,남원시제1선거구,1,윤지홍,16708,김대규,5827,10881,0,0,0,참고,부족 투표소가 해당 선거구에 속하는지는 투표소명 또는 읍면동이 공개된 경우에만 별도 확인 필요,https://info.nec.go.kr/main/showDocument.xhtml?electionId=0020260603&topMenuId=VC&secondMenuId=VCCP08
전북특별자치도,남원시,광역의원,5530802,남원시제2선거구,1,임종명,15730,강용구,4980,10750,0,0,0,참고,부족 투표소가 해당 선거구에 속하는지는 투표소명 또는 읍면동이 공개된 경우에만 별도 확인 필요,https://info.nec.go.kr/main/showDocument.xhtml?electionId=0020260603&topMenuId=VC&secondMenuId=VCCP08
전북특별자치도,남원시,기초의원,6530802,남원시나선거구,2,양순철,1331,염봉섭,718,613,0,0,0,검토,부족 투표소가 해당 선거구에 속하는지는 투표소명 또는 읍면동이 공개된 경우에만 별도 확인 필요,https://info.nec.go.kr/main/showDocument.xhtml?electionId=0020260603&topMenuId=VC&secondMenuId=VCCP08
전북특별자치도,남원시,기초의원,6530803,남원시다선거구,3,이상현,2459,김현철,2024,435,0,0,0,우선검토,부족 투표소가 해당 선거구에 속하는지는 투표소명 또는 읍면동이 공개된 경우에만 별도 확인 필요,https://info.nec.go.kr/main/showDocument.xhtml?electionId=0020260603&topMenuId=VC&secondMenuId=VCCP08
전북특별자치도,남원시,기초의원,6530805,남원시마선거구,2,김한수,1226,양경님,944,282,0,0,0,우선검토,부족 투표소가 해당 선거구에 속하는지는 투표소명 또는 읍면동이 공개된 경우에만 별도 확인 필요,https://info.nec.go.kr/main/showDocument.xhtml?electionId=0020260603&topMenuId=VC&secondMenuId=VCCP08
전북특별자치도,남원시,기초의원,6530806,남원시바선거구,3,최형욱,2020,김경주,1251,769,0,0,0,검토,부족 투표소가 해당 선거구에 속하는지는 투표소명 또는 읍면동이 공개된 경우에만 별도 확인 필요,https://info.nec.go.kr/main/showDocument.xhtml?electionId=0020260603&topMenuId=VC&secondMenuId=VCCP08
전북특별자치도,무주군,기초의원,6531201,무주군가선거구,3,김주성,1636,최윤선,1558,78,0,0,0,우선검토,부족 투표소가 해당 선거구에 속하는지는 투표소명 또는 읍면동이 공개된 경우에만 별도 확인 필요,https://info.nec.go.kr/main/showDocument.xhtml?electionId=0020260603&topMenuId=VC&secondMenuId=VCCP08
전북특별자치도,무주군,기초의원,6531202,무주군나선거구,3,오광석,1103,문은영,951,152,0,0,0,우선검토,부족 투표소가 해당 선거구에 속하는지는 투표소명 또는 읍면동이 공개된 경우에만 별도 확인 필요,https://info.nec.go.kr/main/showDocument.xhtml?electionId=0020260603&topMenuId=VC&secondMenuId=VCCP08
전북특별자치도,부안군,광역의원,5531701,부안군선거구,1,김창현,18056,김동선,6222,11834,0,0,0,참고,부족 투표소가 해당 선거구에 속하는지는 투표소명 또는 읍면동이 공개된 경우에만 별도 확인 필요,https://info.nec.go.kr/main/showDocument.xhtml?electionId=0020260603&topMenuId=VC&secondMenuId=VCCP08
전북특별자치도,부안군,기초의원,6531701,부안군가선거구,3,장은아,2259,김성찬,1703,556,0,0,0,검토,부족 투표소가 해당 선거구에 속하는지는 투표소명 또는 읍면동이 공개된 경우에만 별도 확인 필요,https://info.nec.go.kr/main/showDocument.xhtml?electionId=0020260603&topMenuId=VC&secondMenuId=VCCP08
전북특별자치도,부안군,기초의원,6531703,부안군다선거구,2,김정군,1720,조병숙,1463,257,0,0,0,우선검토,부족 투표소가 해당 선거구에 속하는지는 투표소명 또는 읍면동이 공개된 경우에만 별도 확인 필요,https://info.nec.go.kr/main/showDocument.xhtml?electionId=0020260603&topMenuId=VC&secondMenuId=VCCP08
전북특별자치도,부안군,기초의원,6531704,부안군라선거구,2,박태수,1429,이상수,1386,43,0,0,0,우선검토,부족 투표소가 해당 선거구에 속하는지는 투표소명 또는 읍면동이 공개된 경우에만 별도 확인 필요,https://info.nec.go.kr/main/showDocument.xhtml?electionId=0020260603&topMenuId=VC&secondMenuId=VCCP08
전북특별자치도,순창군,광역의원,5531501,순창군선거구,1,장승필,15132,강윤경,3754,11378,0,0,0,참고,부족 투표소가 해당 선거구에 속하는지는 투표소명 또는 읍면동이 공개된 경우에만 별도 확인 필요,https://info.nec.go.kr/main/showDocument.xhtml?electionId=0020260603&topMenuId=VC&secondMenuId=VCCP08
전북특별자치도,순창군,기초의원,6531501,순창군가선거구,2,김정숙,1897,신정이,1721,176,0,0,0,우선검토,부족 투표소가 해당 선거구에 속하는지는 투표소명 또는 읍면동이 공개된 경우에만 별도 확인 필요,https://info.nec.go.kr/main/showDocument.xhtml?electionId=0020260603&topMenuId=VC&secondMenuId=VCCP08
전북특별자치도,순창군,기초의원,6531502,순창군나선거구,2,문완식,1341,윤태호,707,634,0,0,0,검토,부족 투표소가 해당 선거구에 속하는지는 투표소명 또는 읍면동이 공개된 경우에만 별도 확인 필요,https://info.nec.go.kr/main/showDocument.xhtml?electionId=0020260603&topMenuId=VC&secondMenuId=VCCP08
전북특별자치도,순창군,기초의원,6531503,순창군다선거구,3,손종석,1440,양인섭,1072,368,0,0,0,우선검토,부족 투표소가 해당 선거구에 속하는지는 투표소명 또는 읍면동이 공개된 경우에만 별도 확인 필요,https://info.nec.go.kr/main/showDocument.xhtml?electionId=0020260603&topMenuId=VC&secondMenuId=VCCP08
전북특별자치도,완주군,기초의원,6531001,완주군가선거구,4,유이수,3397,이주갑,3184,213,0,0,0,우선검토,부족 투표소가 해당 선거구에 속하는지는 투표소명 또는 읍면동이 공개된 경우에만 별도 확인 필요,https://info.nec.go.kr/main/showDocument.xhtml?electionId=0020260603&topMenuId=VC&secondMenuId=VCCP08
전북특별자치도,완주군,기초의원,6531002,완주군나선거구,3,심부건,2702,이성원,2555,147,0,0,0,우선검토,부족 투표소가 해당 선거구에 속하는지는 투표소명 또는 읍면동이 공개된 경우에만 별도 확인 필요,https://info.nec.go.kr/main/showDocument.xhtml?electionId=0020260603&topMenuId=VC&secondMenuId=VCCP08
전북특별자치도,완주군,기초의원,6531003,완주군다선거구,2,임귀현,2692,김상식,2311,381,0,0,0,우선검토,부족 투표소가 해당 선거구에 속하는지는 투표소명 또는 읍면동이 공개된 경우에만 별도 확인 필요,https://info.nec.go.kr/main/showDocument.xhtml?electionId=0020260603&topMenuId=VC&secondMenuId=VCCP08
전북특별자치도,익산시,기초의원,6530502,익산시나선거구,2,김충영,3318,박상우,2129,1189,0,0,0,검토,부족 투표소가 해당 선거구에 속하는지는 투표소명 또는 읍면동이 공개된 경우에만 별도 확인 필요,https://info.nec.go.kr/main/showDocument.xhtml?electionId=0020260603&topMenuId=VC&secondMenuId=VCCP08
전북특별자치도,익산시,기초의원,6530503,익산시다선거구,2,박종대,5671,박중희,3310,2361,0,0,0,참고,부족 투표소가 해당 선거구에 속하는지는 투표소명 또는 읍면동이 공개된 경우에만 별도 확인 필요,https://info.nec.go.kr/main/showDocument.xhtml?electionId=0020260603&topMenuId=VC&secondMenuId=VCCP08
전북특별자치도,익산시,기초의원,6530504,익산시라선거구,2,조규대,2643,박종철,2529,114,0,0,0,우선검토,부족 투표소가 해당 선거구에 속하는지는 투표소명 또는 읍면동이 공개된 경우에만 별도 확인 필요,https://info.nec.go.kr/main/showDocument.xhtml?electionId=0020260603&topMenuId=VC&secondMenuId=VCCP08
전북특별자치도,익산시,기초의원,6530505,익산시마선거구,2,김영민,2572,전세성,2374,198,0,0,0,우선검토,부족 투표소가 해당 선거구에 속하는지는 투표소명 또는 읍면동이 공개된 경우에만 별도 확인 필요,https://info.nec.go.kr/main/showDocument.xhtml?electionId=0020260603&topMenuId=VC&secondMenuId=VCCP08
전북특별자치도,익산시,기초의원,6530506,익산시바선거구,3,정영미,2856,이충열,2127,729,0,0,0,검토,부족 투표소가 해당 선거구에 속하는지는 투표소명 또는 읍면동이 공개된 경우에만 별도 확인 필요,https://info.nec.go.kr/main/showDocument.xhtml?electionId=0020260603&topMenuId=VC&secondMenuId=VCCP08
전북특별자치도,익산시,기초의원,6530507,익산시사선거구,3,손진영,4323,박경원,2287,2036,0,0,0,참고,부족 투표소가 해당 선거구에 속하는지는 투표소명 또는 읍면동이 공개된 경우에만 별도 확인 필요,https://info.nec.go.kr/main/showDocument.xhtml?electionId=0020260603&topMenuId=VC&secondMenuId=VCCP08
전북특별자치도,익산시,기초의원,6530508,익산시아선거구,3,소길영,3146,이종현,2913,233,0,0,0,우선검토,부족 투표소가 해당 선거구에 속하는지는 투표소명 또는 읍면동이 공개된 경우에만 별도 확인 필요,https://info.nec.go.kr/main/showDocument.xhtml?electionId=0020260603&topMenuId=VC&secondMenuId=VCCP08
전북특별자치도,익산시,기초의원,6530509,익산시자선거구,3,황두관,3599,국호림,2304,1295,0,0,0,검토,부족 투표소가 해당 선거구에 속하는지는 투표소명 또는 읍면동이 공개된 경우에만 별도 확인 필요,https://info.nec.go.kr/main/showDocument.xhtml?electionId=0020260603&topMenuId=VC&secondMenuId=VCCP08
전북특별자치도,임실군,광역의원,5531401,임실군선거구,1,박정규,13990,김철호,2814,11176,0,0,0,참고,부족 투표소가 해당 선거구에 속하는지는 투표소명 또는 읍면동이 공개된 경우에만 별도 확인 필요,https://info.nec.go.kr/main/showDocument.xhtml?electionId=0020260603&topMenuId=VC&secondMenuId=VCCP08
전북특별자치도,임실군,기초의원,6531401,임실군가선거구,2,정일윤,1588,양주영,1279,309,0,0,0,우선검토,부족 투표소가 해당 선거구에 속하는지는 투표소명 또는 읍면동이 공개된 경우에만 별도 확인 필요,https://info.nec.go.kr/main/showDocument.xhtml?electionId=0020260603&topMenuId=VC&secondMenuId=VCCP08
전북특별자치도,임실군,기초의원,6531402,임실군나선거구,2,임은두,1628,김영부,1209,419,0,0,0,우선검토,부족 투표소가 해당 선거구에 속하는지는 투표소명 또는 읍면동이 공개된 경우에만 별도 확인 필요,https://info.nec.go.kr/main/showDocument.xhtml?electionId=0020260603&topMenuId=VC&secondMenuId=VCCP08
전북특별자치도,임실군,기초의원,6531403,임실군다선거구,3,라시열,1138,김용완,1123,15,0,0,0,우선검토,부족 투표소가 해당 선거구에 속하는지는 투표소명 또는 읍면동이 공개된 경우에만 별도 확인 필요,https://info.nec.go.kr/main/showDocument.xhtml?electionId=0020260603&topMenuId=VC&secondMenuId=VCCP08
전북특별자치도,장수군,광역의원,5531301,장수군선거구,1,장정복,9684,박용근,4752,4932,0,0,0,참고,부족 투표소가 해당 선거구에 속하는지는 투표소명 또는 읍면동이 공개된 경우에만 별도 확인 필요,https://info.nec.go.kr/main/showDocument.xhtml?electionId=0020260603&topMenuId=VC&secondMenuId=VCCP08
전북특별자치도,장수군,기초의원,6531301,장수군가선거구,3,정상득,1550,장종태,1397,153,0,0,0,우선검토,부족 투표소가 해당 선거구에 속하는지는 투표소명 또는 읍면동이 공개된 경우에만 별도 확인 필요,https://info.nec.go.kr/main/showDocument.xhtml?electionId=0020260603&topMenuId=VC&secondMenuId=VCCP08
전북특별자치도,장수군,기초의원,6531302,장수군나선거구,3,김남수,1297,채수권,1282,15,0,0,0,우선검토,부족 투표소가 해당 선거구에 속하는지는 투표소명 또는 읍면동이 공개된 경우에만 별도 확인 필요,https://info.nec.go.kr/main/showDocument.xhtml?electionId=0020260603&topMenuId=VC&secondMenuId=VCCP08
전북특별자치도,전주시덕진구,기초의원,6530201,전주시아선거구,2,최서연,9680,윤선호,3288,6392,0,0,0,참고,부족 투표소가 해당 선거구에 속하는지는 투표소명 또는 읍면동이 공개된 경우에만 별도 확인 필요,https://info.nec.go.kr/main/showDocument.xhtml?electionId=0020260603&topMenuId=VC&secondMenuId=VCCP08
전북특별자치도,전주시덕진구,기초의원,6530202,전주시자선거구,3,경현철,4607,김재범,4036,571,0,0,0,검토,부족 투표소가 해당 선거구에 속하는지는 투표소명 또는 읍면동이 공개된 경우에만 별도 확인 필요,https://info.nec.go.kr/main/showDocument.xhtml?electionId=0020260603&topMenuId=VC&secondMenuId=VCCP08
전북특별자치도,전주시덕진구,기초의원,6530203,전주시차선거구,2,온혜정,6758,오현숙,4635,2123,0,0,0,참고,부족 투표소가 해당 선거구에 속하는지는 투표소명 또는 읍면동이 공개된 경우에만 별도 확인 필요,https://info.nec.go.kr/main/showDocument.xhtml?electionId=0020260603&topMenuId=VC&secondMenuId=VCCP08
전북특별자치도,전주시덕진구,기초의원,6530204,전주시카선거구,3,최명권,5539,박윤정,5189,350,0,0,0,우선검토,부족 투표소가 해당 선거구에 속하는지는 투표소명 또는 읍면동이 공개된 경우에만 별도 확인 필요,https://info.nec.go.kr/main/showDocument.xhtml?electionId=0020260603&topMenuId=VC&secondMenuId=VCCP08
전북특별자치도,전주시완산구,광역의원,5530103,전주시제3선거구,1,정종복,25484,배정현,8659,16825,0,0,0,참고,부족 투표소가 해당 선거구에 속하는지는 투표소명 또는 읍면동이 공개된 경우에만 별도 확인 필요,https://info.nec.go.kr/main/showDocument.xhtml?electionId=0020260603&topMenuId=VC&secondMenuId=VCCP08
전북특별자치도,전주시완산구,광역의원,5530107,전주시제7선거구,1,박형배,11729,이수진,2297,9432,0,0,0,참고,부족 투표소가 해당 선거구에 속하는지는 투표소명 또는 읍면동이 공개된 경우에만 별도 확인 필요,https://info.nec.go.kr/main/showDocument.xhtml?electionId=0020260603&topMenuId=VC&secondMenuId=VCCP08
전북특별자치도,전주시완산구,기초의원,6530101,전주시가선거구,3,채민석,5725,김원주,3526,2199,0,0,0,참고,부족 투표소가 해당 선거구에 속하는지는 투표소명 또는 읍면동이 공개된 경우에만 별도 확인 필요,https://info.nec.go.kr/main/showDocument.xhtml?electionId=0020260603&topMenuId=VC&secondMenuId=VCCP08
전북특별자치도,전주시완산구,기초의원,6530102,전주시나선거구,3,이동문,4699,여민영,2901,1798,0,0,0,검토,부족 투표소가 해당 선거구에 속하는지는 투표소명 또는 읍면동이 공개된 경우에만 별도 확인 필요,https://info.nec.go.kr/main/showDocument.xhtml?electionId=0020260603&topMenuId=VC&secondMenuId=VCCP08
전북특별자치도,전주시완산구,기초의원,6530103,전주시다선거구,4,최주만,4796,김주년,4357,439,0,0,0,우선검토,부족 투표소가 해당 선거구에 속하는지는 투표소명 또는 읍면동이 공개된 경우에만 별도 확인 필요,https://info.nec.go.kr/main/showDocument.xhtml?electionId=0020260603&topMenuId=VC&secondMenuId=VCCP08
전북특별자치도,전주시완산구,기초의원,6530104,전주시라선거구,2,최영심,4031,심진철,3793,238,0,0,0,우선검토,부족 투표소가 해당 선거구에 속하는지는 투표소명 또는 읍면동이 공개된 경우에만 별도 확인 필요,https://info.nec.go.kr/main/showDocument.xhtml?electionId=0020260603&topMenuId=VC&secondMenuId=VCCP08
전북특별자치도,전주시완산구,기초의원,6530105,전주시마선거구,3,김현덕,4533,한승우,4075,458,0,0,0,우선검토,부족 투표소가 해당 선거구에 속하는지는 투표소명 또는 읍면동이 공개된 경우에만 별도 확인 필요,https://info.nec.go.kr/main/showDocument.xhtml?electionId=0020260603&topMenuId=VC&secondMenuId=VCCP08
전북특별자치도,전주시완산구,기초의원,6530106,전주시바선거구,3,김성규,4347,김금주,3819,528,0,0,0,검토,부족 투표소가 해당 선거구에 속하는지는 투표소명 또는 읍면동이 공개된 경우에만 별도 확인 필요,https://info.nec.go.kr/main/showDocument.xhtml?electionId=0020260603&topMenuId=VC&secondMenuId=VCCP08
전북특별자치도,전주시완산구,기초의원,6530107,전주시사선거구,2,홍대규,3864,박용욱,2897,967,0,0,0,검토,부족 투표소가 해당 선거구에 속하는지는 투표소명 또는 읍면동이 공개된 경우에만 별도 확인 필요,https://info.nec.go.kr/main/showDocument.xhtml?electionId=0020260603&topMenuId=VC&secondMenuId=VCCP08
전북특별자치도,정읍시,광역의원,5530702,정읍시제2선거구,1,염영선,28027,이윤호,9027,19000,0,0,0,참고,부족 투표소가 해당 선거구에 속하는지는 투표소명 또는 읍면동이 공개된 경우에만 별도 확인 필요,https://info.nec.go.kr/main/showDocument.xhtml?electionId=0020260603&topMenuId=VC&secondMenuId=VCCP08
전북특별자치도,정읍시,기초의원,6530701,정읍시가선거구,2,오승현,2039,박철용,1554,485,0,0,0,우선검토,부족 투표소가 해당 선거구에 속하는지는 투표소명 또는 읍면동이 공개된 경우에만 별도 확인 필요,https://info.nec.go.kr/main/showDocument.xhtml?electionId=0020260603&topMenuId=VC&secondMenuId=VCCP08
전북특별자치도,정읍시,기초의원,6530702,정읍시나선거구,2,이복형,1315,고경윤,1009,306,0,0,0,우선검토,부족 투표소가 해당 선거구에 속하는지는 투표소명 또는 읍면동이 공개된 경우에만 별도 확인 필요,https://info.nec.go.kr/main/showDocument.xhtml?electionId=0020260603&topMenuId=VC&secondMenuId=VCCP08
전북특별자치도,정읍시,기초의원,6530704,정읍시라선거구,2,김승범,2028,최재기,1540,488,0,0,0,우선검토,부족 투표소가 해당 선거구에 속하는지는 투표소명 또는 읍면동이 공개된 경우에만 별도 확인 필요,https://info.nec.go.kr/main/showDocument.xhtml?electionId=0020260603&topMenuId=VC&secondMenuId=VCCP08
전북특별자치도,정읍시,기초의원,6530705,정읍시마선거구,3,김석환,2242,김용훈,1515,727,0,0,0,검토,부족 투표소가 해당 선거구에 속하는지는 투표소명 또는 읍면동이 공개된 경우에만 별도 확인 필요,https://info.nec.go.kr/main/showDocument.xhtml?electionId=0020260603&topMenuId=VC&secondMenuId=VCCP08
전북특별자치도,정읍시,기초의원,6530706,정읍시바선거구,2,박일,3013,조상중,2986,27,0,0,0,우선검토,부족 투표소가 해당 선거구에 속하는지는 투표소명 또는 읍면동이 공개된 경우에만 별도 확인 필요,https://info.nec.go.kr/main/showDocument.xhtml?electionId=0020260603&topMenuId=VC&secondMenuId=VCCP08
전북특별자치도,정읍시,기초의원,6530707,정읍시사선거구,2,김영현,2268,이만재,2105,163,0,0,0,우선검토,부족 투표소가 해당 선거구에 속하는지는 투표소명 또는 읍면동이 공개된 경우에만 별도 확인 필요,https://info.nec.go.kr/main/showDocument.xhtml?electionId=0020260603&topMenuId=VC&secondMenuId=VCCP08
전북특별자치도,진안군,광역의원,5531101,진안군선거구,1,전용태,11540,박석주,4964,6576,0,0,0,참고,부족 투표소가 해당 선거구에 속하는지는 투표소명 또는 읍면동이 공개된 경우에만 별도 확인 필요,https://info.nec.go.kr/main/showDocument.xhtml?electionId=0020260603&topMenuId=VC&secondMenuId=VCCP08
전북특별자치도,진안군,기초의원,6531101,진안군가선거구,3,손동규,1614,김기호,1342,272,0,0,0,우선검토,부족 투표소가 해당 선거구에 속하는지는 투표소명 또는 읍면동이 공개된 경우에만 별도 확인 필요,https://info.nec.go.kr/main/showDocument.xhtml?electionId=0020260603&topMenuId=VC&secondMenuId=VCCP08
전북특별자치도,진안군,기초의원,6531102,진안군나선거구,3,김명갑,1511,박관순,1374,137,0,0,0,우선검토,부족 투표소가 해당 선거구에 속하는지는 투표소명 또는 읍면동이 공개된 경우에만 별도 확인 필요,https://info.nec.go.kr/main/showDocument.xhtml?electionId=0020260603&topMenuId=VC&secondMenuId=VCCP08
제주특별자치도,서귀포시,광역의원,5490201,제주특별자치도 서귀포시 송산동·효돈동·영천동선거구,1,강충룡,4133,오정훈,3674,459,0,0,0,우선검토,부족 투표소가 해당 선거구에 속하는지는 투표소명 또는 읍면동이 공개된 경우에만 별도 확인 필요,https://info.nec.go.kr/main/showDocument.xhtml?electionId=0020260603&topMenuId=VC&secondMenuId=VCCP08
제주특별자치도,서귀포시,광역의원,5490202,제주특별자치도 서귀포시 정방동·중앙동·천지동·서홍동선거구,1,오은초,3898,강하영,3275,623,0,0,0,검토,부족 투표소가 해당 선거구에 속하는지는 투표소명 또는 읍면동이 공개된 경우에만 별도 확인 필요,https://info.nec.go.kr/main/showDocument.xhtml?electionId=0020260603&topMenuId=VC&secondMenuId=VCCP08
제주특별자치도,서귀포시,광역의원,5490203,제주특별자치도 서귀포시 동홍동선거구,1,김대진,6910,오현승,3892,3018,0,0,0,참고,부족 투표소가 해당 선거구에 속하는지는 투표소명 또는 읍면동이 공개된 경우에만 별도 확인 필요,https://info.nec.go.kr/main/showDocument.xhtml?electionId=0020260603&topMenuId=VC&secondMenuId=VCCP08
제주특별자치도,서귀포시,광역의원,5490204,제주특별자치도 서귀포시 대륜동선거구,1,강명균,4007,이정엽,3896,111,0,0,0,우선검토,부족 투표소가 해당 선거구에 속하는지는 투표소명 또는 읍면동이 공개된 경우에만 별도 확인 필요,https://info.nec.go.kr/main/showDocument.xhtml?electionId=0020260603&topMenuId=VC&secondMenuId=VCCP08
제주특별자치도,서귀포시,광역의원,5490206,제주특별자치도 서귀포시 대정읍선거구,1,이경철,4229,송호철,3959,270,0,0,0,우선검토,부족 투표소가 해당 선거구에 속하는지는 투표소명 또는 읍면동이 공개된 경우에만 별도 확인 필요,https://info.nec.go.kr/main/showDocument.xhtml?electionId=0020260603&topMenuId=VC&secondMenuId=VCCP08
제주특별자치도,서귀포시,광역의원,5490208,제주특별자치도 서귀포시 성산읍선거구,1,양홍식,4426,현기종,4306,120,0,0,0,우선검토,부족 투표소가 해당 선거구에 속하는지는 투표소명 또는 읍면동이 공개된 경우에만 별도 확인 필요,https://info.nec.go.kr/main/showDocument.xhtml?electionId=0020260603&topMenuId=VC&secondMenuId=VCCP08
제주특별자치도,서귀포시,광역의원,5490209,제주특별자치도 서귀포시 안덕면선거구,1,하성용,4066,조훈배,2420,1646,0,0,0,검토,부족 투표소가 해당 선거구에 속하는지는 투표소명 또는 읍면동이 공개된 경우에만 별도 확인 필요,https://info.nec.go.kr/main/showDocument.xhtml?electionId=0020260603&topMenuId=VC&secondMenuId=VCCP08
제주특별자치도,서귀포시,광역의원,5490210,제주특별자치도 서귀포시 표선면선거구,1,한동훈,3769,현경주,2517,1252,0,0,0,검토,부족 투표소가 해당 선거구에 속하는지는 투표소명 또는 읍면동이 공개된 경우에만 별도 확인 필요,https://info.nec.go.kr/main/showDocument.xhtml?electionId=0020260603&topMenuId=VC&secondMenuId=VCCP08
제주특별자치도,제주시,광역의원,5490102,제주특별자치도 제주시 일도2동선거구,1,박호형,8550,박현욱,3848,4702,0,0,0,참고,부족 투표소가 해당 선거구에 속하는지는 투표소명 또는 읍면동이 공개된 경우에만 별도 확인 필요,https://info.nec.go.kr/main/showDocument.xhtml?electionId=0020260603&topMenuId=VC&secondMenuId=VCCP08
제주특별자치도,제주시,광역의원,5490105,제주특별자치도 제주시 이도2동을선거구,1,한동수,6475,송경남,2118,4357,0,0,0,참고,부족 투표소가 해당 선거구에 속하는지는 투표소명 또는 읍면동이 공개된 경우에만 별도 확인 필요,https://info.nec.go.kr/main/showDocument.xhtml?electionId=0020260603&topMenuId=VC&secondMenuId=VCCP08
제주특별자치도,제주시,광역의원,5490106,제주특별자치도 제주시 삼도1동·삼도2동선거구,1,정민구,5610,윤용팔,3735,1875,0,0,0,검토,부족 투표소가 해당 선거구에 속하는지는 투표소명 또는 읍면동이 공개된 경우에만 별도 확인 필요,https://info.nec.go.kr/main/showDocument.xhtml?electionId=0020260603&topMenuId=VC&secondMenuId=VCCP08
제주특별자치도,제주시,광역의원,5490107,제주특별자치도 제주시 용담1동·용담2동선거구,1,김황국,5373,이창민,4190,1183,0,0,0,검토,부족 투표소가 해당 선거구에 속하는지는 투표소명 또는 읍면동이 공개된 경우에만 별도 확인 필요,https://info.nec.go.kr/main/showDocument.xhtml?electionId=0020260603&topMenuId=VC&secondMenuId=VCCP08
제주특별자치도,제주시,광역의원,5490110,제주특별자치도 제주시 연동갑선거구,1,양영식,4794,강경문,3556,1238,0,0,0,검토,부족 투표소가 해당 선거구에 속하는지는 투표소명 또는 읍면동이 공개된 경우에만 별도 확인 필요,https://info.nec.go.kr/main/showDocument.xhtml?electionId=0020260603&topMenuId=VC&secondMenuId=VCCP08
제주특별자치도,제주시,광역의원,5490111,제주특별자치도 제주시 연동을선거구,1,강철남,5353,김지은,3273,2080,0,0,0,참고,부족 투표소가 해당 선거구에 속하는지는 투표소명 또는 읍면동이 공개된 경우에만 별도 확인 필요,https://info.nec.go.kr/main/showDocument.xhtml?electionId=0020260603&topMenuId=VC&secondMenuId=VCCP08
제주특별자치도,제주시,광역의원,5490112,제주특별자치도 제주시 노형동갑선거구,1,양경호,7053,김세훈,3408,3645,0,0,0,참고,부족 투표소가 해당 선거구에 속하는지는 투표소명 또는 읍면동이 공개된 경우에만 별도 확인 필요,https://info.nec.go.kr/main/showDocument.xhtml?electionId=0020260603&topMenuId=VC&secondMenuId=VCCP08
제주특별자치도,제주시,광역의원,5490113,제주특별자치도 제주시 노형동을선거구,1,이경심,7494,고민수,4153,3341,0,0,0,참고,부족 투표소가 해당 선거구에 속하는지는 투표소명 또는 읍면동이 공개된 경우에만 별도 확인 필요,https://info.nec.go.kr/main/showDocument.xhtml?electionId=0020260603&topMenuId=VC&secondMenuId=VCCP08
제주특별자치도,제주시,광역의원,5490114,제주특별자치도 제주시 외도동·이호동·도두동선거구,1,송창권,7491,양해두,3559,3932,0,0,0,참고,부족 투표소가 해당 선거구에 속하는지는 투표소명 또는 읍면동이 공개된 경우에만 별도 확인 필요,https://info.nec.go.kr/main/showDocument.xhtml?electionId=0020260603&topMenuId=VC&secondMenuId=VCCP08
제주특별자치도,제주시,광역의원,5490115,제주특별자치도 제주시 한림읍선거구,1,이남근,5523,김도엽,4003,1520,0,0,0,검토,부족 투표소가 해당 선거구에 속하는지는 투표소명 또는 읍면동이 공개된 경우에만 별도 확인 필요,https://info.nec.go.kr/main/showDocument.xhtml?electionId=0020260603&topMenuId=VC&secondMenuId=VCCP08
제주특별자치도,제주시,광역의원,5490116,제주특별자치도 제주시 애월읍갑선거구,1,장정훈,3829,강재섭,3332,497,0,0,0,우선검토,부족 투표소가 해당 선거구에 속하는지는 투표소명 또는 읍면동이 공개된 경우에만 별도 확인 필요,https://info.nec.go.kr/main/showDocument.xhtml?electionId=0020260603&topMenuId=VC&secondMenuId=VCCP08
제주특별자치도,제주시,광역의원,5490117,제주특별자치도 제주시 구좌읍·우도면선거구,1,강동우,4309,부지성,4109,200,0,0,0,우선검토,부족 투표소가 해당 선거구에 속하는지는 투표소명 또는 읍면동이 공개된 경우에만 별도 확인 필요,https://info.nec.go.kr/main/showDocument.xhtml?electionId=0020260603&topMenuId=VC&secondMenuId=VCCP08
제주특별자치도,제주시,광역의원,5490118,제주특별자치도 제주시 조천읍선거구,1,김덕홍,6664,김석진,6350,314,0,0,0,우선검토,부족 투표소가 해당 선거구에 속하는지는 투표소명 또는 읍면동이 공개된 경우에만 별도 확인 필요,https://info.nec.go.kr/main/showDocument.xhtml?electionId=0020260603&topMenuId=VC&secondMenuId=VCCP08
제주특별자치도,제주시,광역의원,5490119,제주특별자치도 제주시 한경면·추자면선거구,1,김승준,3716,김원찬,2754,962,0,0,0,검토,부족 투표소가 해당 선거구에 속하는지는 투표소명 또는 읍면동이 공개된 경우에만 별도 확인 필요,https://info.nec.go.kr/main/showDocument.xhtml?electionId=0020260603&topMenuId=VC&secondMenuId=VCCP08
제주특별자치도,제주시,광역의원,5490121,제주특별자치도 제주시 오라동선거구,1,강정범,5584,부람준,1248,4336,0,0,0,참고,부족 투표소가 해당 선거구에 속하는지는 투표소명 또는 읍면동이 공개된 경우에만 별도 확인 필요,https://info.nec.go.kr/main/showDocument.xhtml?electionId=0020260603&topMenuId=VC&secondMenuId=VCCP08
제주특별자치도,제주시,광역의원,5490122,제주특별자치도 제주시 아라동을선거구,1,양영수,4139,정현철,3824,315,0,0,0,우선검토,부족 투표소가 해당 선거구에 속하는지는 투표소명 또는 읍면동이 공개된 경우에만 별도 확인 필요,https://info.nec.go.kr/main/showDocument.xhtml?electionId=0020260603&topMenuId=VC&secondMenuId=VCCP08
충청남도,계룡시,광역의원,5441001,계룡시선거구,1,윤재은,12610,이재운,10766,1844,0,0,0,검토,부족 투표소가 해당 선거구에 속하는지는 투표소명 또는 읍면동이 공개된 경우에만 별도 확인 필요,https://info.nec.go.kr/main/showDocument.xhtml?electionId=0020260603&topMenuId=VC&secondMenuId=VCCP08
충청남도,계룡시,기초의원,6441001,계룡시가선거구,3,이양희,2940,신동원,1830,1110,0,0,0,검토,부족 투표소가 해당 선거구에 속하는지는 투표소명 또는 읍면동이 공개된 경우에만 별도 확인 필요,https://info.nec.go.kr/main/showDocument.xhtml?electionId=0020260603&topMenuId=VC&secondMenuId=VCCP08
충청남도,계룡시,기초의원,6441002,계룡시나선거구,3,강흥식,1883,이미옥,1412,471,0,0,0,우선검토,부족 투표소가 해당 선거구에 속하는지는 투표소명 또는 읍면동이 공개된 경우에만 별도 확인 필요,https://info.nec.go.kr/main/showDocument.xhtml?electionId=0020260603&topMenuId=VC&secondMenuId=VCCP08
충청남도,공주시,광역의원,5440201,공주시제1선거구,1,노한섭,18025,최훈,17895,130,0,0,0,우선검토,부족 투표소가 해당 선거구에 속하는지는 투표소명 또는 읍면동이 공개된 경우에만 별도 확인 필요,https://info.nec.go.kr/main/showDocument.xhtml?electionId=0020260603&topMenuId=VC&secondMenuId=VCCP08
충청남도,공주시,광역의원,5440202,공주시제2선거구,1,박기영,12541,권흥길,10024,2517,0,0,0,참고,부족 투표소가 해당 선거구에 속하는지는 투표소명 또는 읍면동이 공개된 경우에만 별도 확인 필요,https://info.nec.go.kr/main/showDocument.xhtml?electionId=0020260603&topMenuId=VC&secondMenuId=VCCP08
충청남도,공주시,기초의원,6440201,공주시가선거구,2,박천수,3856,이맹석,2954,902,0,0,0,검토,부족 투표소가 해당 선거구에 속하는지는 투표소명 또는 읍면동이 공개된 경우에만 별도 확인 필요,https://info.nec.go.kr/main/showDocument.xhtml?electionId=0020260603&topMenuId=VC&secondMenuId=VCCP08
충청남도,공주시,기초의원,6440202,공주시나선거구,3,이범수,4598,조휘제,2825,1773,0,0,0,검토,부족 투표소가 해당 선거구에 속하는지는 투표소명 또는 읍면동이 공개된 경우에만 별도 확인 필요,https://info.nec.go.kr/main/showDocument.xhtml?electionId=0020260603&topMenuId=VC&secondMenuId=VCCP08
충청남도,공주시,기초의원,6440203,공주시다선거구,2,김필중,2413,김경수,1309,1104,0,0,0,검토,부족 투표소가 해당 선거구에 속하는지는 투표소명 또는 읍면동이 공개된 경우에만 별도 확인 필요,https://info.nec.go.kr/main/showDocument.xhtml?electionId=0020260603&topMenuId=VC&secondMenuId=VCCP08
충청남도,공주시,기초의원,6440204,공주시라선거구,3,권경운,2429,이상표,2212,217,0,0,0,우선검토,부족 투표소가 해당 선거구에 속하는지는 투표소명 또는 읍면동이 공개된 경우에만 별도 확인 필요,https://info.nec.go.kr/main/showDocument.xhtml?electionId=0020260603&topMenuId=VC&secondMenuId=VCCP08
충청남도,금산군,광역의원,5440701,금산군제1선거구,1,박병훈,9311,조재환,7867,1444,0,0,0,검토,부족 투표소가 해당 선거구에 속하는지는 투표소명 또는 읍면동이 공개된 경우에만 별도 확인 필요,https://info.nec.go.kr/main/showDocument.xhtml?electionId=0020260603&topMenuId=VC&secondMenuId=VCCP08
충청남도,금산군,광역의원,5440702,금산군제2선거구,1,김복만,6023,정옥균,4950,1073,0,0,0,검토,부족 투표소가 해당 선거구에 속하는지는 투표소명 또는 읍면동이 공개된 경우에만 별도 확인 필요,https://info.nec.go.kr/main/showDocument.xhtml?electionId=0020260603&topMenuId=VC&secondMenuId=VCCP08
충청남도,금산군,기초의원,6440701,금산군가선거구,3,김병수,2840,안기전,2681,159,0,0,0,우선검토,부족 투표소가 해당 선거구에 속하는지는 투표소명 또는 읍면동이 공개된 경우에만 별도 확인 필요,https://info.nec.go.kr/main/showDocument.xhtml?electionId=0020260603&topMenuId=VC&secondMenuId=VCCP08
충청남도,금산군,기초의원,6440702,금산군나선거구,3,전연석,1717,강포구,1414,303,0,0,0,우선검토,부족 투표소가 해당 선거구에 속하는지는 투표소명 또는 읍면동이 공개된 경우에만 별도 확인 필요,https://info.nec.go.kr/main/showDocument.xhtml?electionId=0020260603&topMenuId=VC&secondMenuId=VCCP08
충청남도,논산시,광역의원,5440901,논산시제1선거구,1,기호엽,11594,윤기형,11593,1,0,0,0,우선검토,부족 투표소가 해당 선거구에 속하는지는 투표소명 또는 읍면동이 공개된 경우에만 별도 확인 필요,https://info.nec.go.kr/main/showDocument.xhtml?electionId=0020260603&topMenuId=VC&secondMenuId=VCCP08
충청남도,논산시,광역의원,5440902,논산시제2선거구,1,김종욱,17384,전낙운,15708,1676,0,0,0,검토,부족 투표소가 해당 선거구에 속하는지는 투표소명 또는 읍면동이 공개된 경우에만 별도 확인 필요,https://info.nec.go.kr/main/showDocument.xhtml?electionId=0020260603&topMenuId=VC&secondMenuId=VCCP08
충청남도,논산시,기초의원,6440901,논산시가선거구,5,김재광,2152,서승필,2067,85,0,0,0,우선검토,부족 투표소가 해당 선거구에 속하는지는 투표소명 또는 읍면동이 공개된 경우에만 별도 확인 필요,https://info.nec.go.kr/main/showDocument.xhtml?electionId=0020260603&topMenuId=VC&secondMenuId=VCCP08
충청남도,논산시,기초의원,6440902,논산시나선거구,3,김형준,2792,홍태의,2403,389,0,0,0,우선검토,부족 투표소가 해당 선거구에 속하는지는 투표소명 또는 읍면동이 공개된 경우에만 별도 확인 필요,https://info.nec.go.kr/main/showDocument.xhtml?electionId=0020260603&topMenuId=VC&secondMenuId=VCCP08
충청남도,논산시,기초의원,6440903,논산시다선거구,3,김태성,1974,최재훈,1963,11,0,0,0,우선검토,부족 투표소가 해당 선거구에 속하는지는 투표소명 또는 읍면동이 공개된 경우에만 별도 확인 필요,https://info.nec.go.kr/main/showDocument.xhtml?electionId=0020260603&topMenuId=VC&secondMenuId=VCCP08
충청남도,당진시,광역의원,5441601,당진시제1선거구,1,이철수,12459,김봉균,12065,394,0,0,0,우선검토,부족 투표소가 해당 선거구에 속하는지는 투표소명 또는 읍면동이 공개된 경우에만 별도 확인 필요,https://info.nec.go.kr/main/showDocument.xhtml?electionId=0020260603&topMenuId=VC&secondMenuId=VCCP08
충청남도,당진시,광역의원,5441602,당진시제2선거구,1,최연숙,13653,이해선,10989,2664,0,0,0,참고,부족 투표소가 해당 선거구에 속하는지는 투표소명 또는 읍면동이 공개된 경우에만 별도 확인 필요,https://info.nec.go.kr/main/showDocument.xhtml?electionId=0020260603&topMenuId=VC&secondMenuId=VCCP08
충청남도,당진시,광역의원,5441603,당진시제3선거구,1,홍기후,20060,고아라,12949,7111,0,0,0,참고,부족 투표소가 해당 선거구에 속하는지는 투표소명 또는 읍면동이 공개된 경우에만 별도 확인 필요,https://info.nec.go.kr/main/showDocument.xhtml?electionId=0020260603&topMenuId=VC&secondMenuId=VCCP08
충청남도,당진시,기초의원,6441601,당진시가선거구,2,김명진,3836,이화용,2544,1292,0,0,0,검토,부족 투표소가 해당 선거구에 속하는지는 투표소명 또는 읍면동이 공개된 경우에만 별도 확인 필요,https://info.nec.go.kr/main/showDocument.xhtml?electionId=0020260603&topMenuId=VC&secondMenuId=VCCP08
충청남도,당진시,기초의원,6441602,당진시나선거구,2,서영훈,4091,문선이,2700,1391,0,0,0,검토,부족 투표소가 해당 선거구에 속하는지는 투표소명 또는 읍면동이 공개된 경우에만 별도 확인 필요,https://info.nec.go.kr/main/showDocument.xhtml?electionId=0020260603&topMenuId=VC&secondMenuId=VCCP08
충청남도,당진시,기초의원,6441603,당진시다선거구,4,전영옥,2709,오윤희,2047,662,0,0,0,검토,부족 투표소가 해당 선거구에 속하는지는 투표소명 또는 읍면동이 공개된 경우에만 별도 확인 필요,https://info.nec.go.kr/main/showDocument.xhtml?electionId=0020260603&topMenuId=VC&secondMenuId=VCCP08
충청남도,당진시,기초의원,6441604,당진시라선거구,4,김명회,3905,한상화,3332,573,0,0,0,검토,부족 투표소가 해당 선거구에 속하는지는 투표소명 또는 읍면동이 공개된 경우에만 별도 확인 필요,https://info.nec.go.kr/main/showDocument.xhtml?electionId=0020260603&topMenuId=VC&secondMenuId=VCCP08
충청남도,보령시,광역의원,5440301,보령시제1선거구,1,최은순,15875,조성철,14611,1264,0,0,0,검토,부족 투표소가 해당 선거구에 속하는지는 투표소명 또는 읍면동이 공개된 경우에만 별도 확인 필요,https://info.nec.go.kr/main/showDocument.xhtml?electionId=0020260603&topMenuId=VC&secondMenuId=VCCP08
충청남도,보령시,광역의원,5440302,보령시제2선거구,1,편삼범,13388,강학서,8845,4543,0,0,0,참고,부족 투표소가 해당 선거구에 속하는지는 투표소명 또는 읍면동이 공개된 경우에만 별도 확인 필요,https://info.nec.go.kr/main/showDocument.xhtml?electionId=0020260603&topMenuId=VC&secondMenuId=VCCP08
충청남도,보령시,기초의원,6440301,보령시가선거구,2,백승만,3461,백남숙,2117,1344,0,0,0,검토,부족 투표소가 해당 선거구에 속하는지는 투표소명 또는 읍면동이 공개된 경우에만 별도 확인 필요,https://info.nec.go.kr/main/showDocument.xhtml?electionId=0020260603&topMenuId=VC&secondMenuId=VCCP08
충청남도,보령시,기초의원,6440302,보령시나선거구,3,성태용,3064,최용식,3057,7,0,0,0,우선검토,부족 투표소가 해당 선거구에 속하는지는 투표소명 또는 읍면동이 공개된 경우에만 별도 확인 필요,https://info.nec.go.kr/main/showDocument.xhtml?electionId=0020260603&topMenuId=VC&secondMenuId=VCCP08
충청남도,보령시,기초의원,6440303,보령시다선거구,3,백성현,2269,조장현,2242,27,0,0,0,우선검토,부족 투표소가 해당 선거구에 속하는지는 투표소명 또는 읍면동이 공개된 경우에만 별도 확인 필요,https://info.nec.go.kr/main/showDocument.xhtml?electionId=0020260603&topMenuId=VC&secondMenuId=VCCP08
충청남도,보령시,기초의원,6440304,보령시라선거구,2,권승현,3266,전진석,1563,1703,0,0,0,검토,부족 투표소가 해당 선거구에 속하는지는 투표소명 또는 읍면동이 공개된 경우에만 별도 확인 필요,https://info.nec.go.kr/main/showDocument.xhtml?electionId=0020260603&topMenuId=VC&secondMenuId=VCCP08
충청남도,부여군,광역의원,5441101,부여군제1선거구,1,민병희,9365,정헌구,8274,1091,0,0,0,검토,부족 투표소가 해당 선거구에 속하는지는 투표소명 또는 읍면동이 공개된 경우에만 별도 확인 필요,https://info.nec.go.kr/main/showDocument.xhtml?electionId=0020260603&topMenuId=VC&secondMenuId=VCCP08
충청남도,부여군,광역의원,5441102,부여군제2선거구,1,김영춘,10471,김의현,8250,2221,0,0,0,참고,부족 투표소가 해당 선거구에 속하는지는 투표소명 또는 읍면동이 공개된 경우에만 별도 확인 필요,https://info.nec.go.kr/main/showDocument.xhtml?electionId=0020260603&topMenuId=VC&secondMenuId=VCCP08
충청남도,부여군,기초의원,6441101,부여군가선거구,4,노승호,2554,장소미,2451,103,0,0,0,우선검토,부족 투표소가 해당 선거구에 속하는지는 투표소명 또는 읍면동이 공개된 경우에만 별도 확인 필요,https://info.nec.go.kr/main/showDocument.xhtml?electionId=0020260603&topMenuId=VC&secondMenuId=VCCP08
충청남도,부여군,기초의원,6441102,부여군나선거구,3,백용달,1457,김기일,1430,27,0,0,0,우선검토,부족 투표소가 해당 선거구에 속하는지는 투표소명 또는 읍면동이 공개된 경우에만 별도 확인 필요,https://info.nec.go.kr/main/showDocument.xhtml?electionId=0020260603&topMenuId=VC&secondMenuId=VCCP08
충청남도,부여군,기초의원,6441103,부여군다선거구,2,김병철,2431,김종수,1475,956,0,0,0,검토,부족 투표소가 해당 선거구에 속하는지는 투표소명 또는 읍면동이 공개된 경우에만 별도 확인 필요,https://info.nec.go.kr/main/showDocument.xhtml?electionId=0020260603&topMenuId=VC&secondMenuId=VCCP08
충청남도,서산시,광역의원,5440501,서산시제1선거구,1,유해중,8969,김옥수,8530,439,0,0,0,우선검토,부족 투표소가 해당 선거구에 속하는지는 투표소명 또는 읍면동이 공개된 경우에만 별도 확인 필요,https://info.nec.go.kr/main/showDocument.xhtml?electionId=0020260603&topMenuId=VC&secondMenuId=VCCP08
충청남도,서산시,광역의원,5440502,서산시제2선거구,1,장승재,18048,이용국,14239,3809,0,0,0,참고,부족 투표소가 해당 선거구에 속하는지는 투표소명 또는 읍면동이 공개된 경우에만 별도 확인 필요,https://info.nec.go.kr/main/showDocument.xhtml?electionId=0020260603&topMenuId=VC&secondMenuId=VCCP08
충청남도,서산시,광역의원,5440503,서산시제3선거구,1,김영수,17831,이연희,17493,338,0,0,0,우선검토,부족 투표소가 해당 선거구에 속하는지는 투표소명 또는 읍면동이 공개된 경우에만 별도 확인 필요,https://info.nec.go.kr/main/showDocument.xhtml?electionId=0020260603&topMenuId=VC&secondMenuId=VCCP08
충청남도,서산시,기초의원,6440501,서산시가선거구,2,송치윤,2487,안효돈,2457,30,0,0,0,우선검토,부족 투표소가 해당 선거구에 속하는지는 투표소명 또는 읍면동이 공개된 경우에만 별도 확인 필요,https://info.nec.go.kr/main/showDocument.xhtml?electionId=0020260603&topMenuId=VC&secondMenuId=VCCP08
충청남도,서산시,기초의원,6440502,서산시나선거구,2,기양순,2001,최동묵,1954,47,0,0,0,우선검토,부족 투표소가 해당 선거구에 속하는지는 투표소명 또는 읍면동이 공개된 경우에만 별도 확인 필요,https://info.nec.go.kr/main/showDocument.xhtml?electionId=0020260603&topMenuId=VC&secondMenuId=VCCP08
충청남도,서산시,기초의원,6440503,서산시다선거구,2,이정수,5832,김용경,3050,2782,0,0,0,참고,부족 투표소가 해당 선거구에 속하는지는 투표소명 또는 읍면동이 공개된 경우에만 별도 확인 필요,https://info.nec.go.kr/main/showDocument.xhtml?electionId=0020260603&topMenuId=VC&secondMenuId=VCCP08
충청남도,서산시,기초의원,6440504,서산시라선거구,2,안원기,6017,조병완,2374,3643,0,0,0,참고,부족 투표소가 해당 선거구에 속하는지는 투표소명 또는 읍면동이 공개된 경우에만 별도 확인 필요,https://info.nec.go.kr/main/showDocument.xhtml?electionId=0020260603&topMenuId=VC&secondMenuId=VCCP08
충청남도,서산시,기초의원,6440505,서산시마선거구,2,이국찬,5280,정구현,1962,3318,0,0,0,참고,부족 투표소가 해당 선거구에 속하는지는 투표소명 또는 읍면동이 공개된 경우에만 별도 확인 필요,https://info.nec.go.kr/main/showDocument.xhtml?electionId=0020260603&topMenuId=VC&secondMenuId=VCCP08
충청남도,서산시,기초의원,6440506,서산시바선거구,2,이경화,8614,최형식,2580,6034,0,0,0,참고,부족 투표소가 해당 선거구에 속하는지는 투표소명 또는 읍면동이 공개된 경우에만 별도 확인 필요,https://info.nec.go.kr/main/showDocument.xhtml?electionId=0020260603&topMenuId=VC&secondMenuId=VCCP08
충청남도,서천군,광역의원,5441201,서천군제1선거구,1,김아진,7304,노희충,5702,1602,0,0,0,검토,부족 투표소가 해당 선거구에 속하는지는 투표소명 또는 읍면동이 공개된 경우에만 별도 확인 필요,https://info.nec.go.kr/main/showDocument.xhtml?electionId=0020260603&topMenuId=VC&secondMenuId=VCCP08
충청남도,서천군,광역의원,5441202,서천군제2선거구,1,조동준,8206,나주하,7257,949,0,0,0,검토,부족 투표소가 해당 선거구에 속하는지는 투표소명 또는 읍면동이 공개된 경우에만 별도 확인 필요,https://info.nec.go.kr/main/showDocument.xhtml?electionId=0020260603&topMenuId=VC&secondMenuId=VCCP08
충청남도,서천군,기초의원,6441201,서천군가선거구,3,박노찬,2898,김원섭,1698,1200,0,0,0,검토,부족 투표소가 해당 선거구에 속하는지는 투표소명 또는 읍면동이 공개된 경우에만 별도 확인 필요,https://info.nec.go.kr/main/showDocument.xhtml?electionId=0020260603&topMenuId=VC&secondMenuId=VCCP08
충청남도,서천군,기초의원,6441202,서천군나선거구,3,강신두,3162,이강선,3103,59,0,0,0,우선검토,부족 투표소가 해당 선거구에 속하는지는 투표소명 또는 읍면동이 공개된 경우에만 별도 확인 필요,https://info.nec.go.kr/main/showDocument.xhtml?electionId=0020260603&topMenuId=VC&secondMenuId=VCCP08
충청남도,아산시,광역의원,5440401,아산시제1선거구,1,김영권,11130,박정식,9625,1505,0,0,0,검토,부족 투표소가 해당 선거구에 속하는지는 투표소명 또는 읍면동이 공개된 경우에만 별도 확인 필요,https://info.nec.go.kr/main/showDocument.xhtml?electionId=0020260603&topMenuId=VC&secondMenuId=VCCP08
충청남도,아산시,광역의원,5440402,아산시제2선거구,1,황재만,14731,김응규,11942,2789,0,0,0,참고,부족 투표소가 해당 선거구에 속하는지는 투표소명 또는 읍면동이 공개된 경우에만 별도 확인 필요,https://info.nec.go.kr/main/showDocument.xhtml?electionId=0020260603&topMenuId=VC&secondMenuId=VCCP08
충청남도,아산시,광역의원,5440403,아산시제3선거구,1,김윤섭,12881,이의상,8875,4006,0,0,0,참고,부족 투표소가 해당 선거구에 속하는지는 투표소명 또는 읍면동이 공개된 경우에만 별도 확인 필요,https://info.nec.go.kr/main/showDocument.xhtml?electionId=0020260603&topMenuId=VC&secondMenuId=VCCP08
충청남도,아산시,광역의원,5440404,아산시제4선거구,1,조철기,20977,손도신,10256,10721,0,0,0,참고,부족 투표소가 해당 선거구에 속하는지는 투표소명 또는 읍면동이 공개된 경우에만 별도 확인 필요,https://info.nec.go.kr/main/showDocument.xhtml?electionId=0020260603&topMenuId=VC&secondMenuId=VCCP08
충청남도,아산시,광역의원,5440405,아산시제5선거구,1,이지윤,20686,김기창,11851,8835,0,0,0,참고,부족 투표소가 해당 선거구에 속하는지는 투표소명 또는 읍면동이 공개된 경우에만 별도 확인 필요,https://info.nec.go.kr/main/showDocument.xhtml?electionId=0020260603&topMenuId=VC&secondMenuId=VCCP08
충청남도,아산시,광역의원,5440406,아산시제6선거구,1,김희영,14656,현인배,12497,2159,0,0,0,참고,부족 투표소가 해당 선거구에 속하는지는 투표소명 또는 읍면동이 공개된 경우에만 별도 확인 필요,https://info.nec.go.kr/main/showDocument.xhtml?electionId=0020260603&topMenuId=VC&secondMenuId=VCCP08
충청남도,아산시,기초의원,6440401,아산시가선거구,2,이기애,7335,신미진,2654,4681,0,0,0,참고,부족 투표소가 해당 선거구에 속하는지는 투표소명 또는 읍면동이 공개된 경우에만 별도 확인 필요,https://info.nec.go.kr/main/showDocument.xhtml?electionId=0020260603&topMenuId=VC&secondMenuId=VCCP08
충청남도,아산시,기초의원,6440402,아산시나선거구,3,유수영,6098,박효진,4529,1569,0,0,0,검토,부족 투표소가 해당 선거구에 속하는지는 투표소명 또는 읍면동이 공개된 경우에만 별도 확인 필요,https://info.nec.go.kr/main/showDocument.xhtml?electionId=0020260603&topMenuId=VC&secondMenuId=VCCP08
충청남도,아산시,기초의원,6440404,아산시라선거구,3,위민경,5637,김남기,4415,1222,0,0,0,검토,부족 투표소가 해당 선거구에 속하는지는 투표소명 또는 읍면동이 공개된 경우에만 별도 확인 필요,https://info.nec.go.kr/main/showDocument.xhtml?electionId=0020260603&topMenuId=VC&secondMenuId=VCCP08
충청남도,아산시,기초의원,6440405,아산시마선거구,3,이춘호,4424,최민수,2443,1981,0,0,0,검토,부족 투표소가 해당 선거구에 속하는지는 투표소명 또는 읍면동이 공개된 경우에만 별도 확인 필요,https://info.nec.go.kr/main/showDocument.xhtml?electionId=0020260603&topMenuId=VC&secondMenuId=VCCP08
충청남도,아산시,기초의원,6440406,아산시바선거구,2,홍순철,10711,윤예숙,2162,8549,0,0,0,참고,부족 투표소가 해당 선거구에 속하는지는 투표소명 또는 읍면동이 공개된 경우에만 별도 확인 필요,https://info.nec.go.kr/main/showDocument.xhtml?electionId=0020260603&topMenuId=VC&secondMenuId=VCCP08
충청남도,예산군,광역의원,5441501,예산군제1선거구,1,최광선,8321,이용도,6419,1902,0,0,0,검토,부족 투표소가 해당 선거구에 속하는지는 투표소명 또는 읍면동이 공개된 경우에만 별도 확인 필요,https://info.nec.go.kr/main/showDocument.xhtml?electionId=0020260603&topMenuId=VC&secondMenuId=VCCP08
충청남도,예산군,광역의원,5441502,예산군제2선거구,1,전달수,13106,김영춘,9702,3404,0,0,0,참고,부족 투표소가 해당 선거구에 속하는지는 투표소명 또는 읍면동이 공개된 경우에만 별도 확인 필요,https://info.nec.go.kr/main/showDocument.xhtml?electionId=0020260603&topMenuId=VC&secondMenuId=VCCP08
충청남도,예산군,기초의원,6441501,예산군가선거구,3,이길원,2597,김태금,2551,46,0,0,0,우선검토,부족 투표소가 해당 선거구에 속하는지는 투표소명 또는 읍면동이 공개된 경우에만 별도 확인 필요,https://info.nec.go.kr/main/showDocument.xhtml?electionId=0020260603&topMenuId=VC&secondMenuId=VCCP08
충청남도,예산군,기초의원,6441502,예산군나선거구,2,이정호,2000,이상우,1337,663,0,0,0,검토,부족 투표소가 해당 선거구에 속하는지는 투표소명 또는 읍면동이 공개된 경우에만 별도 확인 필요,https://info.nec.go.kr/main/showDocument.xhtml?electionId=0020260603&topMenuId=VC&secondMenuId=VCCP08
충청남도,예산군,기초의원,6441503,예산군다선거구,2,장순관,5009,임종용,2508,2501,0,0,0,참고,부족 투표소가 해당 선거구에 속하는지는 투표소명 또는 읍면동이 공개된 경우에만 별도 확인 필요,https://info.nec.go.kr/main/showDocument.xhtml?electionId=0020260603&topMenuId=VC&secondMenuId=VCCP08
충청남도,예산군,기초의원,6441504,예산군라선거구,2,임애민,2509,장동진,1137,1372,0,0,0,검토,부족 투표소가 해당 선거구에 속하는지는 투표소명 또는 읍면동이 공개된 경우에만 별도 확인 필요,https://info.nec.go.kr/main/showDocument.xhtml?electionId=0020260603&topMenuId=VC&secondMenuId=VCCP08
충청남도,천안시동남구,광역의원,5441801,천안시제1선거구,1,홍성현,14891,김수옥,11802,3089,0,0,0,참고,부족 투표소가 해당 선거구에 속하는지는 투표소명 또는 읍면동이 공개된 경우에만 별도 확인 필요,https://info.nec.go.kr/main/showDocument.xhtml?electionId=0020260603&topMenuId=VC&secondMenuId=VCCP08
충청남도,천안시동남구,광역의원,5441802,천안시제2선거구,1,이병하,16037,신한철,15544,493,0,0,0,우선검토,부족 투표소가 해당 선거구에 속하는지는 투표소명 또는 읍면동이 공개된 경우에만 별도 확인 필요,https://info.nec.go.kr/main/showDocument.xhtml?electionId=0020260603&topMenuId=VC&secondMenuId=VCCP08
충청남도,천안시동남구,광역의원,5441803,천안시제3선거구,1,정병기,13409,이재현,12722,687,0,0,0,검토,부족 투표소가 해당 선거구에 속하는지는 투표소명 또는 읍면동이 공개된 경우에만 별도 확인 필요,https://info.nec.go.kr/main/showDocument.xhtml?electionId=0020260603&topMenuId=VC&secondMenuId=VCCP08
충청남도,천안시동남구,광역의원,5441804,천안시제9선거구,1,지정근,14569,박정수,10965,3604,0,0,0,참고,부족 투표소가 해당 선거구에 속하는지는 투표소명 또는 읍면동이 공개된 경우에만 별도 확인 필요,https://info.nec.go.kr/main/showDocument.xhtml?electionId=0020260603&topMenuId=VC&secondMenuId=VCCP08
충청남도,천안시동남구,광역의원,5441805,천안시제10선거구,1,정근수,16046,노희준,11229,4817,0,0,0,참고,부족 투표소가 해당 선거구에 속하는지는 투표소명 또는 읍면동이 공개된 경우에만 별도 확인 필요,https://info.nec.go.kr/main/showDocument.xhtml?electionId=0020260603&topMenuId=VC&secondMenuId=VCCP08
충청남도,천안시동남구,기초의원,6441803,천안시다선거구,3,정선희,3458,김강진,2871,587,0,0,0,검토,부족 투표소가 해당 선거구에 속하는지는 투표소명 또는 읍면동이 공개된 경우에만 별도 확인 필요,https://info.nec.go.kr/main/showDocument.xhtml?electionId=0020260603&topMenuId=VC&secondMenuId=VCCP08
충청남도,천안시동남구,기초의원,6441805,천안시차선거구,2,김재구,10409,강환봉,3397,7012,0,0,0,참고,부족 투표소가 해당 선거구에 속하는지는 투표소명 또는 읍면동이 공개된 경우에만 별도 확인 필요,https://info.nec.go.kr/main/showDocument.xhtml?electionId=0020260603&topMenuId=VC&secondMenuId=VCCP08
충청남도,천안시서북구,광역의원,5441701,천안시제4선거구,1,구형서,20145,김은주,10586,9559,0,0,0,참고,부족 투표소가 해당 선거구에 속하는지는 투표소명 또는 읍면동이 공개된 경우에만 별도 확인 필요,https://info.nec.go.kr/main/showDocument.xhtml?electionId=0020260603&topMenuId=VC&secondMenuId=VCCP08
충청남도,천안시서북구,광역의원,5441702,천안시제5선거구,1,김재호,16465,유성재,15466,999,0,0,0,검토,부족 투표소가 해당 선거구에 속하는지는 투표소명 또는 읍면동이 공개된 경우에만 별도 확인 필요,https://info.nec.go.kr/main/showDocument.xhtml?electionId=0020260603&topMenuId=VC&secondMenuId=VCCP08
충청남도,천안시서북구,광역의원,5441703,천안시제6선거구,1,김선홍,14725,이상구,9615,5110,0,0,0,참고,부족 투표소가 해당 선거구에 속하는지는 투표소명 또는 읍면동이 공개된 경우에만 별도 확인 필요,https://info.nec.go.kr/main/showDocument.xhtml?electionId=0020260603&topMenuId=VC&secondMenuId=VCCP08
충청남도,천안시서북구,광역의원,5441704,천안시제7선거구,1,진성범,15450,김영경,9229,6221,0,0,0,참고,부족 투표소가 해당 선거구에 속하는지는 투표소명 또는 읍면동이 공개된 경우에만 별도 확인 필요,https://info.nec.go.kr/main/showDocument.xhtml?electionId=0020260603&topMenuId=VC&secondMenuId=VCCP08
충청남도,천안시서북구,광역의원,5441705,천안시제8선거구,1,정병인,11484,강문식,6368,5116,0,0,0,참고,부족 투표소가 해당 선거구에 속하는지는 투표소명 또는 읍면동이 공개된 경우에만 별도 확인 필요,https://info.nec.go.kr/main/showDocument.xhtml?electionId=0020260603&topMenuId=VC&secondMenuId=VCCP08
충청남도,천안시서북구,광역의원,5441706,천안시제11선거구,1,김은나,16384,이현숙,13570,2814,0,0,0,참고,부족 투표소가 해당 선거구에 속하는지는 투표소명 또는 읍면동이 공개된 경우에만 별도 확인 필요,https://info.nec.go.kr/main/showDocument.xhtml?electionId=0020260603&topMenuId=VC&secondMenuId=VCCP08
충청남도,천안시서북구,기초의원,6441701,천안시라선거구,3,장혁,4485,최혜선,4394,91,0,0,0,우선검토,부족 투표소가 해당 선거구에 속하는지는 투표소명 또는 읍면동이 공개된 경우에만 별도 확인 필요,https://info.nec.go.kr/main/showDocument.xhtml?electionId=0020260603&topMenuId=VC&secondMenuId=VCCP08
충청남도,천안시서북구,기초의원,6441702,천안시마선거구,3,엄기환,4406,육종영,3854,552,0,0,0,검토,부족 투표소가 해당 선거구에 속하는지는 투표소명 또는 읍면동이 공개된 경우에만 별도 확인 필요,https://info.nec.go.kr/main/showDocument.xhtml?electionId=0020260603&topMenuId=VC&secondMenuId=VCCP08
충청남도,천안시서북구,기초의원,6441703,천안시바선거구,3,고락희,6696,이지원,5248,1448,0,0,0,검토,부족 투표소가 해당 선거구에 속하는지는 투표소명 또는 읍면동이 공개된 경우에만 별도 확인 필요,https://info.nec.go.kr/main/showDocument.xhtml?electionId=0020260603&topMenuId=VC&secondMenuId=VCCP08
충청남도,천안시서북구,기초의원,6441704,천안시사선거구,2,황경수,8371,배성민,5154,3217,0,0,0,참고,부족 투표소가 해당 선거구에 속하는지는 투표소명 또는 읍면동이 공개된 경우에만 별도 확인 필요,https://info.nec.go.kr/main/showDocument.xhtml?electionId=0020260603&topMenuId=VC&secondMenuId=VCCP08
충청남도,천안시서북구,기초의원,6441705,천안시아선거구,2,이한솔,6376,조은석,4964,1412,0,0,0,검토,부족 투표소가 해당 선거구에 속하는지는 투표소명 또는 읍면동이 공개된 경우에만 별도 확인 필요,https://info.nec.go.kr/main/showDocument.xhtml?electionId=0020260603&topMenuId=VC&secondMenuId=VCCP08
충청남도,천안시서북구,기초의원,6441706,천안시카선거구,2,김민호,12156,김길자,4737,7419,0,0,0,참고,부족 투표소가 해당 선거구에 속하는지는 투표소명 또는 읍면동이 공개된 경우에만 별도 확인 필요,https://info.nec.go.kr/main/showDocument.xhtml?electionId=0020260603&topMenuId=VC&secondMenuId=VCCP08
충청남도,청양군,광역의원,5441401,청양군선거구,1,심우성,10399,김기준,9790,609,0,0,0,검토,부족 투표소가 해당 선거구에 속하는지는 투표소명 또는 읍면동이 공개된 경우에만 별도 확인 필요,https://info.nec.go.kr/main/showDocument.xhtml?electionId=0020260603&topMenuId=VC&secondMenuId=VCCP08
충청남도,청양군,기초의원,6441401,청양군가선거구,4,이봉규,1833,정혜선,1684,149,0,0,0,우선검토,부족 투표소가 해당 선거구에 속하는지는 투표소명 또는 읍면동이 공개된 경우에만 별도 확인 필요,https://info.nec.go.kr/main/showDocument.xhtml?electionId=0020260603&topMenuId=VC&secondMenuId=VCCP08
충청남도,청양군,기초의원,6441402,청양군나선거구,2,윤일묵,1403,이장우,1309,94,0,0,0,우선검토,부족 투표소가 해당 선거구에 속하는지는 투표소명 또는 읍면동이 공개된 경우에만 별도 확인 필요,https://info.nec.go.kr/main/showDocument.xhtml?electionId=0020260603&topMenuId=VC&secondMenuId=VCCP08
충청남도,태안군,광역의원,5440601,태안군제1선거구,1,최경환,10094,홍성준,8975,1119,0,0,0,검토,부족 투표소가 해당 선거구에 속하는지는 투표소명 또는 읍면동이 공개된 경우에만 별도 확인 필요,https://info.nec.go.kr/main/showDocument.xhtml?electionId=0020260603&topMenuId=VC&secondMenuId=VCCP08
충청남도,태안군,광역의원,5440602,태안군제2선거구,1,강종국,8074,정광섭,8044,30,0,0,0,우선검토,부족 투표소가 해당 선거구에 속하는지는 투표소명 또는 읍면동이 공개된 경우에만 별도 확인 필요,https://info.nec.go.kr/main/showDocument.xhtml?electionId=0020260603&topMenuId=VC&secondMenuId=VCCP08
충청남도,태안군,기초의원,6440601,태안군가선거구,3,홍상금,3280,전재옥,3227,53,0,0,0,우선검토,부족 투표소가 해당 선거구에 속하는지는 투표소명 또는 읍면동이 공개된 경우에만 별도 확인 필요,https://info.nec.go.kr/main/showDocument.xhtml?electionId=0020260603&topMenuId=VC&secondMenuId=VCCP08
충청남도,태안군,기초의원,6440602,태안군나선거구,3,오동원,2159,박용성,2073,86,0,0,0,우선검토,부족 투표소가 해당 선거구에 속하는지는 투표소명 또는 읍면동이 공개된 경우에만 별도 확인 필요,https://info.nec.go.kr/main/showDocument.xhtml?electionId=0020260603&topMenuId=VC&secondMenuId=VCCP08
충청남도,홍성군,광역의원,5441301,홍성군제1선거구,1,이상근,19072,문정균,17398,1674,0,0,0,검토,부족 투표소가 해당 선거구에 속하는지는 투표소명 또는 읍면동이 공개된 경우에만 별도 확인 필요,https://info.nec.go.kr/main/showDocument.xhtml?electionId=0020260603&topMenuId=VC&secondMenuId=VCCP08
충청남도,홍성군,광역의원,5441302,홍성군제2선거구,1,장재석,10450,박현주,6760,3690,0,0,0,참고,부족 투표소가 해당 선거구에 속하는지는 투표소명 또는 읍면동이 공개된 경우에만 별도 확인 필요,https://info.nec.go.kr/main/showDocument.xhtml?electionId=0020260603&topMenuId=VC&secondMenuId=VCCP08
충청남도,홍성군,기초의원,6441301,홍성군가선거구,3,김은미,3439,최선경,3072,367,0,0,0,우선검토,부족 투표소가 해당 선거구에 속하는지는 투표소명 또는 읍면동이 공개된 경우에만 별도 확인 필요,https://info.nec.go.kr/main/showDocument.xhtml?electionId=0020260603&topMenuId=VC&secondMenuId=VCCP08
충청남도,홍성군,기초의원,6441302,홍성군나선거구,2,김호진,5874,김관태,3266,2608,0,0,0,참고,부족 투표소가 해당 선거구에 속하는지는 투표소명 또는 읍면동이 공개된 경우에만 별도 확인 필요,https://info.nec.go.kr/main/showDocument.xhtml?electionId=0020260603&topMenuId=VC&secondMenuId=VCCP08
충청남도,홍성군,기초의원,6441303,홍성군다선거구,2,신동규,3802,조현희,1583,2219,0,0,0,참고,부족 투표소가 해당 선거구에 속하는지는 투표소명 또는 읍면동이 공개된 경우에만 별도 확인 필요,https://info.nec.go.kr/main/showDocument.xhtml?electionId=0020260603&topMenuId=VC&secondMenuId=VCCP08
충청남도,홍성군,기초의원,6441304,홍성군라선거구,2,이정희,2702,김덕배,1995,707,0,0,0,검토,부족 투표소가 해당 선거구에 속하는지는 투표소명 또는 읍면동이 공개된 경우에만 별도 확인 필요,https://info.nec.go.kr/main/showDocument.xhtml?electionId=0020260603&topMenuId=VC&secondMenuId=VCCP08
충청북도,괴산군,광역의원,5431201,괴산군선거구,1,이태훈,14106,이완철,10994,3112,0,0,0,참고,부족 투표소가 해당 선거구에 속하는지는 투표소명 또는 읍면동이 공개된 경우에만 별도 확인 필요,https://info.nec.go.kr/main/showDocument.xhtml?electionId=0020260603&topMenuId=VC&secondMenuId=VCCP08
충청북도,괴산군,기초의원,6431201,괴산군가선거구,3,이형배,2311,김영희,1852,459,0,0,0,우선검토,부족 투표소가 해당 선거구에 속하는지는 투표소명 또는 읍면동이 공개된 경우에만 별도 확인 필요,https://info.nec.go.kr/main/showDocument.xhtml?electionId=0020260603&topMenuId=VC&secondMenuId=VCCP08
충청북도,괴산군,기초의원,6431202,괴산군나선거구,2,박천웅,1998,송영순,1274,724,0,0,0,검토,부족 투표소가 해당 선거구에 속하는지는 투표소명 또는 읍면동이 공개된 경우에만 별도 확인 필요,https://info.nec.go.kr/main/showDocument.xhtml?electionId=0020260603&topMenuId=VC&secondMenuId=VCCP08
충청북도,괴산군,기초의원,6431203,괴산군다선거구,2,김종화,2128,신송규,1687,441,0,0,0,우선검토,부족 투표소가 해당 선거구에 속하는지는 투표소명 또는 읍면동이 공개된 경우에만 별도 확인 필요,https://info.nec.go.kr/main/showDocument.xhtml?electionId=0020260603&topMenuId=VC&secondMenuId=VCCP08
충청북도,단양군,광역의원,5430501,단양군선거구,1,조성룡,10675,정상례,6430,4245,0,0,0,참고,부족 투표소가 해당 선거구에 속하는지는 투표소명 또는 읍면동이 공개된 경우에만 별도 확인 필요,https://info.nec.go.kr/main/showDocument.xhtml?electionId=0020260603&topMenuId=VC&secondMenuId=VCCP08
충청북도,단양군,기초의원,6430501,단양군가선거구,3,김영길,1545,지영준,1086,459,0,0,0,우선검토,부족 투표소가 해당 선거구에 속하는지는 투표소명 또는 읍면동이 공개된 경우에만 별도 확인 필요,https://info.nec.go.kr/main/showDocument.xhtml?electionId=0020260603&topMenuId=VC&secondMenuId=VCCP08
충청북도,단양군,기초의원,6430502,단양군나선거구,3,김진수,1504,최순철,1059,445,0,0,0,우선검토,부족 투표소가 해당 선거구에 속하는지는 투표소명 또는 읍면동이 공개된 경우에만 별도 확인 필요,https://info.nec.go.kr/main/showDocument.xhtml?electionId=0020260603&topMenuId=VC&secondMenuId=VCCP08
충청북도,보은군,광역의원,5430801,보은군선거구,1,최부림,10949,김도화,9866,1083,0,0,0,검토,부족 투표소가 해당 선거구에 속하는지는 투표소명 또는 읍면동이 공개된 경우에만 별도 확인 필요,https://info.nec.go.kr/main/showDocument.xhtml?electionId=0020260603&topMenuId=VC&secondMenuId=VCCP08
충청북도,보은군,기초의원,6430801,보은군가선거구,3,이재익,2218,이은영,1789,429,0,0,0,우선검토,부족 투표소가 해당 선거구에 속하는지는 투표소명 또는 읍면동이 공개된 경우에만 별도 확인 필요,https://info.nec.go.kr/main/showDocument.xhtml?electionId=0020260603&topMenuId=VC&secondMenuId=VCCP08
충청북도,보은군,기초의원,6430802,보은군나선거구,2,성제홍,1804,김창식,1133,671,0,0,0,검토,부족 투표소가 해당 선거구에 속하는지는 투표소명 또는 읍면동이 공개된 경우에만 별도 확인 필요,https://info.nec.go.kr/main/showDocument.xhtml?electionId=0020260603&topMenuId=VC&secondMenuId=VCCP08
충청북도,보은군,기초의원,6430803,보은군다선거구,2,박헌주,1312,윤석영,993,319,0,0,0,우선검토,부족 투표소가 해당 선거구에 속하는지는 투표소명 또는 읍면동이 공개된 경우에만 별도 확인 필요,https://info.nec.go.kr/main/showDocument.xhtml?electionId=0020260603&topMenuId=VC&secondMenuId=VCCP08
충청북도,영동군,광역의원,5430701,영동군선거구,1,신현광,15259,이두환,11840,3419,0,0,0,참고,부족 투표소가 해당 선거구에 속하는지는 투표소명 또는 읍면동이 공개된 경우에만 별도 확인 필요,https://info.nec.go.kr/main/showDocument.xhtml?electionId=0020260603&topMenuId=VC&secondMenuId=VCCP08
충청북도,영동군,기초의원,6430701,영동군가선거구,3,황승연,3155,정일택,1351,1804,0,0,0,검토,부족 투표소가 해당 선거구에 속하는지는 투표소명 또는 읍면동이 공개된 경우에만 별도 확인 필요,https://info.nec.go.kr/main/showDocument.xhtml?electionId=0020260603&topMenuId=VC&secondMenuId=VCCP08
충청북도,영동군,기초의원,6430702,영동군나선거구,2,안정훈,2592,이승주,1124,1468,0,0,0,검토,부족 투표소가 해당 선거구에 속하는지는 투표소명 또는 읍면동이 공개된 경우에만 별도 확인 필요,https://info.nec.go.kr/main/showDocument.xhtml?electionId=0020260603&topMenuId=VC&secondMenuId=VCCP08
충청북도,영동군,기초의원,6430703,영동군다선거구,2,박용성,2084,손석구,2044,40,0,0,0,우선검토,부족 투표소가 해당 선거구에 속하는지는 투표소명 또는 읍면동이 공개된 경우에만 별도 확인 필요,https://info.nec.go.kr/main/showDocument.xhtml?electionId=0020260603&topMenuId=VC&secondMenuId=VCCP08
충청북도,옥천군,광역의원,5430901,옥천군제1선거구,1,박형용,8605,박용규,7334,1271,0,0,0,검토,부족 투표소가 해당 선거구에 속하는지는 투표소명 또는 읍면동이 공개된 경우에만 별도 확인 필요,https://info.nec.go.kr/main/showDocument.xhtml?electionId=0020260603&topMenuId=VC&secondMenuId=VCCP08
충청북도,옥천군,광역의원,5430902,옥천군제2선거구,1,김외식,7614,유재목,7343,271,0,0,0,우선검토,부족 투표소가 해당 선거구에 속하는지는 투표소명 또는 읍면동이 공개된 경우에만 별도 확인 필요,https://info.nec.go.kr/main/showDocument.xhtml?electionId=0020260603&topMenuId=VC&secondMenuId=VCCP08
충청북도,옥천군,기초의원,6430901,옥천군가선거구,3,안효익,2959,박영웅,1806,1153,0,0,0,검토,부족 투표소가 해당 선거구에 속하는지는 투표소명 또는 읍면동이 공개된 경우에만 별도 확인 필요,https://info.nec.go.kr/main/showDocument.xhtml?electionId=0020260603&topMenuId=VC&secondMenuId=VCCP08
충청북도,옥천군,기초의원,6430902,옥천군나선거구,4,최은식,2281,박정옥,1895,386,0,0,0,우선검토,부족 투표소가 해당 선거구에 속하는지는 투표소명 또는 읍면동이 공개된 경우에만 별도 확인 필요,https://info.nec.go.kr/main/showDocument.xhtml?electionId=0020260603&topMenuId=VC&secondMenuId=VCCP08
충청북도,음성군,광역의원,5431001,음성군제1선거구,1,곽상선,9419,안해성,9253,166,0,0,0,우선검토,부족 투표소가 해당 선거구에 속하는지는 투표소명 또는 읍면동이 공개된 경우에만 별도 확인 필요,https://info.nec.go.kr/main/showDocument.xhtml?electionId=0020260603&topMenuId=VC&secondMenuId=VCCP08
충청북도,음성군,광역의원,5431002,음성군제2선거구,1,김기창,15175,노금식,14391,784,0,0,0,검토,부족 투표소가 해당 선거구에 속하는지는 투표소명 또는 읍면동이 공개된 경우에만 별도 확인 필요,https://info.nec.go.kr/main/showDocument.xhtml?electionId=0020260603&topMenuId=VC&secondMenuId=VCCP08
충청북도,음성군,기초의원,6431001,음성군가선거구,3,장용식,4102,서형석,2785,1317,0,0,0,검토,부족 투표소가 해당 선거구에 속하는지는 투표소명 또는 읍면동이 공개된 경우에만 별도 확인 필요,https://info.nec.go.kr/main/showDocument.xhtml?electionId=0020260603&topMenuId=VC&secondMenuId=VCCP08
충청북도,음성군,기초의원,6431002,음성군나선거구,2,강영훈,5599,송병림,4067,1532,0,0,0,검토,부족 투표소가 해당 선거구에 속하는지는 투표소명 또는 읍면동이 공개된 경우에만 별도 확인 필요,https://info.nec.go.kr/main/showDocument.xhtml?electionId=0020260603&topMenuId=VC&secondMenuId=VCCP08
충청북도,음성군,기초의원,6431003,음성군다선거구,2,서대석,4693,허재영,3119,1574,0,0,0,검토,부족 투표소가 해당 선거구에 속하는지는 투표소명 또는 읍면동이 공개된 경우에만 별도 확인 필요,https://info.nec.go.kr/main/showDocument.xhtml?electionId=0020260603&topMenuId=VC&secondMenuId=VCCP08
충청북도,제천시,광역의원,5430401,제천시제1선거구,1,김꽃임,12441,김홍철,11605,836,0,0,0,검토,부족 투표소가 해당 선거구에 속하는지는 투표소명 또는 읍면동이 공개된 경우에만 별도 확인 필요,https://info.nec.go.kr/main/showDocument.xhtml?electionId=0020260603&topMenuId=VC&secondMenuId=VCCP08
충청북도,제천시,광역의원,5430402,제천시제2선거구,1,양순경,13954,이정임,12678,1276,0,0,0,검토,부족 투표소가 해당 선거구에 속하는지는 투표소명 또는 읍면동이 공개된 경우에만 별도 확인 필요,https://info.nec.go.kr/main/showDocument.xhtml?electionId=0020260603&topMenuId=VC&secondMenuId=VCCP08
충청북도,제천시,광역의원,5430403,제천시제3선거구,1,권오규,10215,김호경,10130,85,0,0,0,우선검토,부족 투표소가 해당 선거구에 속하는지는 투표소명 또는 읍면동이 공개된 경우에만 별도 확인 필요,https://info.nec.go.kr/main/showDocument.xhtml?electionId=0020260603&topMenuId=VC&secondMenuId=VCCP08
충청북도,제천시,기초의원,6430401,제천시가선거구,2,안병기,3561,함동완,1314,2247,0,0,0,참고,부족 투표소가 해당 선거구에 속하는지는 투표소명 또는 읍면동이 공개된 경우에만 별도 확인 필요,https://info.nec.go.kr/main/showDocument.xhtml?electionId=0020260603&topMenuId=VC&secondMenuId=VCCP08
충청북도,제천시,기초의원,6430402,제천시나선거구,2,김진환,3495,이정수,2934,561,0,0,0,검토,부족 투표소가 해당 선거구에 속하는지는 투표소명 또는 읍면동이 공개된 경우에만 별도 확인 필요,https://info.nec.go.kr/main/showDocument.xhtml?electionId=0020260603&topMenuId=VC&secondMenuId=VCCP08
충청북도,제천시,기초의원,6430403,제천시다선거구,2,김영중,5542,원승희,3487,2055,0,0,0,참고,부족 투표소가 해당 선거구에 속하는지는 투표소명 또는 읍면동이 공개된 경우에만 별도 확인 필요,https://info.nec.go.kr/main/showDocument.xhtml?electionId=0020260603&topMenuId=VC&secondMenuId=VCCP08
충청북도,제천시,기초의원,6430404,제천시라선거구,2,박헌영,3004,김태호,2891,113,0,0,0,우선검토,부족 투표소가 해당 선거구에 속하는지는 투표소명 또는 읍면동이 공개된 경우에만 별도 확인 필요,https://info.nec.go.kr/main/showDocument.xhtml?electionId=0020260603&topMenuId=VC&secondMenuId=VCCP08
충청북도,제천시,기초의원,6430405,제천시마선거구,2,배동만,2230,문교영,2133,97,0,0,0,우선검토,부족 투표소가 해당 선거구에 속하는지는 투표소명 또는 읍면동이 공개된 경우에만 별도 확인 필요,https://info.nec.go.kr/main/showDocument.xhtml?electionId=0020260603&topMenuId=VC&secondMenuId=VCCP08
충청북도,제천시,기초의원,6430406,제천시바선거구,2,김정문,3904,김대호,2229,1675,0,0,0,검토,부족 투표소가 해당 선거구에 속하는지는 투표소명 또는 읍면동이 공개된 경우에만 별도 확인 필요,https://info.nec.go.kr/main/showDocument.xhtml?electionId=0020260603&topMenuId=VC&secondMenuId=VCCP08
충청북도,증평군,광역의원,5431301,증평군선거구,1,박병천,10273,이동령,8292,1981,0,0,0,검토,부족 투표소가 해당 선거구에 속하는지는 투표소명 또는 읍면동이 공개된 경우에만 별도 확인 필요,https://info.nec.go.kr/main/showDocument.xhtml?electionId=0020260603&topMenuId=VC&secondMenuId=VCCP08
충청북도,증평군,기초의원,6431301,증평군가선거구,2,조윤성,2384,윤해명,1344,1040,0,0,0,검토,부족 투표소가 해당 선거구에 속하는지는 투표소명 또는 읍면동이 공개된 경우에만 별도 확인 필요,https://info.nec.go.kr/main/showDocument.xhtml?electionId=0020260603&topMenuId=VC&secondMenuId=VCCP08
충청북도,증평군,기초의원,6431302,증평군나선거구,2,민광준,1807,홍종숙,1160,647,0,0,0,검토,부족 투표소가 해당 선거구에 속하는지는 투표소명 또는 읍면동이 공개된 경우에만 별도 확인 필요,https://info.nec.go.kr/main/showDocument.xhtml?electionId=0020260603&topMenuId=VC&secondMenuId=VCCP08
충청북도,증평군,기초의원,6431303,증평군다선거구,2,이창규,2490,현종진,911,1579,0,0,0,검토,부족 투표소가 해당 선거구에 속하는지는 투표소명 또는 읍면동이 공개된 경우에만 별도 확인 필요,https://info.nec.go.kr/main/showDocument.xhtml?electionId=0020260603&topMenuId=VC&secondMenuId=VCCP08
충청북도,진천군,광역의원,5431101,진천군제1선거구,1,이재명,9004,안치영,8707,297,0,0,0,우선검토,부족 투표소가 해당 선거구에 속하는지는 투표소명 또는 읍면동이 공개된 경우에만 별도 확인 필요,https://info.nec.go.kr/main/showDocument.xhtml?electionId=0020260603&topMenuId=VC&secondMenuId=VCCP08
충청북도,진천군,광역의원,5431102,진천군제2선거구,1,김성우,14309,성한경,8336,5973,0,0,0,참고,부족 투표소가 해당 선거구에 속하는지는 투표소명 또는 읍면동이 공개된 경우에만 별도 확인 필요,https://info.nec.go.kr/main/showDocument.xhtml?electionId=0020260603&topMenuId=VC&secondMenuId=VCCP08
충청북도,진천군,기초의원,6431101,진천군가선거구,3,임정구,3520,홍승의,1459,2061,0,0,0,참고,부족 투표소가 해당 선거구에 속하는지는 투표소명 또는 읍면동이 공개된 경우에만 별도 확인 필요,https://info.nec.go.kr/main/showDocument.xhtml?electionId=0020260603&topMenuId=VC&secondMenuId=VCCP08
충청북도,진천군,기초의원,6431102,진천군나선거구,4,신갑수,3635,이강선,2171,1464,0,0,0,검토,부족 투표소가 해당 선거구에 속하는지는 투표소명 또는 읍면동이 공개된 경우에만 별도 확인 필요,https://info.nec.go.kr/main/showDocument.xhtml?electionId=0020260603&topMenuId=VC&secondMenuId=VCCP08
충청북도,청주시상당구,광역의원,5430101,청주시제1선거구,1,송미애,18170,이동우,14674,3496,0,0,0,참고,부족 투표소가 해당 선거구에 속하는지는 투표소명 또는 읍면동이 공개된 경우에만 별도 확인 필요,https://info.nec.go.kr/main/showDocument.xhtml?electionId=0020260603&topMenuId=VC&secondMenuId=VCCP08
충청북도,청주시상당구,광역의원,5430102,청주시제2선거구,1,이숙애,16570,최정훈,15324,1246,0,0,0,검토,부족 투표소가 해당 선거구에 속하는지는 투표소명 또는 읍면동이 공개된 경우에만 별도 확인 필요,https://info.nec.go.kr/main/showDocument.xhtml?electionId=0020260603&topMenuId=VC&secondMenuId=VCCP08
충청북도,청주시상당구,광역의원,5430103,청주시제3선거구,1,최충진,17810,이성용,12859,4951,0,0,0,참고,부족 투표소가 해당 선거구에 속하는지는 투표소명 또는 읍면동이 공개된 경우에만 별도 확인 필요,https://info.nec.go.kr/main/showDocument.xhtml?electionId=0020260603&topMenuId=VC&secondMenuId=VCCP08
충청북도,청주시상당구,기초의원,6430101,청주시가선거구,3,남일현,7346,김정일,4678,2668,0,0,0,참고,부족 투표소가 해당 선거구에 속하는지는 투표소명 또는 읍면동이 공개된 경우에만 별도 확인 필요,https://info.nec.go.kr/main/showDocument.xhtml?electionId=0020260603&topMenuId=VC&secondMenuId=VCCP08
충청북도,청주시상당구,기초의원,6430102,청주시나선거구,3,이재숙,7313,박봉규,4406,2907,0,0,0,참고,부족 투표소가 해당 선거구에 속하는지는 투표소명 또는 읍면동이 공개된 경우에만 별도 확인 필요,https://info.nec.go.kr/main/showDocument.xhtml?electionId=0020260603&topMenuId=VC&secondMenuId=VCCP08
충청북도,청주시상당구,기초의원,6430103,청주시다선거구,3,안광수,5958,김미자,2363,3595,0,0,0,참고,부족 투표소가 해당 선거구에 속하는지는 투표소명 또는 읍면동이 공개된 경우에만 별도 확인 필요,https://info.nec.go.kr/main/showDocument.xhtml?electionId=0020260603&topMenuId=VC&secondMenuId=VCCP08
충청북도,청주시서원구,광역의원,5431401,청주시제4선거구,1,오창근,18350,안성현,14284,4066,0,0,0,참고,부족 투표소가 해당 선거구에 속하는지는 투표소명 또는 읍면동이 공개된 경우에만 별도 확인 필요,https://info.nec.go.kr/main/showDocument.xhtml?electionId=0020260603&topMenuId=VC&secondMenuId=VCCP08
충청북도,청주시서원구,광역의원,5431402,청주시제5선거구,1,이정태,16943,채수민,15198,1745,0,0,0,검토,부족 투표소가 해당 선거구에 속하는지는 투표소명 또는 읍면동이 공개된 경우에만 별도 확인 필요,https://info.nec.go.kr/main/showDocument.xhtml?electionId=0020260603&topMenuId=VC&secondMenuId=VCCP08
충청북도,청주시서원구,광역의원,5431403,청주시제6선거구,1,김영근,16227,박재주,12885,3342,0,0,0,참고,부족 투표소가 해당 선거구에 속하는지는 투표소명 또는 읍면동이 공개된 경우에만 별도 확인 필요,https://info.nec.go.kr/main/showDocument.xhtml?electionId=0020260603&topMenuId=VC&secondMenuId=VCCP08
충청북도,청주시서원구,기초의원,6431402,청주시마선거구,3,김진석,6992,김태순,4057,2935,0,0,0,참고,부족 투표소가 해당 선거구에 속하는지는 투표소명 또는 읍면동이 공개된 경우에만 별도 확인 필요,https://info.nec.go.kr/main/showDocument.xhtml?electionId=0020260603&topMenuId=VC&secondMenuId=VCCP08
충청북도,청주시서원구,기초의원,6431403,청주시바선거구,3,최영중,5728,박대용,4449,1279,0,0,0,검토,부족 투표소가 해당 선거구에 속하는지는 투표소명 또는 읍면동이 공개된 경우에만 별도 확인 필요,https://info.nec.go.kr/main/showDocument.xhtml?electionId=0020260603&topMenuId=VC&secondMenuId=VCCP08
충청북도,청주시청원구,광역의원,5430601,청주시제11선거구,1,최재호,10735,이재림,8497,2238,0,0,0,참고,부족 투표소가 해당 선거구에 속하는지는 투표소명 또는 읍면동이 공개된 경우에만 별도 확인 필요,https://info.nec.go.kr/main/showDocument.xhtml?electionId=0020260603&topMenuId=VC&secondMenuId=VCCP08
충청북도,청주시청원구,광역의원,5430602,청주시제12선거구,1,정재우,18827,최진현,10416,8411,0,0,0,참고,부족 투표소가 해당 선거구에 속하는지는 투표소명 또는 읍면동이 공개된 경우에만 별도 확인 필요,https://info.nec.go.kr/main/showDocument.xhtml?electionId=0020260603&topMenuId=VC&secondMenuId=VCCP08
충청북도,청주시청원구,광역의원,5430603,청주시제13선거구,1,황영호,8167,신민정,7072,1095,0,0,0,검토,부족 투표소가 해당 선거구에 속하는지는 투표소명 또는 읍면동이 공개된 경우에만 별도 확인 필요,https://info.nec.go.kr/main/showDocument.xhtml?electionId=0020260603&topMenuId=VC&secondMenuId=VCCP08
충청북도,청주시청원구,광역의원,5430604,청주시제14선거구,1,임동현,12970,노명숙,9354,3616,0,0,0,참고,부족 투표소가 해당 선거구에 속하는지는 투표소명 또는 읍면동이 공개된 경우에만 별도 확인 필요,https://info.nec.go.kr/main/showDocument.xhtml?electionId=0020260603&topMenuId=VC&secondMenuId=VCCP08
충청북도,청주시청원구,기초의원,6430602,청주시타선거구,3,송병호,5427,이예숙,4407,1020,0,0,0,검토,부족 투표소가 해당 선거구에 속하는지는 투표소명 또는 읍면동이 공개된 경우에만 별도 확인 필요,https://info.nec.go.kr/main/showDocument.xhtml?electionId=0020260603&topMenuId=VC&secondMenuId=VCCP08
충청북도,청주시청원구,기초의원,6430603,청주시파선거구,2,한용진,6352,최혜림,1059,5293,0,0,0,참고,부족 투표소가 해당 선거구에 속하는지는 투표소명 또는 읍면동이 공개된 경우에만 별도 확인 필요,https://info.nec.go.kr/main/showDocument.xhtml?electionId=0020260603&topMenuId=VC&secondMenuId=VCCP08
충청북도,청주시청원구,기초의원,6430604,청주시하선거구,2,이한국,9218,안기원,890,8328,0,0,0,참고,부족 투표소가 해당 선거구에 속하는지는 투표소명 또는 읍면동이 공개된 경우에만 별도 확인 필요,https://info.nec.go.kr/main/showDocument.xhtml?electionId=0020260603&topMenuId=VC&secondMenuId=VCCP08
충청북도,청주시흥덕구,기초의원,6430201,청주시사선거구,4,최동식,5997,김병년,5633,364,0,0,0,우선검토,부족 투표소가 해당 선거구에 속하는지는 투표소명 또는 읍면동이 공개된 경우에만 별도 확인 필요,https://info.nec.go.kr/main/showDocument.xhtml?electionId=0020260603&topMenuId=VC&secondMenuId=VCCP08
충청북도,청주시흥덕구,기초의원,6430202,청주시아선거구,3,허선,5222,이우균,4852,370,0,0,0,우선검토,부족 투표소가 해당 선거구에 속하는지는 투표소명 또는 읍면동이 공개된 경우에만 별도 확인 필요,https://info.nec.go.kr/main/showDocument.xhtml?electionId=0020260603&topMenuId=VC&secondMenuId=VCCP08
충청북도,청주시흥덕구,기초의원,6430203,청주시자선거구,3,노순옥,4122,유광욱,3517,605,0,0,0,검토,부족 투표소가 해당 선거구에 속하는지는 투표소명 또는 읍면동이 공개된 경우에만 별도 확인 필요,https://info.nec.go.kr/main/showDocument.xhtml?electionId=0020260603&topMenuId=VC&secondMenuId=VCCP08
충청북도,청주시흥덕구,기초의원,6430204,청주시차선거구,3,김은숙,5879,민춘기,3329,2550,0,0,0,참고,부족 투표소가 해당 선거구에 속하는지는 투표소명 또는 읍면동이 공개된 경우에만 별도 확인 필요,https://info.nec.go.kr/main/showDocument.xhtml?electionId=0020260603&topMenuId=VC&secondMenuId=VCCP08
충청북도,충주시,광역의원,5430301,충주시제1선거구,1,조성태,12410,강진권,10874,1536,0,0,0,검토,부족 투표소가 해당 선거구에 속하는지는 투표소명 또는 읍면동이 공개된 경우에만 별도 확인 필요,https://info.nec.go.kr/main/showDocument.xhtml?electionId=0020260603&topMenuId=VC&secondMenuId=VCCP08
충청북도,충주시,광역의원,5430302,충주시제2선거구,1,심기보,11255,이정범,10830,425,0,0,0,우선검토,부족 투표소가 해당 선거구에 속하는지는 투표소명 또는 읍면동이 공개된 경우에만 별도 확인 필요,https://info.nec.go.kr/main/showDocument.xhtml?electionId=0020260603&topMenuId=VC&secondMenuId=VCCP08
충청북도,충주시,광역의원,5430303,충주시제3선거구,1,조중근,16009,이종갑,15296,713,0,0,0,검토,부족 투표소가 해당 선거구에 속하는지는 투표소명 또는 읍면동이 공개된 경우에만 별도 확인 필요,https://info.nec.go.kr/main/showDocument.xhtml?electionId=0020260603&topMenuId=VC&secondMenuId=VCCP08
충청북도,충주시,광역의원,5430304,충주시제4선거구,1,김종필,15360,서동학,13644,1716,0,0,0,검토,부족 투표소가 해당 선거구에 속하는지는 투표소명 또는 읍면동이 공개된 경우에만 별도 확인 필요,https://info.nec.go.kr/main/showDocument.xhtml?electionId=0020260603&topMenuId=VC&secondMenuId=VCCP08
충청북도,충주시,기초의원,6430301,충주시가선거구,2,홍성억,3591,이종억,1531,2060,0,0,0,참고,부족 투표소가 해당 선거구에 속하는지는 투표소명 또는 읍면동이 공개된 경우에만 별도 확인 필요,https://info.nec.go.kr/main/showDocument.xhtml?electionId=0020260603&topMenuId=VC&secondMenuId=VCCP08
충청북도,충주시,기초의원,6430302,충주시나선거구,2,이두원,4907,박배균,1010,3897,0,0,0,참고,부족 투표소가 해당 선거구에 속하는지는 투표소명 또는 읍면동이 공개된 경우에만 별도 확인 필요,https://info.nec.go.kr/main/showDocument.xhtml?electionId=0020260603&topMenuId=VC&secondMenuId=VCCP08
충청북도,충주시,기초의원,6430303,충주시다선거구,3,권정희,4172,이옥순,3373,799,0,0,0,검토,부족 투표소가 해당 선거구에 속하는지는 투표소명 또는 읍면동이 공개된 경우에만 별도 확인 필요,https://info.nec.go.kr/main/showDocument.xhtml?electionId=0020260603&topMenuId=VC&secondMenuId=VCCP08
충청북도,충주시,기초의원,6430304,충주시라선거구,4,장준기,3790,민병윤,2739,1051,0,0,0,검토,부족 투표소가 해당 선거구에 속하는지는 투표소명 또는 읍면동이 공개된 경우에만 별도 확인 필요,https://info.nec.go.kr/main/showDocument.xhtml?electionId=0020260603&topMenuId=VC&secondMenuId=VCCP08
충청북도,충주시,기초의원,6430305,충주시마선거구,2,손상현,3109,강명철,1592,1517,0,0,0,검토,부족 투표소가 해당 선거구에 속하는지는 투표소명 또는 읍면동이 공개된 경우에만 별도 확인 필요,https://info.nec.go.kr/main/showDocument.xhtml?electionId=0020260603&topMenuId=VC&secondMenuId=VCCP08
충청북도,충주시,기초의원,6430306,충주시바선거구,2,김원일,3404,정석훈,1982,1422,0,0,0,검토,부족 투표소가 해당 선거구에 속하는지는 투표소명 또는 읍면동이 공개된 경우에만 별도 확인 필요,https://info.nec.go.kr/main/showDocument.xhtml?electionId=0020260603&topMenuId=VC&secondMenuId=VCCP08
충청북도,충주시,기초의원,6430307,충주시사선거구,2,김자운,2822,이회수,2339,483,0,0,0,우선검토,부족 투표소가 해당 선거구에 속하는지는 투표소명 또는 읍면동이 공개된 경우에만 별도 확인 필요,https://info.nec.go.kr/main/showDocument.xhtml?electionId=0020260603&topMenuId=VC&secondMenuId=VCCP08
